,Resumen,lang,pred_scibert_idx,pred_scibert,retry_flag,pred_zeroshot,raw_response,inference_time
0,Self stabilization effects were experimentally observed in the first period of operation of the ATF device. This effect is reproduced by the nonlinear calculations.,en,9,cs.SY,False,cs.SY,cs.SY,22.904
1,The current work on stellarators being carried out in fusion research laboratories around the world is summarized. The theoretical aspects of the stellarator research are emphasized.,en,7,cs.NA,False,cs.NA,"[from_thinking] really unsure here because the abstract is about physics research without mentioning CS topics. Maybe it's a trick question where none fit, but I have to choose one. Perhaps the best guess is cs.NA if",10.295
2,"We prove that a graph is 4-colorable if and only if it can be drawn with vertices in the integer lattice, using as edges only line segments not containing a third point of the lattice.",en,4,cs.DS,False,cs.DS,cs.DS,11.504
3,"Trapped electron modes in stellarators can be more unstable than those in tokamaks. They could be easier to detect in a stellarator and may be responsible for anomalous losses in the low collisionality regime. 5 refs., 1 fig.",en,7,cs.NA,False,cs.NA,cs.NA,14.478
4,"This paper contains viewgraphs on the existence of currents in ATF Torsatron. Current sources like bootstrap, Pfirsch-Schluter, beam driven and flux conserving are investigated and suggestions on minimization are given. (LSP)",en,9,cs.SY,False,cs.SY,cs.SY,12.717
5,"In this paper, the performance of two classical algorithms (simulated annealing and a discrete artificial bee colony) are compared on the redistricting problem, using a real example in Mexico and highlighting the superiority of the latter.",en,0,cs.AI,False,cs.DS,cs.DS,6.491
6,"In this work we have estimated the mass of NGC 5278 by fitting its rotation curve with a disk-halo component. We test three different types of halo (pseudoisothermal, Hernquist and Navarro Frenk White) and we obtain that the rotation curve was well fitted in all cases.",en,7,cs.NA,False,cs.NA,cs.NA,11.768
7,"The smoothness of functions f in the space Lp(R) with 1<p<∞ is studied through the local convergence of the continuous wavelet transform of f. Additionally, we study the smoothness of functions in Lp(R) by means of the local convergence of the semi-discrete wavelet transform.",en,7,cs.NA,False,cs.NA,cs.NA,12.605
8,"In this work, we employ a TREE-Code to study the collision of two spiral galaxies when they approach each other in a parabolic orbit. During a collision, we follow the evolution of the angular momentum (AM) of the different components of the galaxies, ie, disk, bulge and halo.",en,7,cs.NA,False,cs.NA,cs.NA,8.936
9,"The smoothness of functions f in the space Lp (R) with 1< p<∞ is studied through the local convergence of the continuous wavelet transform of f. Additionally, we study the smoothness of functions in Lp (R) by means of the local convergence of the semi-discrete wavelet transform.",en,7,cs.NA,False,cs.NA,cs.NA,12.918
10,"We present a low cost signal amplifier for ElectroOculoGram registers (EOG) signals coming from eye movement. The prototyping equipment was built in a common impressed circuit (single card), composed by following blocks: a) instrumentation amplifier, b) low-pass filter (cutoff frequency 50",en,9,cs.SY,False,cs.SY,cs.SY,9.125
11,This report discusses the following: relation to larger effort. slab geometry; linear dissipative trapped electron modes (DTEM); motivation; local analysis; radially resolved calculations; ion dynamics; electron dynamics and dispersion relation; linear model for DTEM; nonlinear model for DTEM; and nonlinear results,en,7,cs.NA,False,cs.NA,cs.NA,9.637
12,This paper deals with a feedback control strategy for chaos suppression. The proposed strategy is an input-output control scheme which comprises an uncertainty estimator and an asymptotic linearizing feedback. The developed control scheme allows chaos suppression in spite of modeling errors and parametric variations.,en,9,cs.SY,False,cs.SY,cs.SY,8.947
13,"The present invention relates to a composition for modulat ing tumor cell dissemination, in particular metastatic cancer cells. In particular, the invention relates to an agent for modulating metastatic tumor cell dissemination for use in the treatment and/or prevention of a metastatic cancer (Continued) Nov. 27, 2012",en,7,cs.NA,False,cs.NA,cs.NA,12.252
14,"This paper presents the combined LIPN-UAM participation in the WASSA 2017 Shared Task on Emotion Intensity. In particular, the paper provides some highlights on the Tweetaneuse system that was presented to the shared task. We combined lexicon-based features with sentence-level vector representations to implement a random forest regressor.",en,0,cs.AI,False,cs.CL,cs.CL,8.268
15,"Inventory data of Mexico City's street trees were studied using classical statistical arboricultural and ecological statistical approaches. Multivariate techniques were applied to both. Results did not differ substantially and were complementary. It was possible to reduce inventory data and to group species, boroughs, blocks, and variables.",en,7,cs.NA,False,cs.NA,"[from_thinking] sis? Because they're applying multivariate techniques which could be seen as numerical methods.

Wait, but I'm not sure. The abstract isn't about developing new algorithms or computational methods; it",10.073
16,Let S be a closed surface with Euler genus γ (S). A quadrangulation G of a closed surface S is irreducible if it does not have any contractible face. Nakamoto and Ota gave a linear upper bound for the number n of vertices of G in terms of γ (S). By extending Nakamoto and Ota’s method we improve their bound to n≤ 159.5 γ (S)− 46 for any closed surface S.,en,7,cs.NA,False,cs.DS,cs.DS,8.462
17,"We give a characterization of intercalate matrices as an algebraic variety over a finite field. We also prove Yuzvinsky’s conjecture on the minimum number of colors in an intercalate matrix for matrices with 5 or less rows. Finally, we obtain a set of 37 cases which, if established, would verify Yuzvinsky’s conjecture as true for matrices up to order 32× 32.",en,2,cs.CR,False,cs.NA,cs.NA,14.826
18,"In this chapter we present a flexible and configurable application for mining large XML document collections. This work is centered on the process of extracting document features related to structure and content. From this process, an attribute frequency matrix is generated and, depending on the cluster algorithm, it is transformed and/or used to obtain similarity measures.",en,4,cs.DS,False,cs.DS,cs.DS,14.604
19,"We introduce an integer linear programming formulation for the Traveling Repairman Problem with unit time windows, which produces approximate solutions within a factor of 4 to the optimal solution. We analyze empirically the required time to solve this formulation using a state-of-the-art MIP solver. Finally, we discuss an extension to our approach to windows of arbitrary length.",en,4,cs.DS,False,cs.DS,cs.DS,11.064
20,Low-aspect-ratio stellarator configurations can be realized by using torsatron windings. Plasmas with aspect ratios in the range of 3.5 to 5 can be confined by these low-aspect-ratio torsatron configurations. Stable operation at high beta should be possible in these devices if a vertical field coil system is adequately designed to avoid breaking of the magnetic surfaces at finite beta.,en,9,cs.SY,False,cs.NA,cs.NA,13.705
21,"Initial operation of ATF showed narrow pressure profiles and second stability behavior at lower beta than expected and revealed uncompensated dipoles in the HF winding leads that have since been corrected. Energy confinement times obtained with neutral beam injection and electron cyclotron heating roughly follow the LHD scaling. However, a plasma collapse is observed with NBI 6 refs., 9 figs.",en,9,cs.SY,False,cs.NA,cs.NA,12.159
22,"In this paper we present an ant algorithm, which is a multi-agent system based on the parallel search idea for the robust coloring problem, which is a generalization of the graph coloring problem. We introduce a new possible application. We show the results obtained and the average rigidity of colorings improves the last known rigidity of colorings obtained with a simulated annealing algorithm.",en,4,cs.DS,False,cs.DS,cs.DS,8.915
23,This work presents a methodology for XML mining centered on the process of extracting document features related to structure and content. This information is used to obtain similarity measures and to cluster XML documents. A conceptual framework is proposed to design an application with the primary goal of implementing a modular and easily configurable tool for mining large XML document collections.,en,0,cs.AI,False,cs.DS,cs.DS,9.185
24,"Low-aspect-ratio stellarator configurations can be realized by using torsatron winding. Plasmas with aspect ratios in the range of 3.5 to 5 can be confined by these Compact Torsatron configurations. Stable operation at high BETA should be possible in these devices, if a vertical field coil system is adequately designed to avoid breaking of the magnetic surfaces at finite BETA. 17 refs., 21 figs., 1 tab.",en,9,cs.SY,False,cs.NA,cs.NA,9.193
25,"The performance of many mathematical and computational tasks highly depends on the implementation of polynomial arithmetic. Motivated by improving the efficiency of the computation of boolean Gröbner bases, we present a cache-aware representation of sparse boolean polynomials. We also present extremely high-performance implementations of the polynomial operations required in classical Gröbner basis algorithms.",en,4,cs.DS,False,cs.DS,cs.DS,11.979
26,"The perception of color by individuals, and their repercussions at sensory and psychological levels, are indisputable; the colors are capable of provoking or changing moods and this is well known by architects, decorators, publicists, designers and other creators who, according to the unique attributes of each color, manage to impact the viewers or users, creating feelings and environments, dressing products, etc",en,2,cs.CR,False,cs.CV,cs.CV,6.901
27,"We present ΛCDM N-body cosmological simulations in the framework of of a static general scalar-tensor theory of gravity. Due to the influence of the non-minimally coupled scalar field, the gravitational potential is modified by a Yukawa type term, yielding a new structure formation dynamics. We present some preliminary results and, in particular, we compute the density and velocity profiles of the most massive group.",en,7,cs.NA,False,cs.NA,"None of the provided categories apply as this is a physics topic.

But since I have to choose from the given options, perhaps none fit, but maybe closest would be cs.NA (Numerical Analysis) if they're discussing computational methods for simulations. However, the abstract doesn't specify any numerical techniques or algorithms used in the simulation, so it's unclear.

Alternatively, maybe cs.CV or cs.CV isn't relevant either. Since I have to pick one, perhaps cs.NA is the closest, but I'm not certain.

Wait, looking back at the rules: respond with ONLY the category code if applicable. If none apply, perhaps it's better to say 'None' but since that's not an option, maybe the intended answer is cs.CV? No, that doesn't make sense.

Alternatively, perhaps the simulation aspect could relate to data structures or algorithms (cs.DS), but again, no specific mention of those.

I think none of the categories fit, but I have to choose one. Maybe cs.NA?

But I'm not confident. Alternatively, maybe it's intended to be outside CS, so perhaps the correct response is 'None', but since that's not an option, perhaps the best guess is cs.CV? No, that doesn't make sense.

Wait, perhaps the simulations are numerical and thus fall under cs.NA. So I'll go with cs.NA.
</think>

cs.NA",16.015
28,"The 2D discrete shearlet transform for a given function f in L 2 (ℝ 2) has been defined through dilation, shear and translation parameters in such a way that the continuity of f at (0, 0) can be studied by means of the convergence of the discrete shearlet transform as the dilation parameter converges to zero. Computer experiments illustrate this property by detecting edges in images that correspond to discontinuities.",en,7,cs.NA,False,cs.CV,cs.CV,8.745
29,"In this paper behavior during the teaching–learning process is modeled by means of a fuzzy cognitive map. The elements used to model such behavior are part of a generic didactic model, which emphasizes the use of cognitive and operative strategies as part of the student–tutor interaction. Examples of possible initial scenarios for the teaching–learning process are developed, along with the results provided by the model.",en,0,cs.AI,False,cs.AI,cs.AI,8.506
30,"In this paper we describe how evolutionary computation can be used to automatically design artificial neural networks (ANNs) and associative memories (AMs). In the case of ANNs, Particle Swarm Optimization (PSO), Differential Evolution (DE), and Artificial Bee Colony (ABC) algorithms are used, while Genetic Programming is adopted for AMs. The derived ANNs and AMs are tested with several examples of well-known databases.",en,0,cs.AI,False,cs.LG,cs.LG,7.051
31,"The configuration flexibility provided to the TJ-II Heliac by the helical hard core permits a significant change in the stability properties of the plasma. In this numerical analysis of full three-dimensional equilibria it is found that, by exploiting the flexibility of the machine, the stability beta limit given by the Mercier criterion can be varied almost continuously over values of average beta from zero to more than 6%.",en,7,cs.NA,False,cs.NA,cs.NA,8.471
32,"A hybrid algorithm which combines mathematical programming techniques (Kruskal's algorithm and the strategy of maintaining arc consistency to solve constraint satisfaction problem"" CSP"") and heuristic methods (musical composition method and DSATUR) to resolve the robust graph coloring problem (RGCP) is proposed in this paper. Experimental result shows that this algorithm is better than the other algorithms presented on the literature.",en,4,cs.DS,False,cs.DS,cs.DS,10.822
33,"The definition of Industrial Design as we know it today arises in 1919 together with the Bauhaus, this research shows a historical analysis of the way in which various definitions and conceptions of the discipline are developed as such, in it we seek to clarify the concept from the historical point of view, going through the current definition and making an approach to its projection by entering into topics of artificial intelligence.",en,0,cs.AI,False,cs.AI,cs.AI,6.784
34,"The mixed postman problem consists of finding a minimum cost tour of a connected mixed graph traversing all its vertices, edges, and arcs at least once. We prove in two different ways that the linear programming relaxations of two well-known integer programming formulations of this problem are equivalent. We also give some properties of the extreme points of the polyhedra defined by one of these relaxations and its linear programming dual.",en,4,cs.DS,False,cs.DS,cs.DS,8.816
35,"this work consists of the analysis of the student's thinking model integrated into an Intelligent Tutor System (ITS), taking into account the elements of the style of thinking (way of thinking)(motivation and locus of control) linked to the learning style and emotional states of student. Also, ad hoc exercises developed each style of thinking, making the ITS more empathetic to the student, supporting them to facilitate their learning process",en,0,cs.AI,False,cs.AI,cs.AI,11.831
36,"ADVANCES IN THE THEORY OF ION-TEMPERATURE-GRADIENT-DRIVEN TURBULENCE. The theory of ion-temperature-gradient-driven instabilities and turbulence has been extended to investigate the influence of higher radial eigenmodes, sheared toroidal rotation, flat density profiles, and low ion collisionality regimes. Predictions of the theory, which includes both analysis and numerical simulation, for present and future generation tokamaks are discussed.",en,7,cs.NA,False,cs.NA,cs.NA,9.17
37,"We review the parameterization of orthogonal wavelet based filters of length 4, 6, 8, and 10, and present their inverse formulas, which means to determine the parameter values from filter coefficients. Experimental results support the validity of these inverse formulas when parameters are restricted to for practical applications, such as image processing where parameters are optimized to maximize the number of negligible wavelet coefficients.",en,7,cs.NA,False,cs.CV,cs.CV,9.636
38,An implicit controller for the stabilization of molten steel levels in a vacuum-based continuous caster is proposed. The controller is synthesized from the feedback linearizing approach. The output error is designed to be asymptotically stable and the values of the control inputs are numerically determined using the Newton-Rapson iterative procedure. The dynamic performance of the closed-loop system is analyzed by means of numerical simulations.,en,9,cs.SY,False,cs.SY,cs.SY,7.679
39,In this paper we present the development and implementation of one module of the virtual tutor for Computer Engineering at the Universidad Autónoma Metropolitana in México City. This subsystem is actually in evaluation and its main purpose is help the students to select the subjects they can register in each quarter. This recomendation is based on the critical route of the curriculum and in the number of credits that the student desires to register.,en,0,cs.AI,False,cs.LG,cs.LG,11.884
40,"We study bar formation in galactic disks as a consequence of the collision of two spiral galaxies under the influence of a potential which is obtained from the Newtonian limit of a scalar–tensor theory of gravity. We found that dynamical effects depend on parameters (α, λ) of the theory. In particular, we observe that the bar is shorter for weaker tidal perturbations, which in turn corresponds to smaller values of λ used in our numerical experiments.",en,7,cs.NA,False,cs.NA,cs.NA,10.495
41,"The plowing with precedence problem is a variant of the windy postman problem, where a plow is required to clean streets after a heavy snowfall with traversing costs depending on the direction of traversal as well as whether a street has been previously plowed or not. We prove that this problem can be solved in polynomial time under natural cost structures. We also propose heuristics for this problem, which compare favorably with the state of the art.",en,4,cs.DS,False,cs.DS,cs.DS,9.711
42,"We present digital tables for the radiative terms that appear in the energy and momentum equations used to simulate the accretion onto supermassive black holes (SMBHs) in the centers of galaxies. Cooling and heating rates and radiative accelerations are calculated with two different Spectral Energy Distributions (SEDs). One SED is composed of an accretion disk+[X-ray]-power law, while the other is made of an accretion disk+[Corona]-bremsstrahlung with",en,7,cs.NA,False,cs.NA,cs.NA,10.85
43,"Given a strongly connected, mixed graph with costs on its edges and arcs, the mixed postman problem is to find a minimum cost closed walk traversing its edges and arcs at least once. This problem is NP-hard even on planar graphs but is solvable in polynomial time on series–parallel graphs. We give O (n m 2) dynamic programming algorithms for the mixed postman problem and other similar problems on series–parallel graphs with n vertices and m edges and arcs.",en,4,cs.DS,False,cs.DS,cs.DS,10.964
44,"The helical hard core in the four period TJ-II heliac permits access to a variety of magnetic configurations with very different magnetohydrodynamic properties. Here, a particular set of shearless configurations is presented with similar rotational transform at the magnetic axis, approximately equals 1.20, and slightly different values of the magnetic well that exhibit self-stabilization behavior to Mercier modes characteristic of a second stability regime.",en,7,cs.NA,False,cs.AI,"None of the provided categories (cs.AI, cs.CL, etc.) apply to this abstract as it discusses magnetic configurations and plasma physics, not computer science topics.

However, since I must choose one category from the list, none are appropriate. But according to the rules, I need to assign exactly one category. Since there's no relevant CS topic here, perhaps the closest might be cs.NA (Numerical Analysis) if simulations were involved, but it's not clear. Alternatively, maybe none of the categories fit.

But since I have to choose, perhaps cs.NA could be a stretch if numerical methods are used in the analysis, even though the abstract doesn't specify that.

cs.NA

Wait, no, the abstract is about magnetic configurations and self-stabilization in plasma, which isn't directly related to numerical analysis. So maybe none of the categories fit, but I have to choose one. Alternatively, perhaps cs.SY (Systems and Control) if it's about controlling the system, but that's a stretch.

Alternatively, since it's about stability and configurations, maybe cs.CV or cs.LG? No, those are for vision and learning.

I think none of the categories fit, but I have to choose one. Maybe cs.NA is the closest if numerical simulations were used, even though not mentioned.

But perhaps the correct answer is that none apply, but since I must pick one, maybe cs.NA.

Alternatively, perhaps it's better to say none, but according to instructions, I need to assign exactly one category.

Wait, looking back at examples, sometimes abstracts unrelated to CS are given a category. But in this case, the abstract is about plasma physics and stability,",15.84
45,"The equilibrium, Mercier stability, and neoclassical transport (in the 1/{nu} regime) properties of two {ell} = 2 torsatrons, the Advanced Toroidal Facility (ATF) and URAGAN-2M, are compared. ATF and URAGAN-2M have 12 and 4 field periods, respectively. The two torsatrons have similar arrays of coils. Dipole and quadrupole magnetic fields can be used to improve transport at zero beta, but increasing beta tends to undo the optimization. 18 refs., 19 figs., 2 tabs.",en,9,cs.SY,False,cs.NA,cs.NA,15.468
46,"With the arrival of technology and computers; in the early 90's, the investigation of interactive learn-ing through visualization began, using graphs. The case study refers to the visualization of abstract concepts. It is proposed the use of events of daily life, in order to develop a virtual micro-world. The latter will be part of the didactic elements that will part of an intelligent tutoring system. The domain focuses on the concepts of structured programming.",en,0,cs.AI,False,cs.AI,cs.AI,10.871
47,"We consider a variation of the classical Erdős–Szekeres problems on the existence and number of convex k-gons and k-holes (empty k-gons) in a set of n points in the plane. Allowing the k-gons to be non-convex, we show bounds and structural results on maximizing and minimizing their numbers. Most noteworthy, for any k and sufficiently large n, we give a quadratic lower bound for the number of k-holes, and show that this number is maximized by sets in convex position.",en,4,cs.DS,False,cs.DS,cs.DS,12.121
48,"A simple methodology to determine the extent of workable regions of disturbance variables, i.e., feed temperature, inlet flow rate, and feed concentration, for a certain chemical reactor with a SISO feedback linearizing controller under constraints on control input is presented. In these relatively wide regions, the feedback linearizing controller is able to stabilize reactor temperature at a set point with good performance despite constraints on the coolant temperature.",en,9,cs.SY,False,cs.SY,cs.SY,11.796
49,"We discuss a set of metrics, which aim to facilitate the formation of symbol groups from a pseudoergodic information source. An optimal codification can then be applied on the symbols (such as Huffman Codes by S. JR Pierce (1980)) for aero memory sources where it tends to the theoretical limit of compression limited by the entropy. These metrics can be used as a fitness measure of the individuals in the Vasconcelos genetic algorithm as an alternative to exhaustive search.",en,5,cs.IT,False,cs.IT,cs.IT,6.526
50,"In this note we present our most recent advances in the automatic design of artificial neural networks (ANNs) and associative memories (AMs) for pattern classification and pattern recall. Particle Swarm Optimization (PSO), Differential Evolution (DE), and Artificial Bee Colony (ABC) algorithms are used for ANNs; Genetic Programming is adopted for AMs. The derived ANNs and AMs are tested with several examples of well-known databases. As we will show, results are very promising.",en,0,cs.AI,False,cs.LG,cs.LG,9.155
51,"A reduced MHD fluid model for the unstable toroidicity-induced shear Alfvén eigenmode (TAE) is described. This consists of four coupled time evolution equations for the poloidal magnetic flux, toroidal component of vorticity, energetic particle density and parallel flow velocity, which are solved numerically using the three-dimensional initial value code FAR in toroidal geometry. The TAE mode is readily excited and exhibits similar scalings as have been predicted analytically.",en,7,cs.NA,False,cs.NA,cs.NA,11.171
52,"This project implements an affective-motivational structure tied to a teaching-learning process. The implementation is accomplished through the artificial intelligence technique known as fuzzy cognitive maps. The theories on which the structure is based are the emotional theory of the authors, Ortony, Clore, and Collins, better known as the OCC theory; and motivational theory. The project’s contribution is in the area of affective computing, a branch of artificial intelligence.",en,0,cs.AI,False,cs.AI,cs.AI,8.402
53,"The mixed postman problem consists of finding a minimum cost tour of a mixed graph traversing all its vertices, edges, and arcs at least once. We consider the variant of the mixed postman problem where all arcs must be traversed exactly once. We prove that the decision version of this problem is NP-complete. We give an integer programming formulation of this problem and we prove that one of its linear relaxations defines an integral polyhedron and can be solved in polynomial time.",en,4,cs.DS,False,cs.DS,cs.DS,10.804
54,"The Street sweeping problem (SSP) is a variation of the Windy postman problem (WPP) in which we must construct two tours traversing every edge, and each edge must be traversed once in each direction: one on the first tour and the opposite in the second tour. The computational complexity of this problem remains open. We present a (3/2 α + 1)-approximation algorithm for the SSP using an α-approximation algorithm for the WPP. We also present exact algorithms for some classes of graphs.",en,4,cs.DS,False,cs.DS,cs.DS,8.214
55,"The mixed postman problem consists of finding a minimum cost tour of a connected mixed graph traversing all its vertices, edges, and arcs at least once. We consider the variant of the mixed postman problem where all edges must be traversed exactly once. The feasibility version of this problem is NP-complete. We introduce an infinite class of necessary conditions for feasibility, which we conjecture are also sufficient. We prove that no finite subset of these conditions is sufficient.",en,4,cs.DS,False,cs.DS,cs.DS,8.386
56,"In this paper is discussed a simulation method developed by S. Asmussen called conjugate processes which is based on a version of Wald’s fundamental identity. With this method it is possible to simulate within finite time risk reserve processes with infinite time horizons. This allows us to construct Monte Carlo estimators for the ruin probability, which is one of the main problems in insurance risk theory. Some examples of the Poisson/Exponential and Poisson/Uniform cases are presented.",en,7,cs.NA,False,cs.NA,cs.NA,12.75
57,"In order to create a credible emotional agent, it needs to be designed with a behavior that corresponds to the emotional state. In this paper, an effective agent is described as an agent whose intervention is ad hoc to what is expected of it by the user; in order to be able to develop skills and abilities. As a result we propose basing the actions of the agent on an emotional structure linked to the teaching-learning process. Which it is assumed will maximize the effectiveness of the agent.",en,0,cs.AI,False,cs.AI,cs.AI,10.595
58,"This paper presents an original and efficient PSO algorithm, which is divided into three phases: (1) stabilization, (2) breadth‐first search, and (3) depth‐first search. The proposed algorithm, called PSO‐3P, was tested with 47 benchmark continuous unconstrained optimization problems, on a total of 82 instances. The numerical results show that the proposed algorithm is able to reach the global optimum. This work mainly focuses on unconstrained optimization problems from 2 to 1,000 variables.",en,7,cs.NA,False,cs.AI,cs.AI,7.177
59,"Four varieties were grown at 4 plant densities in six experiments at farm level and at the Raul Rene Valle Experimental Station in Olancho, Honduras. Acacias 4 gave average yields of 1.09 and 1.35 t/ha with populations of 240 000 and 400 000 plants/ha, respectively, whereas Danlí 46 had its highest yield (1.06 t/ha) with a population of 240 000 plants/ha. Cincuenteño and Zamorano gave yields of 0.86 and 0.93 t/ha with populations up to 200 000 plants/ha. Acacias 4 showed the best yield stability.",en,9,cs.SY,False,cs.NA,"None of the provided categories apply as the abstract is unrelated to Computer Science.

However, since I must choose one from the given list, perhaps cs.NA (Numerical Analysis) could be a stretch if considering data analysis in experiments, but it's still not a direct fit. Alternatively, maybe cs.DS for data structures used in managing agricultural data, but again, this is speculative and not precise.

Given that none of the categories are appropriate, I'll have to go with the closest possible or indicate no applicable category. Since I can't do the latter, I'll choose cs.NA as a default, though it's not accurate.

cs.NA",14.779
60,"We obtain results that establish sufficient conditions for simultaneous stabilization using interpolated controllers for plants with variable operating conditions, under nonlinear perturbations in their parameters. These results generalize previous results for interpolated controllers. Based on these results we present an application to tracking closed-loop control of a continuous stirred tank reactor, where a single exothermic reaction takes place. A comparison with simple PI controllers is made.",en,9,cs.SY,False,cs.SY,cs.SY,7.388
61,"In this work we describe a bio-inspired algorithm for Web service clustering, in particular we present an adaptation of the Ant Colony Optimization (ACO) algorithm which is applied over a collection of Web service descriptions. The adapted ACO uses input and output parameter definitions to calculate semantic similarity measures between all the different Web services. A set of experiments were carried out with promising results that show the benefits of the ACO algorithm for Web services clustering.",en,0,cs.AI,False,cs.LG,cs.LG,8.272
62,"In this account, a development of the concepts of Brouwer degree and Lefschetz-Hopf fixed point index is discussed in the light of work done mainly by A. Dold, H. Ulrich and the author. Generalizations to certain coincidence situations including the equivariant cases are presented, as well as how to deal with the infinite dimensional cases. In two appendices a proof of the Lefschetz-Hopf theorem for these indices is referred to, as well as a generalization of Dold’s fixed point transfer is sketched.",en,7,cs.NA,False,cs.NA,cs.NA,11.436
63,"For warm absorbers in AGNs, L∼ 1043− 46, nH∼ 10 (7− 9), ξ∼(1− 10), and r∼(1− 10) pc (Ramírez et al. 2008). Physically, this distance seems to be a plausible location for warm absorber outflows to take place given the timescale variability of the central source and the ionization parameter, as well as the role that radiation pressure might be playing in these objects. We might adapt our calculations to other extragalactic sources, eg ultra-luminous sources (ULXs; Pinto et al. 2019) in the near future.",en,7,cs.NA,False,cs.CV,"The abstract discusses astrophysical phenomena related to active galactic nuclei and warm absorbers, which falls under theoretical astrophysics rather than any category within Computer Science.

cs.CV",8.832
64,"A nonlinear mathematical model of a vacuum-based continuous casting process and an implicit nonlinear controller are developed. The aim of the controller is the regulation of the mold and tundish molten steel levels. In the proposed approach, the output error is designed to be asymptotically stable, and the current values of the control inputs are numerically determined using the Newton-Rapson iterative procedure. The dynamic performance of the closed-loop system is analyzed using computer simulations.",en,9,cs.SY,False,cs.SY,cs.SY,15.765
65,"In this work, the LV-control problem in binary distillation columns is addressed. With least prior knowledge, a linear reference model with unknown terms is obtained. The time variations of the unknown terms are estimated using two on-line trained perceptrons. These estimates are subsequently used to design a feedback linearizing-like controller. The closed-loop behavior is analyzed through numerical examples. The resulting controller shows robustness against external disturbances and set-point changes.",en,9,cs.SY,False,cs.SY,cs.SY,8.588
66,"The effects of energetic particles are of interest since fast ions are present in neutral-beam and rf-heated tokamaks and will occur in ignition devices in the form of alpha particles. Moreover, it may be desirable to create such particles by auxiliary heating in order to exploit their stabilizing properties and thus attain a high beta plasma. Here a range of issues related to the stabilization of MHD ballooning modes in tokamaks by using energetic particles is investigated analytically and numerically.",en,7,cs.NA,False,cs.NA,cs.NA,8.45
67,"This paper focuses on prediction and prevention of seismic risk through a system for decision making. Data Warehousing and OLAP operations are applied, together with, data mining tools like association rules, decision trees and clustering to predict aspects such as location, time of year and/or earthquake magnitude, among others. The results of the data mining and data warehouse application help to confirm uncertainty about problems behavior in decision making, related to the prevention of seismic hazards.",en,0,cs.AI,False,cs.LG,cs.LG,11.048
68,"An intercalate matrix of type is an matrix with entries in such that all entries in each row are distinct, all entries in each column are distinct, and all submatrices of have either or distinct entries. Yuzvinsky's Conjecture on intercalate matrices claims that the smallest for which there is an intercalate matrix of type is the Hopf-Stiefel function . In this paper we prove that Yuzvinsky's Conjecture is asimptotically true for of integer pairs . We prove the Conjecture for , and we study it in the range .",en,7,cs.NA,False,cs.NA,cs.NA,9.465
69,"A time delay coordinates (TDC) strategy to control a class of chaotic oscillators is studied. The class of chaotic systems includes both externally and parametrically excited systems, such as the Duffing and the Coulombic oscillators. By assuming that the exact model of the system is not known and that position is the only state available for measurements, the controller comprises a linearizing-like feedback and an uncertainty estimator. Simulations are provided to illustrate the performance of the controller.",en,9,cs.SY,False,cs.SY,cs.SY,10.87
70,"An Intelligent Tutoring System (ITS) emulates human tutors to determine what to teach, when to teach and how to teach the students in an autonomous manner. The technique of Artificial Intelligence Reasoning Based in Cases is proposed, to be included into Student Modeling, thus achieving an efficient representation by means of modeling that incorporates the different abilities and intelligences (multiple intelligences proposed by Gardner) that students require for their learning, in our case study, Basic Algebra.",en,0,cs.AI,False,cs.AI,cs.AI,8.085
71,Let S be a closed surface with Euler genus γ (S). An irreducible triangulation of S is a simple graph G without contractible edges embedded on S so that each face is a triangle and any two faces share at most one edge. Nakamoto and Ota were the first to give a linear upper bound for the number n of vertices of G in terms of γ (S). This bound was recently improved for orientable surfaces. By extending Nakamoto and Ota’s method we improve on these bounds by showing that n≤ 106.5 γ (S)− 33 for any closed surface S.,en,4,cs.DS,False,cs.DS,"[from_thinking] aph theory. However, this abstract isn't presenting an algorithm but a theoretical result about graphs on surfaces. So maybe none of the categories fit perfectly, but if I have to choose, perhaps cs.N",10.304
72,In this paper we present an exploration of association rules determine planting sites considering urban tree’s characteristics. In first step itemsets and rules are generated using the unsupervised algorithm Apriori. They are rapidly characterized in terms of tree planting sites. In a second step planting sites are fixed as target values to establish rules (a supervised version of the a priori algorithm). An original approach is also presented and validated for the prediction of the planting site of the species.,en,0,cs.AI,False,cs.LG,cs.LG,8.559
73,"In this paper we present an application of handling missing attribute values for some data about urban forest in Mexico City. The missing attribute values are about pollution tolerance of the trees, around 42% of our observations are incomplete. Classical methods are non applicable without introducing noise. Our proposal is to use successive steps of multiple correspondance analysis. The estimations values are validated with a clustering approach. The complete data can be used for a variety of future applications.",en,0,cs.AI,False,cs.LG,"[from_thinking] issing data in a dataset, which could be seen as an algorithmic approach.

Alternatively, if they're using machine learning techniques like clustering for validation, then cs.LG might be relevant. But",10.28
74,"In this paper, a linearization feedback adaptive control structure is described. This structure yields high quality regulation of the output error in the face of uncertainties and external disturbances. The overall control system consists of three elements-a nominal input-output linearization compensator, a state observer and an uncertainty estimator-which provides the adaptive part of the control structure. The performance of this control structure is demonstrated on a distillation column via numerical simulations.",en,9,cs.SY,False,cs.SY,cs.SY,6.923
75,"Let G and Ḡ be complementary graphs. Given a penalty function defined on the edges of Ḡ, we will say that the rigidity of a k-coloring of G is the sum of the penalties of the edges of Ḡ joining vertices of the same color. Based on the previous definition, the Robust Coloring Problem (RCP) is stated as the search of the minimum rigidity kcoloring. In this work a comparison of heuristics based on simulated annealing, GRASP and scatter search is presented. These are the best results for the RCP that have been obtained.",en,4,cs.DS,False,cs.DS,cs.DS,8.758
76,"This paper presents a method based on information retrieval to enrich corpus using bootstrapping techniques. A supervised corpus manually validated is provided, and then snippets are obtained from Web in order to increase the size of the initial corpus. Although this technique has already been reported in the literature, the main objective of this work is to apply it under the specific task of GEO/NO-GEO toponym disambiguation.The disambiguation procedure is evaluated by a classification model observing favorable results.",en,0,cs.AI,False,cs.CL,cs.CL,12.696
77,"Redistricting is the redrawing of the boundaries of legislative districts for electoral purposes in such a way that the generated districts fulfill federal and state requirements such as contiguity, population equality and compactness. In this paper we solve the problem by means of a single objective and a multiobjective simulated annealing algorithm. These algorithms were applied in two real examples in Mexico. The results show that the performance of the multiobjective approach is better, leading to higher quality zones.",en,4,cs.DS,False,cs.DS,cs.DS,8.657
78,"The soft graph colouring problem is a model that has been used to solve problems such as scheduling under uncertainty, assignment of frequencies in the radioelectric spectrum, and pattern recognition that in certain problems can deal with risky items susceptible of error I or error II. This problem is NP-hard and requires efficient metaheuristic algorithms in order to solve it. In this paper, a scatter search algorithm is proposed and developed. This algorithm gives the best solutions in the test instances used to this day.",en,4,cs.DS,False,cs.DS,cs.DS,11.127
79,"AbstractIn this paper a novel fuzzy convergence system (SC) and its fundamentals are presented. The model was implemented on a monoobjetive PSO algorithm with three phases: 1) Stabilization, 2) generation and breadthfirst search, and 3) generation and depth-first. The system SC-PSO-3P was tested with several benchmark engineering problems and with several CEC2006 problems. The computing experience and comparison with previously reported results is presented. In some cases the results reported in the literature are improved.",en,0,cs.AI,False,cs.LG,cs.LG,14.583
80,"With the rapid expansion of digital newspapers, readers have an overwhelming amount of news available daily. However, it is difficult to keep track of the news that is only of interest to the reader. Because of this, this research discusses the use of deep learning for the classification of news, especially crime related, published by Mexican digital newspapers as well as an analysis of the predictions obtained through the proposed model. According to the experimental results, the proposed system achieves 98.87% of accuracy.",en,0,cs.AI,False,cs.LG,cs.LG,8.609
81,"The estimation problem of carbon content of molten steel in a Basic Oxygen Furnace is addressed in this work. It is assumed that only measurements of carbon monoxide content of off-gas are available. Given that such measurements are corrupted with noise, determining the carbon from the thermodynamic equilibrium relationship yields poor results. Due to this, an integral estimator with noise attenuation is proposed. Results of numerical simulations show a good agreement between the actual carbon content and the estimated value.",en,9,cs.SY,False,cs.SY,cs.SY,12.038
82,"This research has as aim determine the index solar UV in Distrit of Chaupimarca, Province of Pasco, and Region of Pasco; Perú. There is analyzed the evolution of its value for the District throughout the year 2006. For it the method has been in use developed in the National Oceanic and Atmospheric Administration, NOAA. The opposing values show the negative impact in the human health of the population of Chaupimarca the same one that might be eliminated with one the adoption of preventive measurements, in information of the IUV.",en,7,cs.NA,False,cs.NA,cs.NA,15.439
83,"The Techno Neuro Pedagogy System (TNPS) is a systemic process with interrelated activities that allows you to create environments that facilitate the mediation processes on knowledge construction in virtual environments. Similarly to life cycle in software development, it consists of eight phases: analysis, design, development, testing, implementation, documentation, maintenance, and evaluation. TNPS incorporates a life cycle model of incremental and iterative software development that is an essential part of software engineering.",en,0,cs.AI,False,cs.SY,cs.SY,11.817
84,"Stellarators with plasma aspect ratios in the range from 3.5 to 5 can be created using the Compact Torsatron configurations. Stable operation at high beta should be possible in these devices if a vertical field coil system is designed to prevent breaking of the magnetic surfaces at finite beta. Direct losses of energetic particles can be high, but the addition of an external quadrupole field can reduce these losses. Optimization criteria and the low-aspect-ratio torsatron configurations obtained are discussed. 22 refs., 12 figs., 1 tab.",en,9,cs.SY,False,cs.AI,"None of the provided categories (cs.AI, cs.CL, etc.) apply to this abstract, which discusses physics and engineering topics related to stellarators. 

No applicable category.

Answer: None",8.711
85,"In our work, the design of the elementary components of a Knowledge Based System for the prediction of supernova effects is described. The domain is related with the modeling of the two supernova effects using fuzzy cognitive maps as knowledge representation and the maps feedback as inference engine to make the prediction. This work also describes the characteristics of (1) the application dominion and its representation, and (2) the results of the model through experimental tests and interpretations which represent the inference process.",en,0,cs.AI,False,cs.AI,cs.AI,9.257
86,"In this paper we use REG, a graph-based system to study a fundamental problem of Natural Language Processing: the automatic summarization of documents. The algorithm models a document as a graph, to obtain weighted sentences. We applied this approach to the INEX@QA 2011 task (question-answering). We have extracted the title and some key or related words according to two people from the queries, in order to recover 50 documents from english wikipedia. Using this strategy, REG obtained good results with the automatic evaluation system FRESA.",en,0,cs.AI,False,cs.CL,cs.CL,7.797
87,"The computation of boolean Gröbner bases has become an increasingly popular technique for solving systems of boolean equations that appear in cryptography. This technique has been used to solve some cryptosystems for the first time. In this paper, we describe a new concurrent algorithm for boolean Gröbner basis computation that is capable of solving the first HFE challenge. We also discuss implementation details, including optimal runtime parameters that depend on the CPU architecture. Our implementation is available as open source software.",en,2,cs.CR,False,cs.CR,cs.CR,7.12
88,"In this study a graft acrylic acid (AA) in low density polyethylene (PEBD) copolymers were prepared, using as reaction initiator, gamma radiation at different doses. These copolymers were coordinated with molybdenum, cobalt, iron, zinc and nickel. the obtained polymeric materials were characterized by conventional analysis techniques. It was studied the measurement parameter variation of the positron annihilation when they inter activated with this type of materials and so obtaining information about microstructure of these polymers.(Author)",en,7,cs.NA,False,cs.NA,cs.NA,11.532
89,"In this study a graft acrylic acid (AA) in low density polyethylene (PEBD) copolymers were prepared, using as reaction initiator, gamma radiation at different doses. These copolymers were coordinated with molybdenum, cobalt, iron, zinc and nickel. the obtained polymeric materials were characterized by conventional analysis techniques. It was studied the measurement parameter variation of the positron annihilation when they inter activated with this type of materials and so obtaining information about microstructure of these polymers. (Author)",en,7,cs.NA,False,cs.NA,cs.NA,29.573
90,"This paper describes the system used by the LIPN team in the task 10, Multilingual Semantic Textual Similarity, at Sem-Eval 2014, in both the English and Spanish sub-tasks. The system uses a support vector regression model, combining different text similarity measures as features. With respect to our 2013 participation, we included a new feature to take into account the geographical context and a new semantic distance based on the Bhattacharyya distance calculated on cooccurrence distributions derived from the Spanish Google Books n-grams dataset.",en,0,cs.AI,False,cs.CL,cs.CL,9.038
91,"We study the consistency and convergence of smoothed particle hydrodynamics (SPH) as a function of the interpolation parameters, namely the number of particles N, the number of neighbors n, and the smoothing length h, using simulations of the collapse and fragmentation of protostellar rotating cores. The calculations are made using a modified version of the GADGET-2 code that employs an improved scheme for the artificial viscosity and power-law dependences of n and h on N, as was recently proposed by Zhu et al., which comply with the combined limit",en,7,cs.NA,False,cs.NA,cs.NA,8.697
92,"In the context of the AMIGA project, we used Fabry-Perot observations in order to study the dynamics of the ionised gas in the isolated galaxy CIG 0314. From the Halpha observations, we could obtain the velocity field and rotation curve of the galaxy. A detail analysis of the velocity field is done in order to understand the kinematics of the gas to gather clues on the mechanisms which favour or inhibit star formation, in particular along the bar. The visible and dark matter content can be reached, as well as an estimation of the mass of the galaxy.",en,7,cs.NA,False,cs.NA,cs.NA,14.156
93,"In this paper we present an unsupervised technique for validating the existence of verbal phraseological units in raw text. This technique employs the concept of internal and contextual attraction which basically considers a mathematical formula based on co-occurrence of terms inside and outside of the terms considered to be part of a verbal phraseological unit. The experiments carried out using a corpus of news stories report a 60% of accuracy, which highlights the challenging task of automatic validation of verbal phraseological units in raw texts.",en,0,cs.AI,False,cs.CL,cs.CL,7.817
94,"The development of new technologies and the increase of information handled by small devices has lead to a variety of new storage methods which heavily depend on compression algorithms. Previously, we demonstrated the advantages of using reconfigurable computing for the efficient implementation of a Huffman coding-based compression unit [1]. In this paper we built upon our last design and propose a tree-less alternative to the traditional Huffman coding algorithm. Particularly, the generation unit is enhanced by using precise code length calculations.",en,4,cs.DS,False,cs.DS,cs.DS,4.73
95,"Construction of the new experiment URAGAN-2M has been completed recently at the Kharkov Institute of Physics and Technology. (URAGAN-2M is an l=2 torsatron with m=4 field periods, 16 TF coils and 6 pairs of VF coils; the major radius of the device is R{sub 0}=170 cm, the minor radius of the helical windings is a{sub h}=44.5 cm and the maximum value of the magnetic field strength on axis is B{sub 0}=24 kG.) Theoretical efforts to support the upcoming experimental program have been continued and lead to the new results described. (author) 4 refs., 3 figs.",en,9,cs.SY,False,cs.NA,cs.NA,7.092
96,"With the author (s)’decision to opt for Open Choice, the copyright of the article changed on 10 September to© The Author (s) 2018 and the article is forthwith distributed under the terms of the Creative Commons Attribution 4.0 International License (http://creativecommons. org/licenses/by/4.0/), which permits use, duplication, adaptation, distribution and reproduction in any medium or format, as long as you give appropriate credit to the original author (s) and the source, provide a link to the Creative Commons license and indicate if changes were made.",en,2,cs.CR,False,cs.IT,cs.IT,12.01
97,"During search and discovery of Web Services (WS) the user specifies a set of parameters that is compared against the WS operations, this means that one of the main steps in WS discovery is the comparison process. Most of related work aim at improving the WS search process based in the following approaches: semantic description of operations, semantic relation on name functions, workflows, and functions signatures. In this work, a mechanism for evaluating the similarity of WS through comparing the input and output data types of WS operations is presented.",en,0,cs.AI,False,cs.SY,cs.SY,11.621
98,"This paper presents GRASP (Greedy Randomized Adaptive Search Procedure), Simulated Annealing (SAA), Genetic (GA), and Hybrid Genetic (HGA) Algorithms for the economic dispatch problem (EDP), considering non-convex cost functions and dead zones the only restrictions, showing the results obtained. We also present parameter settings that are specifically applicable to the EDP, and a comparative table of results for each heuristic. It is shown that these methods outperform the classical methods without the need to assume convexity of the target function. (author)",en,9,cs.SY,False,cs.DS,cs.DS,15.974
99,"The travelling repairman problem (TRP) is a scheduling problem in which a repairman must visit locations to perform some task. Each location has a time window in which the repairman is allowed to arrive. The objective of this problem is to maximize the number of tasks performed. In this paper, we consider a special case in which all the locations are on a straight line, the tasks have no processing time, and all time-windows are of unit length. We present an improvement on the analysis of the 4-approximation algorithm presented by SL Pérez Pérez et al. in 2014.",en,4,cs.DS,False,cs.DS,cs.DS,11.182
100,"Access to the MHD second stability regime has been achieved in the ATF torsatron. Experimental β values (β 0≤ 3%, with fast ions contributing≊(1/3 of the pressure at high β) are well above the theoretical transition value (β c≊ 1.3% for ideal modes) required to reach this regime. The relatively low β c results from operation with peaked pressure profiles. The measured magnetic fluctuations decrease with increasing β, and the pressure profile broadens. This behavior is consistent with theoretical predictions for β self-stabilization of resistive interchange modes.",en,9,cs.SY,False,cs.NA,cs.NA,10.054
101,"We consider a variant of a question of Erdős on the number of empty k-gons (k-holes) in a set of n points in the plane, where we allow the k-gons to be non-convex. We show bounds and structural results on maximizing and minimizing the number of general 4-holes, and maximizing the number of non-convex 4-holes. In particular, we show that for n⩾ 9, the maximum number of general 4-holes is (n 4); the minimum number of general 4-holes is at least 5 2 n 2− Θ (n); and the maximum number of non-convex 4-holes is at least 1 2 n 3− Θ (n 2 log n) and at most 1 2 n 3− Θ (n 2).",en,4,cs.DS,False,cs.DS,cs.DS,16.08
102,"In this paper we propose a new multiagent metaheuristic based in an artificial society that uses a dynamic creative system to compose music, called “Method of musical composition” or MMC. To show the performance of our proposed MMC algorithm, 13 benchmark continuous optimization problems and the related results are compared with harmony search, improved harmony search, global-best harmony search and self-adaptative harmony search. The experimental results demonstrate that MMC improves the results obtained by the other metaheuristics in a set of multi-modal functions.",en,0,cs.AI,False,cs.DS,cs.DS,10.584
103,"During the creation and integration of a health care system based on medical knowledge graphs, it is necessary to review and select the vocabularies and definitions that best fit the information requirements of the system being developed. This implies the reuse of medical knowledge graphs; however, full importation of knowledge graphs is not a tractable solution in terms of memory requirements. In this paper, we present a modularization-based method for knowledge graph reuse. A case study of graph reuse is presented by transforming the original model into a lighter one.",en,0,cs.AI,False,cs.DS,cs.DS,13.257
104,"A two-input two-output model-based controller to stabilize the molten steel level in the mold and the tundish in a one-strand continuous casting machine is developed; to stabilize the mold level, the pressure in the vacuum chamber of the tundish is employed as control input, while to stabilize the tundish level, the position of the slide-gate valve of the ladle is utilized as control input. Numerical simulations show the good dynamic performance of the proposed controller corroborating the viability of the vacuum technique to regulate the level of molten steel in the mold.",en,9,cs.SY,False,cs.SY,cs.SY,9.802
105,"This paper describes the analysis and design of learning objects including personalized instruction. The above is based on the inclusion of artificial intelligence techniques via intelligent learning systems. In this case, the intelligent learning system becomes immersed in the learning object and one of its classifications is personalized learning. The sphere of application selected is that of structured programming. This paper is inspired by the fast-paced development of new technologies and their inclusion in different applications for the purpose of maximizing progress.",en,0,cs.AI,False,cs.AI,cs.AI,10.321
106,"Paradoxes and conflicts seem to be two concepts in fashion in management and organizational studies as concepts to be taken into account, due to the big cultural, social, scientific and technological transformations that most of our modern or post-modern societies have experienced.
However, upon examining the past of our societies and their organizations, especially in the history of Mexico, one can observe that these two concepts have been decisive in our evolution. In spite of that, it seems that we have not yet learned to manage them to contribute to improve our development.",en,0,cs.AI,False,cs.SY,cs.SY,9.284
107,"The two-volume set LNAI 12468 and 12469 constitutes the proceedings of the 19th Mexican International Conference on Artificial Intelligence, MICAI 2020, held in Mexico City, Mexico, in October 2020. The total of 77 papers presented in these two volumes was carefully reviewed and selected from 186 submissions. The contributions are organized in topical as follows: Part I: machine and deep learning, evolutionary and metaheuristic algorithms, and soft computing. Part II: natural language processing, image processing and pattern recognition, and intelligent applications and robotics.",en,0,cs.AI,False,cs.AI,cs.AI,13.314
108,"The need for an efficient way to store data makes compression a common task. Huffman Coding is a technique used for loss less compression of data. In an embedded system whose main memory resources are limited, to perform the coding could be risky because it could construct very deep or wide trees. The purpose of this article is to show the design and implementation of a circuit that performs a coding of text files without using the main memory of the system. This circuit was added to a FPGA with embedded processor, therefore creating an embedded system or a system on a chip (SoC).",en,4,cs.DS,False,cs.SY,cs.SY,9.878
109,"This work focuses predominantly on unconstrained optimization problems and presents an original algorithm (the code can be downloaded from Ref. 1), which is used for solving a variety of benchmark problems whose dimensions range from 2 to 2.5 millions, using only 3 particles. The algorithm was tested in 36 benchmark continuous unconstrained optimization problems, on a total of 312 instances. The results are presented comparing two fitness criteria: crisp and a fuzzy. The numerical results show that the proposed algorithm is able to reach the global optimum in every benchmark problem.",en,7,cs.NA,False,cs.DS,cs.DS,8.354
110,"The effective diffusivity of a heterogeneous medium is calculated numerically as a function of the inclusion fraction using the lattice-Boltzmann approach. Effective diffusivities are calculated for structures consisting of either permeable or nonpermeable inclusions distributed in a continuous phase. Two-dimensional simulations show good agreement with results obtained by means of Monte Carlo simulations of tracer diffusion. Numerical results are shown that are in agreement with the predictions of Maxwell’s equation, for small inclusion fractions.© 1996 The American Physical Society.",en,7,cs.NA,False,cs.NA,cs.NA,9.478
111,"This work consists of the analysis of the instructional objectives and strategies immersing in the teaching-learning process of an interface focused on the didactic of structured programming on the undergraduate level. This permits the design of an affective-motivational structure guided by instructional objectives such as goals, and by the methodology of the instructional strategy proposed by Merrill. The affective-motivational structure constitutes the inference engine during the decision-making process of the cognitive/operational strategies of the intelligent tutoring system interface.",en,0,cs.AI,False,cs.AI,cs.AI,11.532
112,"The poloidal coil system of a stellarator can be used to modify the ‖B‖ spectrum and, as a consequence, change the magnitude of the bootstrap current. The addition of a small l=1 field component to a stellarator field can cancel or reverse the direction of the bootstrap current. It is shown that currentless operation in the collisionless regime is not impaired by bootstrap current, because the effects of bootstrap current can be eliminated by an appropriate external coil system. The advanced toroidal facility (ATF) [Fusion Technol. 10, 179 (1986)] can be used to test some of these results.",en,9,cs.SY,False,cs.NA,"[from_thinking] f the categories perfectly fit, and given that the focus is on the physical system without computational methods, perhaps the best guess would be cs.NA if they're using numerical analysis to model the",10.319
113,"From an Information Retrieval perspective there are many works which have been proposed to deal with the problem of retrieving and searching relevant documents. One of the main drawbacks of traditional approaches is related with their static context similarity evaluation, this issue has been addressed by manually refining the query . In this paper we describe a context-based method to dynamically improve the query during document search. A set of experiments were conducted to evaluate the precision and recall of the proposed method, evaluation of results show the benefits of this novel method.",en,0,cs.AI,False,cs.CL,cs.CL,7.607
114,"A strategy to control a class of nonlinear driven oscillators is studied. The class of oscillators includes externally and parametrically excited oscillators, such as the Duffing oscillator and the externally excited pendulum. By assuming that the exact model of the system is not known and that position is the only state available for feedback, the controller comprises a linearizing-like feedback (i.e., the controller induces an input-output linear behavior in the nonlinear driven oscillator) and an uncertainty estimator. Simulations are provided to illustrate the performance of the controller.",en,9,cs.SY,False,cs.SY,cs.SY,6.564
115,"The temperature regulation problem of a class of continuous stirred tank reactors, where two consecutive exothermic reactions take place is addressed. Time delay control coupled with an exact sliding differentiator is used to design a discrete input−output linearizing controller. This time delay controller with sliding differentiation is robust in the presence of noise in the output measurements and time delays in the actuator response. Conditions for practical stability are given in terms of the system parameters. Numerical simulations are used to show the dynamic performance of this controller.",en,9,cs.SY,False,cs.SY,cs.SY,7.12
116,In this paper we study the extremal type problem arising from the question: What is the maximum number ET(S) of edges that a geometric graph G on a planar point set S can have such that it does not contain empty triangles? We prove: \documentclass[12pt]{minimal} \usepackage{amsmath} \usepackage{wasysym} \usepackage{amsfonts} \usepackage{amssymb} \usepackage{amsbsy} \usepackage{mathrsfs} \usepackage{upgreek} \setlength{\oddsidemargin}{-69pt} \begin{document}$${{n \choose 2} - O(n \log n) \leq ET(n) \leq {n \choose 2} - \left(n - 2 + \left\lfloor \frac{n}{8} \right\rfloor \right)}$$\end{document} .,en,4,cs.DS,False,cs.DS,cs.DS,9.371
117,"This paper gives a unified, self-contained presentation of minimax control problems for discrete-time stochastic systems on Borel spaces, with possibly unbounded costs. The main results include conditions for the existence of minimax strategies for finite-horizon problems and infinite-horizon discounted and undiscounted (average) cost criteria. The results are specialized to control systems with unknown disturbance distributions---also known as games against nature. Two examples illustrate the theory, one of them on the mold level control problem, which is a key problem in the steelmaking industry.",en,9,cs.SY,False,cs.SY,cs.SY,7.921
118,"The two-volume set LNAI 11288 and 11289 constitutes the proceedings of the 17th Mexican International Conference on Artificial Intelligence, MICAI 2018, held in Guadalajara, Mexico, in October 2018. The total of 62 papers presented in these two volumes was carefully reviewed and selected from 149 submissions. The contributions are organized in topical as follows: Part I: evolutionary and nature-inspired intelligence; machine learning; fuzzy logic and uncertainty management. Part II: knowledge representation, reasoning, and optimization; natural language processing; and robotics and computer vision.",en,0,cs.AI,False,cs.AI,cs.AI,9.186
119,"Identification and control of continuous fermentation processes are dif‐ficult tasks due to the complexity and high coupling of dynamic behaviour of this kind of system. In this work is implemented an on‐line estimation technique of the main uncertainties of a fermentation processes (e.g. specific growth rate, biomass concentration and yield coefficient) based on a mass balance, to generate a linearising feedback control law that provides a robust stabilisation against uncertainties. By numerical simulations the performance of the closed‐loop system and the controller design procedure is illustrated.",en,9,cs.SY,False,cs.SY,cs.SY,7.498
120,"In this paper, we present a method for constructing a manual ontology for the search of information over social service in a higher level education institution. We use some steps from methodology proposed by Grüninger and Fox. The ontology model will be useful to answer the questions of the students interested in the procedures of the social service. A scenario, competition questions, classes, and relationships are part of the design process. The answer to these questions leads us to the evaluation of the ontology. The ontology is made into Protégé and queries are written in the SPARQL query language.",en,0,cs.AI,False,cs.AI,cs.AI,7.974
121,"The representation, management, and exploitation of researcher profiles is an important task that every research institution must achieve. In this paper, we investigate on the use of ontologies as the main solution approach to support the representation of researcher profiles in a given academic environment. We describe the ontology model design, the automatic ontology population processes, and the discovery and enrichment processes of interesting semantic relations between researcher profiles. The functional competency of the enriched ontology is evaluated utilizing a set of inference rules and queries.",en,0,cs.AI,False,cs.AI,cs.AI,11.227
122,"A robust adaptive control strategy for a class of continuous-flow bioreactor process where the intrinsic reaction rates are poorly know is provided. A numerical observer is used to obtain on-line discrete estimates of the main uncertainties (kinetics term, yield production, and biomass concentration) of a continuous bioreactor. With this estimate, a linearizing feedback control law is obtained which provides robust regulation against uncertainties, disturbances and additive noise on the substrate concentration measurements. The performance of the closedloop system is illustrated via numerical simulations.",en,9,cs.SY,False,cs.SY,cs.SY,10.244
123,"Terms like leadership and entrepreneurship have reached great importance and popularity. A lot of information has appeared related with these topics and searching for it has become a bit complicated for people interested in leadership and entrepreneurship. With so much information, it is difficult to identify a topic among the huge quantity of concepts involved in these themes. This work presents a process based on text processing, text mining and topic modelling for finding topics and patterns in interviews about these topics in order to identify the main themes that leaders and entrepreneurs talk about.",en,0,cs.AI,False,cs.CL,cs.CL,10.778
124,"Given an m × n rectangular lattice, the square path problem is to find the minimum number f(m, n) of lattice points whose deletion removes all square paths from the lattice. It is known that f(n, n) is asymptotically equal to 2/7n2. However, the exact value of f(m, n) is known only for m ≤ 4 and a few other small values of m and n. We obtain the exact values of f(5, n) and f(6, n) for all n. We describe an algorithm that was able to compute all values of f(m, n) for m, n ≤ 20 in approximately 62 hours. Finally, we provide conjectures on the exact values of f(7, n), f(8, n), f(9, n), and f(10, n) for all n.",en,4,cs.DS,False,cs.DS,cs.DS,12.212
125,"The hard core winding of the four period heliac TJ-II, to be built at CIEMAT site in Madrid, is composed of a circular coil and a helical winding with separately controllable currents. This makes the TJ-II a very attractive flexible heliac with a broad range of controllable rotational transform and magnetic well. This flexibility will permit to experimentally explore regimes with stability average beta limit to Mercier modes, ranging from near zero to approx. 6% in an almost continuous manner. Furthermore, configurations with second stability regime behaviour have been found.(author). 4 refs, 4 figs, 1 tab",en,9,cs.SY,False,cs.NA,"None of the provided CS categories apply to this abstract as it discusses magnetic confinement devices and plasma physics, not computer science topics.

However, since I must choose one from the given options, none are appropriate. But if forced, perhaps cs.NA (Numerical Analysis) could be a stretch due to simulations, but it's still a weak fit.

But strictly speaking, none apply. So, no category should be assigned. However, per instructions, I need to pick one. Maybe cs.CV? No, that doesn't make sense either. Alternatively, perhaps the abstract is about control systems (cs.SY), but it's more about physics than systems and control in CS.

I think the best answer is none of the categories apply, but since I have to choose, maybe cs.NA as numerical methods might be involved in simulations, though it's a stretch.

But honestly, this abstract doesn't fit any of the given CS categories. It's more about physics and engineering than computer science.

Wait, perhaps the closest would be cs.CR (Cryptography and Security) if there's some control or security aspect, but that seems off too.

Alternatively, maybe cs.CV for imaging? No, it's about magnetic configurations.

I think none of the categories fit. But since I have to choose one, perhaps cs.NA as numerical analysis might involve simulations related to plasma physics.

But honestly, this is a tough call because the abstract doesn't relate directly to computer science. It's more in the realm of physics or engineering.

Given that",15.794
126,"In this paper we describe the process by which semantic relatedness assertions are discovered and defined between Web service operations. The general approach relies on a global ontology model that describes Web services. Obtaining semantic similarities between operations is performed by calculating eight semantic relatedness measures between all operations pairs. The entire process consists of: Web service parsing, Web service data extraction, automatic Web service ontology population, similarity measures calculation, similarity discovery; and finally, object property assertion between web service operations.",en,0,cs.AI,False,cs.CL,cs.CL,8.068
127,"Evolutionary multiobjective optimization has been a research area since the mid-1980s, and has experienced a very significant activity in the last 20 years. However, and in spite of the maturity of this field, there are still several important challenges lying ahead. This paper provides a short description of some of them, with a particular focus on open research areas, rather than on specific research topics or problems. The main aim of this paper is to motivate researchers and students to develop research in these areas, as this will contribute to maintaining this discipline active during the next few years.",en,0,cs.AI,False,cs.DS,"[from_thinking] cific applications like computer vision or machine learning techniques; instead, it's discussing optimization methods in general. So perhaps cs.DS is more appropriate because it's about algorithms and",10.295
128,"In this work, a recursive nonlinear feedback control law for the regulation of the outlet substrate concentration for a fixed bed bioreactor with immobilized biomass is designed. The control algorithm is based on a reduced order model related with ordinary differential equations and only made use of a discrete substrate outlet concentration for its implementation. It is shown that the proposed control algorithm is robust against disturbances in the input substrate concentration. The performance of the proposed regulation scheme is illustrated by means of numerical simulations.
© 1999 Society of Chemical Industry",en,9,cs.SY,False,cs.SY,cs.SY,6.923
129,"Fluctuations in the level of a physical model of a continuous casting mold were studied to determine the structure of the oscillations in the molten steel level. A water model of one third of scale of an actual continuous casting machine with a perfect control configuration was used in experiments. The liquid level in the mold is measured by recording at high-speed the level fluctuations and then detecting the edges on each of the recorded images. In this work, the Sobel operator was employed. The results show that level fluctuations inside the mold have a complex structure that is repeated in large time periods.",en,7,cs.NA,False,cs.CV,cs.CV,7.404
130,"Graph anticoloring problem is a partial coloring problem where the main feature is the opposite rule of the graph coloring problem, i.e., if two vertices are adjacent, their assigned colors must be the same or at least one of them is uncolored. In the same way, Berge in 1972 proposed the problem of placing b black queens and w white queens on a n × n chessboard such that two queens of different color cannot attack to each other, the complexity of this problem remains open. In this work we deal with the knight piece under the balance property, since this special case is the most difficult for brute force algorithms.",en,4,cs.DS,False,cs.DS,cs.DS,10.519
131,"In the following work the analysis of a behavior thinking of a character is developed. The latter will be represented by an avatar; having human-like behavioral characteristics. From the perspective of artificial intelligence, the evolution and design of an avatar will take place in two directions: 1) bringing its physique closer to humans, or 2) creating more complex, sophisticated and intelligent behaviors. In this work the analysis and design of a behavior located in a specific context and character is developed. Emotions are considered as triggers for actions. Where actions belong to the limited domain of behavior.",en,0,cs.AI,False,cs.AI,cs.AI,7.997
132,"Euclidean distance and squared Euclidean distance are the most commonly used metrics in research using classifier systems, but it does not mean that they are the ones with which the best results are obtained. In this work, a set of well-known instances are classified using the higher-order Minkowski distance, first with integer values, then with values in hundredths around p= 1, and finally, experiments were conducted with a linear combination of metrics, that is, a hybrid, all of the above in order to observe the behavior of two different classifiers with various metrics and the accuracy they achieve for each database.",en,0,cs.AI,False,cs.LG,cs.LG,8.653
133,In this work we review the parameterization of filter coefficients of compactly supported orthogonal wavelets used to implement the discrete wavelet transform. We also present the design of wavelet based filters as a constrained optimization problem where a genetic algorithm can be used to improve the compression ratio on gray scale images by minimizing their entropy and we develop a quasi-perfect reconstruction scheme for images. Our experimental results report a significant improvement over previous works and they motivate us to explore other kinds of perfect reconstruction filters based on parameterized tight frames.,en,7,cs.NA,False,cs.CV,cs.CV,9.364
134,"Huffman Coding provides a mechanism to minimize the average length of codes assigned to symbols from an information source. The average length reaches the minimum theoretical limit bounded by the entropy when symbols have a probability distribution which is an exact integer power of ½. Shannon showed that an n-th extension of a code allows to reach the entropy as n tends to infinite. However, in a finite message that is not possible. In this work we present a scheme of lossless data compression which allows us to find digrams, trigrams,…, γ-grams (for unbounded γ) as Shannon suggested in order to get maximum compression.",en,5,cs.IT,False,cs.IT,cs.IT,9.455
135,"In this study the active sites of acrylic acid (AA) were grafted in low density polyethylene (PEBD) using gamma radiation. Subsequently, the graft copolymer PEBD-i-AA was coordinated with different metals such as copper, nickel and iron. The organometallic copolymers so formed were used as catalysts in the aniline polymerization reaction. Finally, it was realized the characterization of the obtained products, determining their thermal properties, copolymer graft percentage, quantification of the metal contained in the complex as well as polymerization and electric conductivity percentages of the poly aniline film.(Author)",en,7,cs.NA,False,cs.AI,"None of the provided Computer Science categories (cs.AI, cs.CL, etc.) apply to this abstract, which focuses on polymer chemistry and catalysis. 

No applicable category from the list is suitable.

Answer: None",9.217
136,In this paper is studied the temperature regulation problem of a continuous stirred tank reactor with two consecutive and oscillatory exothermic reactions in which the heat of the reactions is unknown. A strategy to estimate the reactions' heat from measurements of reactor temperature is proposed. This strategy is coupled with a linearizing‐like feedback regulatory control. Practical convergence of this control scheme is proved when the uncertainty observer satisfies the high gain assumption. The performance of the uncertainty observer and the closed loop behavior is illustrated by means of numerical simulations. ©1997 SCI,en,9,cs.SY,False,cs.SY,cs.SY,8.039
137,"We recall the memories of the first successful proposal to detect X-ray emission from wind-blown superbubbles and the training of three Mexican astronomers specialized in X-ray observations of extended nebular sources. Based on this training we give the results of several properties of a defined class of supernova remnants: the Mixed Morphology supernova remnants. We have studied several cases in at least three wavelengths domains: Radio, X-rays and Optical. We establish several of their properties and we favor the model of evaporation of dense cloudlets surviving the forward supernova shock using an important modeling tool.",en,0,cs.AI,False,cs.NA,cs.NA,14.436
138,"This paper describes a simple method, based on the Dual Site–Bond Model, for constructing disordered cylindrical porous substrata. Heterogeneity is accounted for by allowing the presence of variable cross-sectional areas along the length of the pore tubes forming the solid. The degree of heterogeneity is easily controlled with overlapping between the pore-size distributions of pore cavities and pore necks. Some simulated materials with different textural properties are presented. An analysis of the texture of the generated structures, together with their nitrogen adsorption characteristics, has been carried out and is discussed.",en,7,cs.NA,False,cs.NA,cs.NA,9.111
139,"This review presents an in-depth analysis of the progress and achievements in the study of porous structures by the Physicochemical of Surfaces Academic Area at the Universidad Autónoma Metropolitana, Iztapalapa's Chemistry Department. A straightforward model for depicting disordered structures has been introduced here, facilitating the discovery of correlations between adjacent elements within these structures. Such correlations have proven to be crucial in the classification and analysis of different disordered porous materials and have been instrumental in the interpretation and categorization of nitrogen adsorption isotherms.",en,7,cs.NA,False,cs.DS,cs.DS,8.11
140,"Networking service has grown in the last years and therefore, users generate large amounts of data about entities, where they can express opinions about them. This paper presents an approach for opinion mining based on entities, which belong to banks, musicians and automobiles. Our approach uses machine learning techniques in order to classify Spanish tweets into three categories positives, negatives and neutral. A Support Vector Machine (SVM) and the bag of word model is used to obtain the corresponding class given a tweet. Our experimentation shows promising results and they validate that entity-based opinion mining is achievable.",en,0,cs.AI,False,cs.CL,cs.CL,7.48
141,"This paper introduces a multiobjective control formulation of the priority assignment (PA) problem for a discrete-time single-server queueing system with q competing classes of customers, and the discounted cost criterion. A multiobjective priority assignment (MPA) problem is presented, which is analyzed from the viewpoint of both Pareto and lexicographic optimality. The cμ-rule, which is a well known optimal control policy for the PA problem, is shown to be Pareto optimal, strong Pareto optimal with respect to a certain norm on ℝq, and also lexicographically optimal for MPA. These results are used to study a constrained PA problem.",en,9,cs.SY,False,cs.SY,cs.SY,7.47
142,""" In this work we present scanning Fabry-Perot observations of the M51-type interacting galaxy pair KPG 302 (NGC 3893/96), the derivations one can make about the content of visible and dark matter of the componentsof the pair and a very preliminary analysis of the encounter based on simulations made with an N-body code. The main conclusions we reach are that our kinematics is equally compatible either with NFW dark matterprofiles or pseudo-isothermal halo profiles and that the mass-ratio of the galaxies in the pair should be larger than 1/50 in order to develop the observed spiral structure seen in the larger component of the pair.""",en,7,cs.NA,False,cs.NA,cs.NA,18.529
143,"The present invention relates to a composition for modulat ing tumor cell dissemination, in particular metastatic cancer cells. In particular, the invention relates to an agent for modulating metastatic tumor cell dissemination for use in the treatment and/or prevention of a metastatic cancer wherein the agent comprises an extracellular matrix (ECM) protein carried on a polycarbonate polyurethane matrix, and wherein the agent binds to tumor cells when implanted in a body. The invention also relates to a product, comprising an agent for modulating metastatic tumor cell dissemination, and to a method of treatment or prevention of cancer.",en,7,cs.NA,False,cs.NA,cs.NA,9.999
144,"Biometric authentication has permeated daily life due to the continuous advancement of technology, which has allowed its inclusion in various services as well as in many everyday devices such as smartphones, laptops, or tablets. We must be aware of the danger posed by authentication through these means as identity theft attacks are a reality. This paper explains the vulnerabilities of automatic speaker verification authentication systems and why they are prone to attacks with audio generated for malicious purposes, as well as some necessary countermeasure approaches to achieve spoof audio detection and thus protect against identity theft.",en,2,cs.CR,False,cs.CR,cs.CR,10.847
145,"The goal of this paper is to describe a linearizing feedback adaptive control structure which leads to a high quality regulation of the output error in the presence of uncertainties and external disturbances. The controller consists of three elements: a nominal input–output linearizing compensator, a state observer and an uncertainty estimator, which provides the adaptive part of the control structure. In this way, the feedback controller, based on the disturbance observer, compensates for external disturbances and plant uncertainties. The effectiveness of the controller is demonstrated on a distillation column via numerical simulations. ©",en,9,cs.SY,False,cs.SY,cs.SY,7.998
146,"This article presents a small-scale analysis of the transport phenomena in a region of the formation of an oil well with drilling fluid loss. The mathematical model to study this problem is based on conservation equations in terms of average variables and considers the convection and conduction heat transfer mechanisms in two-dimensional and transient regimes. It is assumed that fluid flows according to Darcy's law. Under drilling fluid loss conditions and short times, the convective mechanism is more important than the conductive, while for longer times, the conductive mechanism governs the heat transfer process throughout the porous media.",en,7,cs.NA,False,cs.NA,cs.NA,11.37
147,"Experimental results on the Texas Experimental Tokamak (TEXT) [Nucl. Technol./Fusion 1, 479 (1982)] and the Advanced Toroidal Facility (ATF) torsatron [Fusion Technol. 10, 179 (1986)] indicate that electrostatic fluctuations can explain the edge transport of particles and perhaps energy. Certain mechanisms for drive (radiation and ionization, as well as density and temperature gradients) and stabilization (velocity shear) are suggested by these results. The experimental fluctuation levels and turbulence characteristics can be reproduced by considering the nonlinear evolution of fluid‐type equations, incorporating thermal and ionization drives.",en,7,cs.NA,False,cs.NA,"[from_thinking]  of this relates to data structures or algorithms used in simulations.

But honestly, none of the categories seem to fit perfectly because the abstract is about plasma physics experiments and modeling",10.388
148,"A robust control algorithm which uses partial state feedback is designed for a class of biochemical processes in the presence of modeling uncertainties. To design the controller, the model uncertainty and the nonmeasurable state are combined into a new state variable. A sliding mode state observer is used to obtain on-line estimates of this new state. A practical stabilizer is obtained by combining the observer with an input–output linearizing controller. The practical convergence of the observer and the controller are proved. The performance of the sliding mode observer and the closed-loop behavior is illustrated through numerical simulations.",en,9,cs.SY,False,cs.SY,cs.SY,8.676
149,"The optimal position of the mold liquid level sensor for a continuous slab caster is experimentally studied in this work. To establish the optimal position, a 1:1/3 physical cold water model was employed. The water model was constructed in accordance with the Froude similarity criterion. The meniscus profile dispersion was evaluated at several volumetric flow rates and submerged entry nozzle (SEN) submergence depths. The liquid level measurements were taken with an ultrasonic distance sensor and recorded in a computer. The experimental results show a strong nonlinear correlation between the process parameters and meniscus fluctuations intensity.",en,9,cs.SY,False,cs.SY,cs.SY,8.473
150,"This paper presents a study of opinion mining or sentiment analysis for detection of polarity in a set of users opinion about restaurants written in Spanish and English. The research work is performed with the aim of solving a task proposed in SemEval 2016, thus we employed the same dataset proposed in that evaluation conference. The proposed approach uses a vector model for representing the information, including lexical features such as the following ones: word unigrams, bigrams and trigrams. The obtained results show a performance up to 71% when using word unigrams for representing the opinions written in English in the domain of restaurants.",en,0,cs.AI,False,cs.CL,cs.CL,10.292
151,"The closed-loop dynamic behavior of a chemical reactor with two consecutive and oscillatory exothermic reactions is analyzed. When bounds are imposed on the control input, equilibrium points induced by saturation (EPIS) are generated. In this case, the reactor dynamic trajectories are deviated towards the EPIS and their convergence to the set-point is no longer guaranteed. By means of bifurcation analysis, necessary and sufficient conditions are derived to obtain quasi-optimal regulatory control and to avoid the presence of EPIS. Simulation studies proved the advantages of implementing these conditions, giving smooth responses with no oscillation.",en,9,cs.SY,False,cs.SY,cs.SY,9.112
152,"In this article we describe a new methodology to facilitate communications between heterogeneous negotiation agents; in particular we present an ontology solution which allows the publication and sharing of communication primitives over Internet. Traditional negotiation systems exchange messages based on particular language definitions implicitly encoded, giving different syntax and semantics to their messages. We implemented a Web service-oriented architecture for executing experiments with different negotiation agents. The results of experiments show that the proposed methodology improves the communication between heterogeneous negotiation agents.",en,0,cs.AI,False,cs.AI,cs.AI,14.116
153,"In the paper, a model is proposed to obtain the student profile based on the style of learning and the way to think. With this purpose, a computer system was developed that considers the model of the student profile applied to an object-oriented programming course (OOP). The system is a tool for analyzing student performance; in particular, in the area of OOP. This tool allowed relating the profiles of the student with the performance in the course. The results obtained will allow the development of personalized tools according to the identified student profile to try to improve their skill in a particular area of study. In this case, it is about OOP.",en,0,cs.AI,False,cs.AI,cs.AI,12.286
154,"The understanding of fluid flow has become a very important field of research because of its relevance in many human activities. The study of fluid flow is essential in many fields such as physics, biology, medicine, engineering, environmental sciences, energy, atmospheric flow processes that influence the weather and the climate, and so on. Many industrial processes are governed by the equations of fluid dynamics and so its study is valuable. Numerical simulations of fluid flow is reducing the high cost of very expensive experimental tests. Dynamical fluid dynamics are also very important for understanding fundamental physical processes at all scales.",en,7,cs.NA,False,cs.NA,cs.NA,9.235
155,"This research is framed within the affective computing, which explains the importance of emotions in human cognition (decision making, perception, interaction and human intelligence). Applying this approach to a pedagogical agent is an essential part to enhance the effectiveness of the teaching-learning process of an intelligent learning system. This work focuses on the design of the inference engine that will give life to the interface, where the latter is represented by a pedagogical agent. The inference engine is based on an affective-motivational model. This model is implemented by using artificial intelligence technique called fuzzy cognitive maps.",en,0,cs.AI,False,cs.AI,cs.AI,11.086
156,accepted 24 May 1990) A set of reduced magnetohydrodynamic (MHD) equations to study linear stability in general toroidal configurations is presented. The equations are derived by applying the averaging method to an equilibrium represented in a straight-field-line coordinate system. They permit the calculation of the low-n stability of fully three-dimensional (3-D) equilibria for stellarator configurations with either a planar or a helical magnetic axis. Numerical solutions are shown to agree well with marginal stability boundaries given by the classical stellarator expansion when average stellarator equilibria with a planar magnetic axis are used as input.,en,7,cs.NA,False,cs.AI,"None of the provided Computer Science categories (cs.AI, cs.CL, etc.) fit this abstract, which is about magnetohydrodynamics and physics.

However, since I must choose from the given options, none are suitable. But if forced to pick, perhaps cs.NA (Numerical Analysis) could be considered due to the numerical solutions mentioned, but it's a stretch.

But strictly speaking, the topic isn't Computer Science. So, no applicable category.

Wait, the user requires exactly one category from the list. Since none fit, but I have to choose, maybe cs.NA is closest because of numerical methods.

cs.NA

But I'm not confident. Alternatively, perhaps it's better to say none, but since I must pick, cs.NA might be the closest.

Alternatively, if forced, cs.CV or another, but no, that doesn't make sense.

Wait, the user provided examples where they assigned categories like cs.CV and cs.LG based on abstracts. This one is about MHD equations and numerical solutions in physics. So none of the CS categories apply.

But I have to choose from the list. Maybe cs.NA?

cs.NA

I think that's the closest, even though it's a stretch.
</think>

cs.NA",14.511
157,"Given a connected mixed graph with costs on its edges and arcs, the mixed postman problem consists of finding a minimum cost closed tour of the mixed graph traversing all of its edges and arcs. It is well-known that this problem is NP-hard. However, under certain conditions, the problem can be solved in polynomial time using linear programming, in other words, the corresponding polyhedra are integral. Some of these conditions are: the mixed graph is series-parallel or the mixed graph is even. Also, we show that if we add the constraint that each edge is traversed exactly once then the problem can be solved in polynomial time if the set of arcs forms a forest.",en,4,cs.DS,False,cs.DS,cs.DS,11.684
158,"The classification algorithm known as k-means is widely used in different branches of artificial intelligence. Its main objective is to find the k centroids that can repre-sent clusters of information. While this algorithm is reliable, it is not always possi-ble to find the optimal centroids that represent the data set. In this work, different metaheuristic techniques were applied in which the problem of finding the initial centroids was solved, and a novel hybrid algorithm is presented that finds better centroids than those found by the standard kmeans algorithm. The new approach improves the classification of the information contained in the tested databases.",en,0,cs.AI,False,cs.LG,cs.LG,9.096
159,"The classification algorithm known as k-means is widely used in different branches of artificial intelligence. Its main objective is to find the k centroids that can repre-sent clusters of information. While this algorithm is reliable, it is not always possi-ble to find the optimal centroids that represent the data set. In this work, different metaheuristic techniques were applied in which the problem of finding the initial centroids was solved, and a novel hybrid algorithm is presented that finds better centroids than those found by the standard k-means algorithm. The new approach improves the classification of the information contained in the tested databases.",en,0,cs.AI,False,cs.LG,cs.LG,7.948
160,"In this chapter, a methodology is presented for identifying semantic relationships of synonymy, hyponymy, and hyperonymy. Subsequently, three semantic embedding models were generated, designed to capture the richness and complexity of the relationships between terms. The performance of these models is assessed by employing them in the classification of opinions regarding the quality of service in a hotel. This task is accomplished using a convolutional neural network. Furthermore, the results obtained from the classification task are integrated into topic discovery, culminating in a more comprehensive understanding of the quality of service provided by the hotel.",en,0,cs.AI,False,cs.CL,cs.CL,8.394
161,"In this paper mathematical modeling of circuit parameters that feature the electric performance of a traveling-wave heating induction device is carried out. Rotary magnetic fields are the excitation source, and they come from axial windings having one pair of magnetic poles. The method employed for obtaining impedance parameters is based on main magnetic flux decomposition to partial fluxes along different regions that comprise the assembly. The modeled parameters are compared to those estimated from measurements of an experimental device at 60 Hz. Trials on both magnetic and non-magnetic load showed deviation between theoretical and measured parameters around 7%.",en,9,cs.SY,False,cs.NA,cs.NA,10.943
162,"This paper shows a multi-agent architecture based on reactive agents for an intelligent tutoring system (ITS). The global system behavior is modeled taking into account the mental models and the cognitive task analysis. We present the basic characteristics of the reactive system in terms of reactive robotics, where they started. Next we introduce some definitions and schemes in order to characterize the multi-agent architecture. Finally, we present an ITS example called Makatsiná Makatsiná means tutor in TOTONACA, a Mexican pre-Spanish language. which teaches the skills necessary to solve a truss analysis problem by the joint method. This domain is an integration skill.",en,0,cs.AI,False,cs.RO,cs.RO,10.079
163,"We describe the parallel implementation of an evolutionary programming algorithm for minimization of nonlinear, continuous, realvalued functions of n variables. The parallel implementation was carried using the GPGPU (General-Purpose Computing on Graphics Processing Units) technique. Evolutionary programming (EP) was selected from the available evolutionary algorithm paradigms because it presents low dependency between its genetic operators. This feature provided a particular advantage to parallelize the mutation and evaluation stages in EP using a master-slave model. The obtained results report a linear speed up with respect to the number of cores in the test platform.",en,0,cs.AI,False,cs.NA,cs.NA,12.11
164,"In this work we deal with robust control of a class of first-order nonlinear systems which contain uncertainties. To cope with the uncertainties, an observer-based controller is proposed, and the uniform boundedness of all closed-loop signals and semiglobal practical convergence of the system state are guaranteed. In contrast with some previous attempts to relax the a priori knowledge on uncertainties bounds by using discontinuous control law, we propose a dynamic compensator which leads to continuous control laws. The applicability of the control scheme to regulation of temperature in stirred tanks and one-point control in distillation is shown by numerical simulations.",en,9,cs.SY,False,cs.SY,cs.SY,7.534
165,"The hardcore winding of the four period heliac TJ-II is composed of a circular coil and a helical winding with separately controllable currents. This makes the TJ-II a very attractive flexible heliac with a broad range of controllable rotational transform and magnetic well. The configurations obtained by varying the rotational transform tau and the magnetic well have different MHD properties. The standard configuration (Configuration A), with tau=1.44, has an average stability beta limit of =2%. However, by varying the magnetic well at constant transform, a more stable configuration (Configuration B) can be found with higher beta limits. (author) 4 refs., 2 figs., 1 tab.",en,9,cs.SY,False,cs.AI,"None of the provided categories (cs.AI, cs.CL, cs.CR, cs.CV, cs.DS, cs.IT, cs.LG, cs.NA, cs.RO, cs.SY) are applicable to the given abstract, which discusses magnetic configurations and stability in a fusion device rather than computer science topics.

However, since I must choose one category, perhaps the closest might be cs.NA (Numerical Analysis), as it could involve computational methods for simulations or analysis of such systems. But this is a stretch because the abstract doesn't explicitly mention any numerical techniques.

Alternatively, if forced to pick from the list, maybe cs.CV or cs.LG if there's some hidden computational aspect, but I don't see evidence of that in the abstract.

Given the lack of direct relevance, perhaps none of the categories fit. But since I have to choose one, I'll go with cs.NA as a possible stretch.

cs.NA",12.981
166,"We report the detection of the 1.3 mm continuum and the molecular emission of the disks of the young triple system SR24 by analyzing ALMA (The Atacama Large Millimeter/Submillimter Array) subarcsecond archival observations. We estimate the mass of the disks (0.025 M☉ and 4× 10− 5 M⊕ for SR24S and SR24N, respectively) and the dynamical mass of the protostars (1.5 M☉ and 1.1 M☉). A kinematic model of the SR24S disk to fit its C 18 O (2-1) emission allows us to develop an observational method to determine the tilt of a rotating and accreting disk. We derive the size, inclination, position angle, and sense of rotation of each disk, finding that they are strongly misaligned (",en,7,cs.NA,False,cs.CV,cs.CV,12.765
167,"Since 2004, the Federal districting processes have been carried out using a Simulated Annealing based algorithm. However, in 2014, for the local districting of the state of México, a traditional Simulated Annealing technique and an Artificial Bee Colony based algorithm were proposed. Both algorithms used a weight aggregation function to manage the multi-objective nature of the problem, but the population based technique produced better solutions. In this paper, the same techniques are applied to six Mexican states, in order to compare the performance of both algorithms. Results show that the Artificial Bee Colony based algorithm is a viable option for this kind of problems.",en,0,cs.AI,False,cs.LG,cs.LG,14.042
168,"Educational environment produces a lot of information related with many aspects, besides the traditional system, the growth of online educative systems and the called e-learning, have increased the amount of data available for its analysis. Data Mining offers different techniques for processing information in order to discover patterns that can be used for obtaining knowledge which helps improving or taking decisions about certain topics. This work presents the concepts related with, and the use of the called Educational Data Mining, specifically the technique of Association Rules, for obtaining relationships among the academic and personal factors with academic performance.",en,0,cs.AI,False,cs.DS,"[from_thinking] ptive learning rates, it's categorized under cs.LG. Here, since it's about association rules which are a data mining technique and not necessarily ML, maybe it should be cs.DS? Or perhaps I'm overcomp",10.169
169,"Clinical Decision Support on patients health outcomes can be performed from free text with Natural Language Processing techniques. However, it becomes a computational challenge due to the complexity of natural language. In recent years, several NLP-based approaches have been proposed to consider clinical decisions support. This paper presents a survey of Natural Language Processing approaches to support clinical decisions on patient health outcomes. The presented approaches are emphasized on the use of free text as input for diverse languages. An analysis of clinical decision support systems based on natural language processing in terms of their performance results is presented.",en,0,cs.AI,False,cs.CL,cs.CL,13.783
170,"The multidimensional assignment problem (MAP) is a natural extension of the well known assignment problem. A problem with s dimensions is called a SAP. The most studied NP-hard case of the MAP is the 3AP. Memetic algorithms have been proven to be the most effective technique to solve MAP. The use of powerful local search heuristics in combination with a genetic algorithm, even if it has a simple structure, provides high quality solutions without a lot of effort. We perform an experimental evaluation of a basic genetic algorithm combined with a so called dimensionwise variation heuristic and show its effectiveness against a more complex state-of-the-art memetic algorithm for MAP.",en,4,cs.DS,False,cs.DS,cs.DS,8.688
171,"Let D be a straight-line drawing of a graph. The rectilinear 2-colored crossing number of D is the minimum number of crossings between edges of the same color, taken over all possible 2-colorings of the edges of D. First, we show lower and upper bounds on the rectilinear 2-colored crossing number for the complete graph . To obtain this result, we prove that asymptotic bounds can be derived from optimal and near-optimal instances with few vertices. We obtain such instances using a combination of heuristics and integer programming. Second, for any fixed drawing of , we improve the bound on the ratio between its rectilinear 2-colored crossing number and its rectilinear crossing number.",en,4,cs.DS,False,cs.DS,cs.DS,9.439
172,"Mobile computing is rapidly gaining importance because there is an incremental daily demand for information access from anywhere and at any time with multiple purposes. This situation gives rise to the new era of computing called Ubiquitous Computing, where it is necessary to develop new and improved structures for knowledge and information representation and exchange, in order to support the implementation of intelligent and context-aware systems. Thus search results will be fully based on contextual information and user profiles. This paper describes an architecture based on a multi-dimensional ontology model to represent mobile user contexts, Web services and application domains.",en,0,cs.AI,False,cs.SY,cs.SY,10.732
173,"Frequently, the initial carbon content in the BOF metal bath is poorly known due to scrap and iron ore additions. This situation causes that the blowing time can not be precisely determined. To overcome this drawback, a state observer for carbon content is developed in this work, which employs off-gas carbon monoxide concentrations measurements. The above observer was constructed from a first principles mathematical model. Assuming several initial conditions for the estimator, some tuning rules are proposed. Numerical simulations show that with this methodology, the carbon content and temperature estimates are accurately enough so that the hitting rate could be significantly improved.",en,9,cs.SY,False,cs.SY,cs.SY,8.1
174,"Abstract Let C={c 1,…, c n} be a collection of disjoint closed bounded convex sets in the plane. Suppose that one of them, say c 1, represents a valuable object we want to uncover, and we are allowed to pick a direction α∈[0, 2 π) along which we can translate (remove) the elements of C, one at a time, while avoiding collisions. We study the problem of finding a direction α 0 such that the number of elements that have to be removed along α 0 before we can remove c 1 is minimized. We prove that if we have the sorted set D of directions defined by the tangents between pairs of elements of C, we can find α 0 in O (n 2) time. We also discuss the problem of sorting D in o (n 2 log⁡ n) time.",en,8,cs.RO,False,cs.DS,cs.DS,11.731
175,"A more accurate model of the helical coils has changed previous stability results, which were obtained with a model that used only three filaments for each half-coil. With the improved model, Mercier stability is obtained for parabolic pressure profiles at peak beta values of up to 3% for the standard configuration, which now has an average minor radius ā = 23.3 cm. For a configuration with a smaller plasma radius, ā = 15.2 cm, the maximum peak beta, 5.0%, is limited by equilibrium. The addition of a toroidal field reduces the rotational transform to <0.5. This configuration has access to the second stability regime for Mercier modes when narrow pressure profiles are used at low beta.",en,7,cs.NA,False,cs.NA,cs.NA,15.232
176,"EFFECTS OF ENERGETIC PARTICLES ON TOKAMAK STABILITY. Energetic particles (for instance fusion product alphas or beam-injected/rf-heated ions) can excite MHD ballooning modes through wave-particle interaction at their large magnetic drift frequency. The use of a “sloshing” distribution avoids resonant destabilization, but tends to excite a new type of continuum instability. At higher energies, the usual MHD unstable modes are suppressed, although subtler instabilities related to shear Alfvén gap modes and global Alfvén waves occur. When these low growth rate modes are neglibible, access to the high-beta regime of second stability can be attained with sufficiently hot energetic particles.",en,7,cs.NA,False,cs.NA,cs.NA,8.897
177,"Given a graph with costs on its edges, the minimum-cost edge cover problem consists of finding a subset of covering all vertices in at minimum cost. If is bipartite, this problem can be solved in time via a well-known reduction to a maximum-cost matching problem on . If in addition is a set of points on the Euclidean line, Collanino et al. showed that the problem can be solved in time and asked whether it can be solved in time if is a set of points on the Euclidean plane. We answer this in the affirmative, giving an algorithm based on the Hungarian method using weighted Voronoi diagrams. We also propose some 2-approximation algorithms and give experimental results of our implementations.",en,4,cs.DS,False,cs.DS,cs.DS,11.468
178,"With the emergence of the COVID-19 pandemic, a growing need has emerged for well-structured medical knowledge bases that are accessible to physicians, specialists, pharmacists, patients, and the general public. This article describes the process of development and evaluation of an Mexican Drug Ontology4 with information from the “Basic Table and Catalog of Medicines” published by the Secretary of Public Health. The resulting ontology is composed by 64 classes, 5 object properties, 18 data properties, and has a value ALCQ (D) of “DL Expressivity” measure. The evaluation ontology was carried out in two ways: through the competence of the model and through the review of the quality criteria.",en,0,cs.AI,False,cs.AI,cs.AI,13.605
179,"Causation involves two aspects, causes (argument) and effects (results) of an event. Automatic or semi-automatic extraction of causes and effects is an open problem for natural language processing research. This paper presents an approach based on linguistic patterns in order to discover the cause and effect relations, then, extracted relations are used for enhancing event ontologies. We incorporated linguist basis to our approach since our patterns consider markers, prepositions, conjunctions and verbs. An evaluation was performed using a gold standard set of causes and effect, which was created by human experts from a news corpus in Spanish, which shows promising results for our approach.",en,0,cs.AI,False,cs.CL,cs.CL,6.241
180,"We present the intensive calculations of digital tables for the radiative terms that appear in the energy and momentum equations used to simulate the accretion onto supermassive black holes (SMBHs) at the centers of galaxies. Cooling and heating rates are presented, calculated with a Spectral Energy Distribution constructed from: an accretion disk plus an X-ray power-law and an accretion disk plus a Corona. The electronic structures of atoms, the photoionization cross-sections, and the recombination rates are treated in great detail. With the recent discovery of outflows originating at sub-parsec scales, these tables may provide a useful tool for modeling gas accretion processes onto a SMBH.",en,7,cs.NA,False,cs.NA,cs.NA,8.508
181,"The systems in which an electrode immersed in a solution causes a chemical reaction have been studied for over a hundred years. It has long been known that the behavior of these systems is determined by two main factors: the rate with which the substance comes into contact with the electrode and the rate of the electrochemical reactions at the electrode.
During the first four decades of the twentieth century, many works were devoted to this subject; however, most of them were experimental works. Those works found that the limiting current increases with increasing the rate of stirring (Bircumshaw & Riddiford, 1952). Usually, the results were expressed by means of a power relation of the form:",en,9,cs.SY,False,cs.NA,cs.NA,14.44
182,"The windy postman problem is the NP-hard problem of finding the minimum cost of a tour traversing all edges of an undirected graph, where the cost of an edge depends on the direction of traversal. Given an undirected graph G, we consider the polyhedron O(G) induced by a linear programming relaxation of the windy postman problem. We say that G is windy postman perfect if O(G) is integral. There exists a polynomial-time algorithm, based on the ellipsoid method, to solve the windy postman problem for the class of windy postman perfect graphs. By considering a family of polyhedra related to O(G), we prove that series–parallel graphs are windy postman perfect, therefore solving a conjecture of Win.",en,4,cs.DS,False,cs.DS,cs.DS,13.663
183,"The mixed postman problem consists of finding a minimum cost tour of a connected mixed graph traversing all its vertices, edges, and arcs at least once. We consider the variant of the mixed postman problem where all edges must be traversed exactly once. We prove that the feasibility version of this problem is NP-complete. We introduce a necessary condition for feasibility and show that it can be tested in polynomial time. We prove that this condition is also sufficient if the directed components of the mixed graph form a directed walk. Finally, we give a linear programming formulation to solve the minimization version of this problem if the directed components of the mixed graph form a forest.",en,4,cs.DS,False,cs.DS,cs.DS,9.26
184,"We discuss the SPH kernel and particle consistency problem and demonstrate that SPH has a limiting second-order convergence rate. We also present a solution to the SPH consistency problem. We present examples of how SPH implementations that are not mathematically consistent may lead to erroneous results. The new formalism has been implemented into the Gadget 2 code, including an improved scheme for the artificial viscosity. We present results for the``Standard Isothermal Test Case''of gravitational collapse and fragmentation of protostellar molecular cores that produce a very different evolution than with the standard SPH theory. A further application of accretion onto a black hole is presented.",en,7,cs.NA,False,cs.NA,cs.NA,8.575
185,"In this paper, fractional calculus principles are considered to implement fractional derivative gradient optimizers for the Tensorflow backend. The performance of these fractional derivative optimizers is compared with that of other well-known ones. Our experiments consider some human activity recognition (HAR) datasets, and the results show that there is a subtle difference between the performance of the proposed method and other existing ones. The main conclusion is that fractional derivative gradient descent optimizers could help to improve the performance of training and validation tasks and opens the possibility to include more fractional calculus concepts to neural networks applied to HAR.",en,0,cs.AI,False,cs.LG,cs.LG,7.086
186,"This paper deals with the assessment of emotions in an affective-motivational cognitive model represented by a fuzzy cognitive map. The evaluation is performed according to the emotional theory of Ortony, Clore and Collins (OCC theory). This emotional theory considers local and global variables in the environment described by a cognitive model for the emotional evaluation. In the text the consideration of different kinds of (local and global) variables that are within the environment is shown. This in order to feed the fuzzy cognitive maps to include emotions in the decision making process. In our case study emotional-motivational cognitive model refers specifically to the teaching-learning process.",en,0,cs.AI,False,cs.SY,cs.SY,12.43
187,"This paper reviews the subtask “A” of eHealth-KD challenge 2021, using a strategy oriented to the use of recurrent neural networks. In subtask “A” the entities are identified by document and their types (Concepts, actions, predicates, and references). This paper mainly compares various word embedding models, annotation styles in BIO, BILOU, and an own annotation style to distinguish entities composed of more than one word from entities of a single word. Is also proposed a solution based on POS tagging to improve the results of systems that use recurrent neural networks by changing the pre-processing. An evaluation process was performed with the following well-known metrics: precision, recall, and F.",en,0,cs.AI,False,cs.CL,cs.CL,10.693
188,"The comparison of sentences has several applications and they can be addressed by different approaches. One of them is to compare a pair of sentences through analysis of syntactic trees. In this work we present a method to evaluate the similarity between a pair of sentences, through the comparison of syntactic trees. The method makes an exploration of branches of trees trying to find similar nodes between them, giving a degree of similarity by each comparison. The method is designed to take into account the type of each node and, the number of them on each tree and the nodes to match on trees compared, i.e. this proposal considers all of nodes and not only if one tree is contained into another tree.",en,0,cs.AI,False,cs.CL,cs.CL,7.609
189,"The traveling repairman problem is a scheduling problem in which a repairman is supposed to visit some customers at their locations to perform some jobs. Each customer has a time window during which the repairman is allowed to arrive to perform the jobs. The goal is to maximize the number of visited locations. In this work we deal with a special case in which the locations are on a line, the processing time of each job is zero, and the time window length is unitary. Although the general TRP is NP-Hard, the complexity of this special case remains unknown. We introduce a quadratic 4-approximation algorithm based on the 8-approximation algorithm proposed in 2005 by R. Bar-Yehuda, G. Even, and S. Shahar.",en,4,cs.DS,False,cs.DS,cs.DS,12.725
190,"The factors involved in simulating the continuous casting process of steel and the effects of the factors on the thermal behavior were investigated. The numerical methods and the influence of some assumptions were also analyzed, such as nodes used to discretize the steel in array size and computing time to obtain good approaches. The results show that some of these factors are related with the design of the continuous casting plant (CCP), such as geometrical configuration, and the operating conditions, such as water flow rate, heat removal coefficient in the mold, casting times, and casting speed in the strand, which affect the heat removal conditions over the temperature and solidification profiles.",en,7,cs.NA,False,cs.NA,cs.NA,7.645
191,"Unsupervised classifiers do not require previous training to achieve their task, on the contrary, they are able to propose alternative classifications that make more sense using raw data instead of human interpretation. In this article an unsupervised classifier system using the soft graph colouring model is presented. This model has the ability to deal with risk and the probability of committing Type I or II errors, for instance, in medical diagnosis, where we want to minimise the risk of a mistaken prognosis. The proposed model is evaluated using some classical instances, and the results are compared with other classifiers, given in all cases solutions as good or better than supervised classifiers.",en,0,cs.AI,False,cs.LG,cs.LG,10.941
192,"To study fluctuations of the free surface of liquid steel in the mold, two different models with the same casting conditions but different thicknesses were employed to analyze the hydrodynamic behavior at the top of the mold. The first model was a standard thickness slab, and the second had a thickness three times wider. It is found with the second model that above the plane formed by the steel jets, it is possible to observe four three-dimensional vortexes that interact with the submerged entry nozzle (SEN) and mold walls. By using a biphasic model to simulate the interface between the liquid and air inside the mold, the flow asymmetry and the fluctuations of the free surface can be clearly observed.",en,7,cs.NA,False,cs.NA,cs.NA,7.299
193,"This project provides a strategy to improve the quality of linear parks. It is based on recognizing the type of linear park in question through the activities carried out by users and the structural and functional characteristics of the green area. With this information we can establish or check the existence of essential elements to guarantee benefits to users. Three conceptual models were defined from four linear parks in the metropolis of Buenos Aires and the city of Formosa according to the supply and demand of the services they offer. For which it was necessary to consider the infrastructures and vegetation they present, uses and benefits of the linear parks and the activities that are carried out.",en,9,cs.SY,False,cs.NA,cs.NA,8.075
194,Associative Memories (AMs) are mathematical structures specially designed to associate input patterns with output patterns within a single stage. Since the last fifty years all reported AMs have been manually designed. The paper describes a Genetic Programming based methodology able to create a process for the automatic synthesis of AMs. It paves a new area of research that permits for the first time to propose new AMs for solving specific problems. In order to test our methodology we study the application of AMs for real value patterns. The results illustrate that it is possible to automatically generate AMs that achieve good recall performance for problems commonly used in pattern recognition research.,en,0,cs.AI,False,cs.LG,cs.LG,9.311
195,"Academic performance of recently accepted students is one of the main issues in Higher Level Institutions since first scholar periods trend to be the most difficult ones for students. Some institutions offer leveling courses to develop students basic knowledge for later courses. However, it is not clear if these help students in more advanced courses. This work presents an analysis, using decision trees, for predicting marks in two mathematics courses based on different criteria of the performance on a previous leveling course. This allows finding the factors that impact in the marks obtained in posterior courses and determining if the leveling one is helping students to improve their academic performance.",en,0,cs.AI,False,cs.LG,cs.LG,9.693
196,"The mixed postman problem consists of finding a minimum cost tour of a mixed graph traversing all its vertices, edges, and arcs at least once. We consider an NP-hard variant of the mixed postman problem where all arcs must be traversed exactly once, known as the edges postman problem. We present four approximation algorithms for the edges postman problem with different guarantees. Our main result is a \documentclass[12pt]{minimal} \usepackage{amsmath} \usepackage{wasysym} \usepackage{amsfonts} \usepackage{amssymb} \usepackage{amsbsy} \usepackage{mathrsfs} \usepackage{upgreek} \setlength{\oddsidemargin}{-69pt} \begin{document}$$\frac{4}{3}$$\end{document}-approximation algorithm for the edges postman problem.",en,4,cs.DS,False,cs.DS,cs.DS,11.574
197,"Let P be a set of 3k points in the Euclidean plane. A 3-matching is a partition of P into k subsets of 3 points each, called triplets. The cost of each triplet {a, b, c} is given by min{|ab| + |bc|, |bc| + |ca|, |ca| + |ab|}, and the cost of the 3-matching is the sum of the costs of its triplets. The problem of finding a minimum cost Euclidean 3-matching is known to be NP-hard. Two integer programming formulations for this problem were introduced by Johnsson, Magyar, and Nevalainen. First, we prove that the linear programming relaxations of these two models are equivalent. Second, we introduce a new triplet integer programming model. Third, we compare the linear programming relaxations of these three models.",en,4,cs.DS,False,cs.DS,cs.DS,7.679
198,"Accepting that Intelligence is inherently social, agent-based modeling is essential for a general theory of intelligence [4]. In this work an agent-based artificial society is presented. This society has no central authority and agents can behave in an adaptive manner rather than in a rational one. Society evolution is based on meme and complex systems theories. Memes are transmission units of cultural information representing cultural and social artifacts. As a study case, gathering companies modeling are described. The model shows how local convergence can generate global polarization as an emergent phenomenon through the basic premise that an agent adopts the neighbour traits if they are culturally similar.",en,0,cs.AI,False,cs.AI,cs.AI,9.173
199,"Home security systems are increasingly popular and affordable. Whether DIY solutions with various accessories or simpler proposals, they are a tool that many consider essential for their home. However, these systems are not without problems. An important one is the anxiety and the sensation of siege that can cause, ie, that users feel insecure inside their own homes. We propose five design guides focused on consistency, through these and with the help of five experts we perform a heuristic evaluation of three popular solutions in the market to try to find the causes that lead to the harmful effects of security systems. Our results reveal that the leading cause of the false siege is the excess of notifications.",en,2,cs.CR,False,cs.SY,cs.SY,11.716
200,"The relationship between the stability properties of ideal low-n internal modes and the threedimensional (3-D) ideal Mercier criterion for ℓ= 2 torsatron configurations is discussed. A broad range of aspect ratios and pressure profiles are considered. It is found that the low-n modes with resonant surfaces lying in a Mercier unstable region are unstable in most of the cases studied and that the critical beta given by the Mercier criterion is always lower than the critical beta for the lowest-n unstable mode. This is verified even in the cases where global n= 1 modes are unstable. Therefore, the 3-D Mercier criterion is a useful guide in mapping the ideal stability beta limits for these torsatron configurations.",en,9,cs.SY,False,cs.NA,cs.NA,9.664
201,"Home security systems are increasingly popular and affordable. Whether DIY solutions with various accessories or simpler proposals, they are a tool that many consider essential for their home. However, these systems are not without problems. An important one is the anxiety and the sensation of siege that can cause, i.e., that users feel insecure inside their own homes. We propose five design guides focused on consistency, through these and with the help of five experts we perform a heuristic evaluation of three popular solutions in the market to try to find the causes that lead to the harmful effects of security systems. Our results reveal that the leading cause of the false siege is the excess of notifications.",en,2,cs.CR,False,cs.SY,cs.SY,16.171
202,"Trapped electron modes can play an important role in enhancing losses in a toroidal confinement device. They could be one cause of the deterioration of confinement with beta in tokamaks. For straight stellarators and for a model field, it has been shown that the helical ripple and short connection lengths allow for strongly localized solutions to the drift wave equation. Therefore, it is suggested that trapped electron modes in stellarators can be more unstable than in tokamaks. This is particularly the case for low-shear configurations. In this paper, we consider this problem for a realistic 3-D stellarator. We use as input a 3-D equilibrium and include the finite-beta effects self-consistently. 8 refs., 2 figs.",en,7,cs.NA,False,cs.NA,"[from_thinking] cal physics without any mention of CS techniques.

So perhaps none of the categories fit, but since I have to choose one, maybe cs.NA is the closest, assuming numerical methods are used. Alternatively",10.328
203,"The key phrases play a very important role because they allow us to characterize the content of a text in a short way and even answer questions related to it. Due to the above, the extraction and classification of these words are a competent problem in different areas of knowledge such as Information Retrieval, Natural Language Processing, among others. This research presents a proposed solution for the identification and classification of key phrases through automatic learning algorithms, in electronic documents related to health topics written in Spanish. According to the experimental results, the proposed algorithm achieves 94% of correctly classified key phrases and 72% of precision for the identification phase.",en,0,cs.AI,False,cs.CL,cs.CL,8.166
204,"The constrained portfolio optimization problem with multi-objective functions cannot be efficiently solved using exact techniques. Thus, heuristics approaches seem to be the best option to find high quality solutions in a limited amount of time. For solving this problem, this paper proposes an algorithm based on the Method of Musical Composition (MMC), a metaheuristic that mimics an multi-agent based creativity system associated with musical composition. In order to prove its performance, the algorithm was tested over five well-known benchmark data sets and the obtained results prove to be highly competitive since they outperform those reported in the specialized literature in four out of the five tackled instances.",en,0,cs.AI,False,cs.DS,cs.DS,8.878
205,"Evolutionary algorithms have become a popular choice for solving highly complex multi-objective optimization problems in recent years. Multi-objective evolutionary algorithms were originally proposed in the mid-1980s, but it was until the mid-1990s when they started to attract interest from researchers. Today, we have a wide variety of algorithms, and research in this area has become highly specialized. This chapter attempts to provide a general overview of multi-objective evolutionary algorithms, starting from their early origins, then moving in chronological order towards some of the most recent algorithmic developments. In the last part of the chapter, some future research paths on this topic are briefly discussed.",en,0,cs.AI,False,cs.AI,cs.AI,9.294
206,"This work presents an application of a genetic algorithm in the design of digital filters used to implement the discrete wavelet transform. The best compression of a transformed signal is achieved when its power is described by the smallest number of transformation coefficients. The individuals of the genetic algorithm aim to reach this target, at the same time that they reduce the error of the reconstructed signal. In the experiments we worked with grayscale images, and we compared the performance of evolutionary and Daubechies filters. Experimental results show the feasibility and convenience of finding custom wavelets for each image, and support the idea that there is a suitable wavelet to compress any given signal.",en,7,cs.NA,False,cs.CV,"[from_thinking] V tasks.

Wait, another angle: The abstract is about applying a genetic algorithm to design digital filters for wavelet transforms. Wavelet transforms are often used in signal processing, which can be",10.487
207,"Urban trees reforestation grounded in characteristics of plantation sites is necessary to tree maintenance and health care. Decisions concerning when, where and which tree species to plant have important consequences for tree survival and resilience. Through the application of Multiple Correspondence Analysis and Clustering of qualitative criteria, it was possible to establish nine clusters based on the qualitative modalities of planation sites and so to associate them with urban tree species. The use of indexes related to the percentage of modalities with respect to the sample, specificity and homogeneity of clusters resulted useful criteria to describe plantation sites. We study the case of urban trees in Mexico City.",en,7,cs.NA,False,cs.LG,cs.LG,13.706
208,"In this paper we are going to introduce you to the design of a subsystem intended to support the tutoring process in the Basic Sciences and Engineering Division at the Azcapotzalco Campus of the Metropolitan Autonomous University in Mexico City, mainly through distance learning and the implementation of a virtual environment. The problems related to the academic-administrative information are expected to be solved once the subsystem is designed, which in its turn will lead to an increase of the retention rates, a reduction of the permanence time and an optimum control of our students' time. The Eight modules that integrate it will be explained, as well as their insertion in an academic support page aimed at the students.",en,9,cs.SY,False,cs.SY,cs.SY,12.114
209,"In this research paper, a novel framework is proposed to classify and analyze human activities. Granger-causality is applied on a smartphone for the recognition of single user activity. It is done in two different ways. In the first one, human activity is recognized on the basis of casual relationships among X-Y-Z Cartesian axes while the second one is based on the casual relationships among the activities. The graphical representation allowed the understanding of mutual dependencies among activities. A tri-axial accelerometer sensor embedded in a smartphone is used to record the acceleration signal. Six human activities successfully classified are walking, walking-upstairs, walking-downstairs, sitting, standing and lying.",en,9,cs.SY,False,cs.LG,cs.LG,9.746
210,"The method of Smoothed Particle Hydrodynamics (SPH) has been widely studied and implemented for a large variety of problems, ranging from astrophysics to fluid dynamics and elasticity problems in solids. However, the method is known to have several deficiencies and discrepancies in comparison with traditional mesh-based codes. In particular, there has been a discussion about its ability to reproduce the Kelvin–Helmholtz Instability in shearing flows. Several authors reported that they were able to reproduce correctly the instability by introducing some improvements to the algorithm. In this contribution, we compare the results of the Read et al. implementation of the SPH algorithm with the original Gadget-2 N-body/SPH code.",en,7,cs.NA,False,cs.NA,cs.NA,7.411
211,"The two volume set LNAI 9413+ 9414 constitutes the proceedings of the 14th Mexican International Conference on Artificial Intelligence, MICAI 2015, held in Cuernavaca,. Morelos, Mexico, in October 2015. The total of 98 papers presented in these proceedings was carefully reviewed and selected from 297 submissions. They were organized in topical sections named: natural language processing; logic and multi-agent systems; bioinspired algorithms; neural networks; evolutionary algorithms; fuzzy logic; machine learning and data mining; natural language processing applications; educational applications; biomedical applications; image processing and computer vision; search and optimization; forecasting; and intelligent applications.",en,0,cs.AI,False,cs.AI,cs.AI,7.764
212,"The Mexican International Conference on Artificial Intelligence (MICAI) is a yearly international conference series organized by the Mexican Society of Artificial Intelligence (SMIA) since 2000. MICAI is a major international AI forum and the main event in the academic life of the country’s growing AI community. MICAI conferences publish high-quality papers in all areas of AI and its applications. The proceedings of the previous MICAI events have been published by Springer in its Lecture Notes in Artificial Intelligence (LNAI) series, vols. 1793, 2313, 2972, 3789, 4293, 4827, 5317, 5845, 6437, 6438, 7094, 7095, 7629, and 7630. Since its foundation in 2000, the conference has been growing in popularity and improving in quality.",en,0,cs.AI,False,cs.AI,cs.AI,12.268
213,"We study algorithms for the robust graph coloring problem on paths: Given a blue path and a red path (with costs on its edges) on the same set of vertices, find a 3-coloring of the blue path that minimizes the sum of the costs of the red edges whose ends have the same color. First we give an exact but exponential-time algorithm. Then we give a randomized algorithm and we prove that the expected cost of its output is bounded above by half the cost of the red edges and we prove that this bound is sharp. Later, we give a greedy algorithm and we prove that the cost of its output is also bounded above by half the cost of the red edges. Finally, we present some results regarding the maximization problem and we propose some conjectures.",en,4,cs.DS,False,cs.DS,cs.DS,11.498
214,"In this paper we present an ontology solution to solve the problem of language heterogeneity among negotiating agents during the exchange of messages over Internet. Traditional negotiation systems have been implemented using different syntax and semantics. Our proposal offers a novel solution incorporating an ontology, which serves as a shared vocabulary of negotiation messages; and a translation module that is executed on the occurrence of a misunderstanding. We implemented a service oriented architecture for executing negotiations and conducted experiments incorporating different negotiation messages. The results of the tests show that the proposed solution improves the interoperability between heterogeneous negotiation agents.",en,0,cs.AI,False,cs.CL,cs.CL,13.171
215,"Identifying risks and opportunities in an investment is an important issue for investors. There are different strategies used to maximise profits and minimise the risk. However, some problems cannot be efficiently solved using classical techniques of operations research. Thus, heuristic approach seems to be a good option to find high quality solutions in a limited amount of time. We propose a new variant of particle swarm optimisation named PSO-3P to solve the constrained portfolio optimisation problem. The proposed algorithm was tested over five well-known benchmark data sets and the obtained results proved to be highly competitive since they outperform those reported in the specialised literature in almost all tackled instances.",en,0,cs.AI,False,cs.DS,cs.DS,11.111
216,"within cognitive science we are interested in using models that allow us to improve knowledge of cognition. In this work, the design of a behavior is developed involving a methodology that allows us to set up a cognitive model that also takes into consideration the cognitive structure of emotions. The model is located in a small story of the life of a Toltec prince called'Citlalcóatl'. The story of the character is inspired by the elements of adventure videogames genre, with emphasis on the use of narrative and its ability to tell stories. Through the emotions of the prince is intended to achieve empathy in the user which will allow transmitting values of life. The above considering a generic user framework between 16-18 years old.",en,0,cs.AI,False,cs.AI,cs.AI,10.712
217,"A graph is said to be planar if it can be drawn on the plane with vertices as different points and edges as continuous curves that only intersect its vertices. An embedding of a graph is said to be primitive if its edges are primitive segments. A recent conjecture is that all planar graphs with n vertices have a primitive embedding in a square grid of side O(n). It is known that trees have that type of embedding. A smallest primitive embedding is that in which the square grid has side as small as possible. In this work we present some results about the smallest primitive embeddings for trees, outerplanar graphs, and planar graphs with few vertices, as a computational approach to give evidence that the above conjecture might be true.",en,4,cs.DS,False,cs.DS,cs.DS,9.718
218,"Redistricting is the redrawing of the boundaries of legislative districts for electoral purposes in such a way that the federal and state requirements, such as contiguity, population equality and compactness, are fulfilled. The resulting optimization problem involves the former requirement as a hard constraint while the latter two are considered as conflicting objectives. In this paper, the performances of two classical algorithms, simulated annealing (SA) and a discrete particle swarm optimization (DPSO), are compared for the solution of a practical real example in Mexico. Numerical experiments highlighted that the DPSO algorithm outperforms SA, providing a better set of efficient solutions and, thus, leading to higher quality zones.",en,7,cs.NA,False,cs.DS,cs.DS,8.198
219,"We study the Laplacian spectrum of token graphs, also called symmetric powers of graphs. The k-token graph of a graph G is the graph whose vertices are the k-subsets of vertices from G, two of which being adjacent whenever their symmetric difference is a pair of adjacent vertices in G. In this work, we give a relationship between the Laplacian spectra of any two token graphs of a given graph. In particular, we show that, for any integers h and k such that , the Laplacian spectrum of is contained in the Laplacian spectrum of . Besides, we obtain a relationship between the spectra of the k-token graph of G and the k-token graph of its complement . This generalizes a well-known property for Laplacian eigenvalues of graphs to token graphs.",en,4,cs.DS,False,cs.NA,cs.NA,14.473
220,"The Advanced Toroidal Facility (ATF) torsatron [Fusion Technol. 10, 179 (1986)] has completed experiments focusing on microwave scattering measurements of density fluctuations and transport studies utilizing the modulation of dimensionless parameters. Microwave scattering measurements of electron density fluctuations in the core of low‐collisionality electron cyclotron heated (ECH) plasmas show features that might be evidence of trapped electron instabilities. Starting from gyro‐Bohm scaling, the additional dependence of confinement on the dimensionless parameters ν* and β (collisionality and beta) has been investigated by modulating each of these parameters separately, revealing the additional favorable dependence, τE∝τgBν*−0.18β+0.3.",en,7,cs.NA,False,cs.NA,cs.NA,7.854
221,"By the year 2026, it is estimated that the number of smartphone users in Mexico will be approximately 118.1 million. Each smartphone has the functionality of sending and receiving SMS (Short Message Service) messages, which pose a significant threat to all users, as it makes any device vulnerable to a malware attack. In particular, worm-type malware takes advantage of this means of communication in order to spread. Studying the dynamics of malware propagation can help understand and prevent massive contagion between mobile devices. In this work, a model based on Network Automata and compartmental epidemiological models is presented, aiming to simulate, analyze and study the spread of worm-like malware through sending SMS on smartphones.",en,2,cs.CR,False,cs.SY,cs.SY,10.33
222,"This paper analyses the growth of the adsorbed layer during the course of adsorption verified in two types of elliptical pores, oblates and prolates, by means of the Broekhoff de Boer theory. The information provided by the value of the thickness of the adsorbed layer permits to characterize the geometrical features of the liquid–vapour interface at every stage of the isotherm, prior and at the onset of capillary condensation. The features of the liquid–vapour interface that are characteristic of the instability at the onset of capillary condensation were identified. Additionally, the critical ellipsoidal pore sizes were calculated, thus identifying the limit of stability for the formation of the liquid–vapour interface during adsorption.",en,7,cs.NA,False,cs.NA,"The abstract discusses adsorption in elliptical pores using a specific theory, focusing on liquid-vapor interfaces and pore sizes related to condensation. This falls under surface science and fluid mechanics, not computer science.

cs.NA",7.926
223,"Nowadays dynamic behaviour performed by a computer network system shows the posibility to be addressed from the perspective of a control system. This paper discusses the use of Fuzzy Takagi Sugeno real time control with hardware-in-the-loop (HIL) magnetic levitator (maglev) using xPC Target. Here xPC Targe is used as operating environment for real time processing and to connect a computer network system. In that respect, this paper proposes a control reconfiguration based upon a distributed system strategy from the definition of a Takagi-Sugeno approach, considering computer network reconfiguration. Several stages are studied, how computer network takes place as well as how control techniques are modified using Fuzzy Takagi-Sugeno Control.",en,9,cs.SY,False,cs.SY,cs.SY,6.788
224,"We use an average method based on vacuum flux coordinates to study the equilibrium and local stability (Mercier criterion) of low-aspect-ratio stellarator configurations. The results of these studies agree well with three-dimensional (3-D) calculations for the equilibria of both planar and helical magnetic axis configurations. The local stability criterion is a finer test of the equilibrium calculations, and the values obtained for the different terms using the average method and full 3-D calculations are close. This method permits the study of low-aspect-ratio helical axis configurations and the evaluation of the 3-D Mercier stability criterion, since the geodesic curvature term can be computed more accurately than before. 11 refs., 3 figs.",en,7,cs.NA,False,cs.NA,cs.NA,12.478
225,"This paper reviews the implementation of three pre-trained models based on BERT (“bert-base-multilingual-cased”,“IIC/beto-base-spanish-sqac” and “MarcBrun/ixambert-finetuned-squad-eu-en”) to solve tasks 1.1 and 1.2 of “Workshop on Semantic Analysis at SEPLN 2020”(TASS 2020), these tasks consist of the polarity analysis of tweets in Spanish from different Spanish-speaking countries. The proposed models are evaluated individually by pre-processing and replacing synonyms. This research is carried out to find the points to improve in the polarity analysis of tweets (tweets), mainly in how the pre-trained models interpret words that are not in their vocabulary due to variations in the language, regional expressions, misspellings, and use of emojis.",en,0,cs.AI,False,cs.CL,cs.CL,7.259
226,"Mexico City and its challenges Mexico City is neither the largest nor the most populated city of the world as is frequently believed to be. But it is a mega-city with 17 million people. Even though this number includes the whole metropolitan area, it is a fact that there is no defined limit separating the Federal District from its surroundings (INEGI-SEMARNAP 1998).
Urban conditions are difficult for the trees in any city of the world. In Mexico City, conditions are worsened through the following factors: a) Air pollution levels are very high all year round because the city is located 2240 m above the sea level (masl) in a Valley surrounded by high mountains. Problems that do not exist in other cities, such as photochemical pollution, or the enormous",en,7,cs.NA,False,cs.AI,"None of the provided categories (cs.AI, cs.CL, cs.CR, cs.CV, cs.DS, cs.IT, cs.LG, cs.NA, cs.RO, cs.SY) are relevant to this abstract, as it discusses environmental and urban issues rather than computer science topics.

However, since I must choose one category from the list, none of them fit appropriately. But if forced to pick, perhaps cs.CV could be considered for any potential image analysis related to urban areas, but that's a stretch. Alternatively, maybe cs.NA for numerical simulations in environmental modeling, though still not a perfect match.

But given the content is more about environmental science, none of these categories are suitable. However, since I have to choose one, perhaps cs.CV could be considered if there's any image analysis involved, but it's unclear from the abstract.

Alternatively, maybe cs.LG for any data analysis related to",15.986
227,The authors are analyzing the linear stability of trapped electron modes for the ATF torsatron. They have found that the effects of the dissipative trapped electron modes can be changed by using the flexibility of the ATF torsatron. They found that shearless configurations are linearly unstable while those with strong shear are stable. The strongly unstable configurations have narrow eigenfunctions in ballooning space (localized in a field period) and therefore could be easily identified in the experiment; the largest growth rates are obtained for flux surfaces located half out in the minor radius. These results have been obtained considering peaked density profiles; for very flat density profiles a coupling to the sound wave is being considered. 2 refs,en,7,cs.NA,False,cs.NA,cs.NA,15.435
228,"The following paper describes the analysis and design of an Intelligent Learning System (ILS) whose domain is located in structured programming. The latter will be immersed in a Learning Object. The ILS includes artificial intelligence techniques that support the implementation of the teaching-learning process. Two representative scenarios are described. The interaction of the system is based on an inference engine created for general teaching. In this case, the scenarios adapt to the domain of the case studied. The project aims to use artificial intelligence techniques alongside new technologies in order to create systems that provide the user with both: knowledge of a specific domain, as well as the ability to count on self-regulatory learning strategies.",en,0,cs.AI,False,cs.AI,cs.AI,7.603
229,"Researchers need to establish networks with colleagues that work similar topics, frequently, they are looking similar works by exploring free text in scientific publications in order to update them with the recent state of the art. They read the abstracts and decide whether or not it is a related and relevant work. Therefore, this paper presents an approach for linking researchers based on measuring the similarity between the abstracts of their scientific publications in English. Our approach discovers ontological relationships between free text scientific publications using statistical and semantic similarity measures. An evaluation of a gold standard data set is presented, it has shown an average of 0.6399 for Pearson product-moment correlation coefficient.",en,0,cs.AI,False,cs.CL,cs.CL,8.224
230,"In the present work a dynamic model of the production flow of a stamping line is developed. The model allows analyzing the behavior of production flows in the face of the effect of delays in the production process. The main results show that the time delays caused by: unplanned equipment shutdown, lack of shutdown and / or change of sheet, stoppages due to change of tooling and activities attached to the process are determining factors for the fulfillment of the times of Delivery of the finished product. The main contribution of the present work is the proposal of a scenario for decision making in the production control process, in which can be evaluated the percentage of compliance with the production plan and its impact on the operating costs of the process.",en,9,cs.SY,False,cs.SY,cs.SY,12.147
231,"In tackling the problem of liquid steel level regulation in the mold of a continuous steel caster, the values of some system parameters, such as the clogging degree and the discharge coefficients of nozzles, are seldom precisely known. The discrete control laws developed in this work employ on-line estimated values of these parameters, to produce a stable regulation of mold and tundish levels for an industrial-type two-strand continuous slab caster. The estimation procedure is delayed by one time step (the sampling time) in order to become realizable; when the sampling time is small enough, the discrete control scheme gives stability and convergence properties that are analogous to those of an ideal control scheme with accurate knowledge of the parameter values.",en,9,cs.SY,False,cs.SY,cs.SY,6.073
232,"Many authors have pointed out that the steel superficial quality strongly depends on the operating conditions at the continuous caster mold. The analysis of the dynamic behavior of the fluid inside the mold Submerged Entry Nozzle (SEN) was done in this work by means of numerical simulations. In this work, the tundish sliding nozzle was not included. The results of two different turbulence models, the K–e and the Large Eddy Simulations (LES) models were compared. In simulations with both models, the velocity magnitude at 24 points inside the SEN was recorded every 0.001 s. The power spectrum of the results obtained with the LES turbulence model shows that the behavior inside the SEN is periodic. This behavior is compared with that obtained in physical simulations.",en,7,cs.NA,False,cs.NA,cs.NA,7.117
233,"This work deals with the control and synchronization of chaotic systems. In the first part of the work, a general discrete-time strategy is developed to control a class of second-order uncertain nonlinear systems. The proposed strategy is based on an iterative procedure, borrowed from contraction map methodologies, and provides estimates of unmeasured states and modeling errors. Nonidentical chaotic systems can be synchronized by means of the proposed strategy. By assuming that the exact model of the oscillators is not known and that position is the only state available for measurements, the robust synchronization scheme comprises a recursive feedback-control law. Computer simulations are provided to illustrate the operation of the designed synchronization scheme.",en,9,cs.SY,False,cs.SY,cs.SY,10.693
234,"This manuscript presents the design and implementation of an improved convolutional neural network (CNN) for image classification which was carefully crafted to avoid overfitting. Contrary to most CNNs which apply normalization before pooling, our proposed architecture reverse the order of such tasks. The performance of the proposed architecture, named ACEnet, was evaluated using a hold-out method over five selected databases: Olivia, Paris, Oxford Buildings, Caltech-101, and Caltech-256. We present three main results: processing time, training performance and testing performance for each database. Also, we present a comparison versus the well-known Alexnet architecture, where our CNN proposal improves 5.11% the mean testing performance over the selected databases.",en,9,cs.SY,False,cs.CV,cs.CV,8.18
235,"To predict the size, expense, and performance of mag netic fusion reactors, it is critical to know the scaling of particle transport and losses across the magnetic field with machine and plasma parameters. The mechanism for transport in magnetically confined plasmas is not yet known. However, at the plasma edge, losses larger than those predicted by classical theory have been shown to be induced by fluctuations. Numerical calculations of plasma turbulence are expected to lead to the identifica tion of the transport scaling parameters. The fluid ap proach to plasma dynamics makes tractable some plasma turbulence problems for which kinetic theory calculations are, at present, too complex. Only with present supercomputers can this problem be treated for the edge plasma.",en,7,cs.NA,False,cs.NA,cs.NA,8.763
236,"Compression strength of agglomerates manufactured with portland cement and sugar cane waste pulp fiber, has been evaluated. The fiber was modified with a double alkaline treatment using NaOH and Ca(OH) sub 2 , has been determined. Compression strength of the agglomerates have been measured, modifying parameters such as size fiber, reaction time with Ca (OH)2 and fiber/portland cement ratio. The fiber, with and without treatment, was analyzed using infrared spectrometry, electronic microscopy and thermogravimetry tests. The results show that there exists a superficial modification of the fiber. It is concluded that compression strength of the agglomerate is higher than the Mexican standard and higher than some other materials which have been reported in the literature.",en,7,cs.NA,False,cs.DS,"[from_thinking] ical methods, which might fall under cs.DS (Data Structures and Algorithms) for handling data, but again, it's not clear. Alternatively, maybe they used machine learning to analyze the data, making it",10.414
237,"A cognitive model was developed to solve an inverse heat transfer problem of estimating static formation temperatures (SFTs) from logged temperatures in oil wells. The cognitive model is based on formulation of a human expert knowledge with uncertainty, which is expressed in terms of fuzzy rules. Thus, mathematically speaking, an inverse heat transfer problem was solved in this way, based on reactive decision model. The performance of the present method of inverse problem is evaluated by means of oil well C-3007 from the maritime zone of the Gulf of Mexico. The results were compared with the Horner method. It was found that the cognitive method is very accurate, as well as efficient, due to the fact that the SFT can be obtained with only temperature log for each depth.",en,0,cs.AI,False,cs.NA,cs.NA,12.114
238,"With the increase in the number of Web services and the value they are taking, discovery of services that meet the criteria of users becomes a major challenge. This process lacks of well-defined semantic to obtain the implicit meaning of services.
As a solution to the problem described above, in this paper we present an approach based on the use tools of Natural Language Processing (NLP) to extract semantic information from textual descriptions of Web services. This information will be useful for enhancing semantically the discovery process of services. We implemented architecture for experimentation and designed a set of experiments to show the applicability of our solution approach. Experimental results show that a linguistic technique is better than applying extrac-",en,0,cs.AI,False,cs.CL,cs.CL,7.772
239,"Parallel viscosity in the banana regime in a poloidally (E×B) rotating tokamak plasma is calculated to include the effects of orbit squeezing and to allow the poloidal E×B Mach number Mp to have a value of order unity. Here, E is the electric field and B is the magnetic field. The effects of orbit squeezing not only modify the size of the particle orbit, but also change the fraction of poloidally trapped particles. Resonance between the particle parallel (to B) speed u and the poloidal component of the E×B velocity can only occur for those particles with energy (v/vt)2≳M2p (with v the particle speed and vt the thermal speed). Thus, the resonance parallel plasma viscosity in the banana regime decreases exponentially with M2p when M2p≥1, and has a local maximum of M2p∼1.",en,7,cs.NA,False,cs.NA,cs.NA,11.594
240,"Source-code plagiarism detection is an unfortunate but necessary activity when reviewing assignments of programming courses. While being reasonably easy to fool, string-based comparisons offer a high degree of accuracy with almost no false positives and usually a good string similarity metric is the length of their longest common subsequence. In the case of two strings, the dynamic programming algorithm for this calculation unfortunately takes quadratic time even if the strings are equal. In this paper we present an algorithm that, given a batch of source-code files, efficiently finds all pairs of similar files by preprocessing the files and then using a fast branch-and-bound algorithm to find only those pairs whose longest common subsequence is indicative of plagiarism.",en,4,cs.DS,False,cs.DS,cs.DS,9.714
241,Multi-agent communication represents a fundamental activity to enable efficient knowledge exchange towards the fulfillment of a shared goal. Achieve total automation of communication between intelligent agents is one of the most difficult challenges to overcome. This is a problem that occurs when multiple highly heterogeneous agents participate in virtual environments such as Internet. This paper offers an analysis of the components involved in communication and how their characteristics generate heterogeneity. The aim of this study is to provide an analysis tool to describe and quantify the characteristics of heterogeneity during communication between agents. A formal model for the measurement of heterogeneity and an example in which these measurements apply are described.,en,0,cs.AI,False,cs.AI,cs.AI,7.802
242,"This paper analyzes integrated Graphic User Interface (GUI) in the Intelligent Education System (SEI). One of the main goals is to develop an emotional graphical interface through a pedagogical agent. Currently there is already a pedagogical agent which bases its actions on user mistakes and perceived emotions. In this new proposal it is intended that the emotion be generated and analyzed by the same pedagogical agent. It aims to recreate the phenomenon of artificial consciousness of a pedagogical agent within the teaching-learning process in the domain of programming. For conceptualization, we use a simulation of the phenomenon of consciousness in the pedagogical agent. This allows one to interact and integrate information globally in order to enhance the decision making process.",en,0,cs.AI,False,cs.AI,cs.AI,11.071
243,"In the current literature on seismo electromagnetic, it has been reported many earthquakes which present electromagnetic anomalies as probable precursors of their occurrences. Although this methodology remains yet under discussion, is relevant to study many particular cases. In this work, we report a multifractal detrended fluctuation analysis (MFDFA) of electroseismic signals recorded in the Acapulco station during 1993. In October 24, 1993, occurred and earthquake (EQ) with M 6.5, with epicenter at (16.54 N, 98.98 W), 100Km away from the mentioned station. The multifractal spectrum identifies the deviations in fractal structure within time periods with large and small fluctuations. We discuss the dynamical meaning of this analysis and its possible relation with the mentioned EQ.",en,7,cs.NA,False,cs.NA,cs.NA,7.753
244,"This paper presents the results of aerodynamical performance research focused on maintaining the thermal comfort and increasing the energy efficiency of a typical social housing unit located in a high-density urban area. Bioclimatic design strategies are used to develop a sustainable and economic technology in existing housing clusters in Mexico City. A full-scale prototype, built on campus facilities, was used to study the flow conditions around the design. All scaled prototypes implement similar criterion. Furthermore, a scaled prototype is evaluated within a low speed wind tunnel installation. Additionally, numerical simulations were performed at transient state based on previous physical measurements and historical local climatic conditions to determine preferable modifications.",en,9,cs.SY,False,cs.NA,cs.NA,11.438
245,"In this paper we present a simple and didactic methodology to design an ontology for educational purposes. This methodology considers and incorporates the steps of the most outstanding methodologies for ontology design. Some of the reported methodologies specialize on the analysis of the knowledge domain, others in the formality of some of the language used to define it, others in the evaluation and documentation. Graphical Design Methodology (GODeM) is based on the methodological principles reported by Noy & McGuiness, the OntoDesign Methontology, Entreprise Ontology, Toronto Virtual Enterprise and graphical notations. GODeM methodology is used for designing an ontological model which main objective is to personalize learning activities consistent with the student's learning profile.",en,0,cs.AI,False,cs.DS,cs.DS,13.299
246,"We work in this article from different theoretical perspectives for knowing how the economic concept of inequality in the social organization of the states, get in the notions which are used by the human being. The following question is basic: How the children, adolescents and the adults organise and understand the economic inequalities of the countries/states? We made psychogenetic interviews with spanish sujects (between 6 and 50 years of age) to study the interpetations that they have in the different ages and social class, about the wealth and poverty in the countries, the economic differences and the possibilities for the change of situation. The results found out, permit us to open a big discussion about the diversity of explanations that the sujects gave in the different themes.",en,7,cs.NA,False,cs.SY,cs.SY,9.348
247,"Several authors have recently argued that there is a relationship between solar activity and big earthquakes. This work compares Dst index fluctuations along 2012 and 2013, with the earthquake activity near La Paz, Baja California, Mexico. The earthquakes measurements at this place were divided according its deep focus. It was observed that the frequency of the deeper earthquakes increases shortly after considerable fluctuations in the Dst index are registered. We assume that the number of deep earthquakes increases because the interaction of the tectonic plate below that place and the tectonic plates in contact with it increases. This work also shows that the frequency of shallowest minor and light earthquakes increases shortly before a strongest earthquake takes place in the vicinity.",en,7,cs.NA,False,cs.AI,"None of the provided categories (cs.AI, cs.CL, etc.) apply as the abstract discusses geophysical relationships without computational methods. 

Category: None",8.638
248,"We studied the relationship between the stability properties of ideal low-n-internal modes and the three-dimensional (3-D) ideal Mercier criterion for /ell/ = 2 torsatron configurations. For the low-n stability studies, we used the stellarator expansion as implemented in the FAR code. The 3-D Mercier criterion was applied to equilibria calculated with the VMEC code. We found that low-n modes with singular surfaces lying in a Mercier region are, in general, unstable and the critical beta given by the Mercier criterion agrees well with the critical beta for the lowest-n unstable mode. This is verified even in the case of global n = 1 modes. Therefore, the 3-D Mercier criterion is a useful guide in mapping the ideal stability beta limits for these torsatron configurations. 5 refs., 5 figs.",en,9,cs.SY,False,cs.NA,cs.NA,9.415
249,"This article discusses the aspects that are recommendable when designing an interface that includes a collaborative pedagogical agent within a context in which the collaborative learning process is reinforced by the task distribution process that goes with it. The concept of the intelligent tutoring system, conceived as a pedagogical interface agent (interface with human features that permits interaction between system and user), forms the basis of this study. The pedagogical agent is constituted by an intelligent tutoring system that makes a diagnosis adapted to needs of students, so as to improve the learning process. This is achieved by dynamic interaction on a system that has a collaborative and distributed interaction facility, in which the agent is conceived as an educational tool.",en,0,cs.AI,False,cs.LG,cs.LG,9.21
250,"The electoral zone design problem consists in redrawing the boundaries of legislative districts for electoral purposes, in such a way that federal or state requirements are fulfilled. In Mexico, both population equality and compactness of the designed districts are considered as two conflicting objective functions. The present work represents the first intent to apply a classical Multi-Objective Evolutionary Algorithm (the NSGA-II) to this hard combinatorial problem, whereas the Mexican Federal Electoral Institute has traditionnally used a Simulated Annealing (SA) algorithm based on a weighted aggregation function. Despite some convergence troubles, the NSGA-II obtains promising results when compared with the SA algorithm, producing better-distributed solutions over a wider-spread front.",en,0,cs.AI,False,cs.AI,cs.AI,9.714
251,"Many real-world problems may be expressed as nonlinear constrained optimization problems (CNOP). For this kind of problems, the set of constraints specifies the feasible solution space. In the last decades, several algorithms have been proposed and developed for tackling CNOP. In this paper, we present an extension of the “Musical Composition Method” (MMC) for solving constrained optimization problems. MMC was proposed by Mora et al. (Artif Intell Rev 1–15, doi:10.1007/s10462-011-9309-8, ). The MMC is based on a social creativity system used to compose music. We evaluated and analyzed the performance of MMC on 12 CNOP benchmark cases. The experimental results demonstrate that MMC significantly improves the global performances of the other tested metaheuristics on some benchmark functions.",en,0,cs.AI,False,cs.AI,cs.AI,14.519
252,"One of the main objectives of artificial intelligence lies in the simulation of the behavior of living organisms; emotions are a fundamental part of life, and they cannot be left aside when simulating behavior. In this research, software is developed that simulates the behavior of birds with different characteristics. The latter interacts by considering different stimuli from the environment (external), and the internal state of the subject (objectives). To achieve this, a model of birds in the role of prey and predators is developed that focuses on the study of the interaction between these organisms that exhibit specific behaviors in their environment. This project is a seminal work that aims to represent the emotions of birds, and the latter caused by stimuli from a dynamic environment.",en,0,cs.AI,False,cs.AI,cs.AI,8.368
253,"Nowadays dynamic behaviour performed by a computer network system shows the posibility to be addressed from the perspective of a control system. This paper discusses the use of Fuzzy Takagi Sugeno real time control and local fault diagnosis with hardware-in-the-loop (HIL) magnetic levitator (maglev) using xPC Target. Here xPC Target is used as operating environment for real time processing and to connect a computer network system. In that respect, this paper proposes a control reconfiguration approach based upon a cooperative agent strategy and local fault diagnosis using Takagi-Sugeno technique. Several stages are studied, how local fault diagnosis produce a warning value, how computer network is reconfigured, as well as how control techniques are modified using Fuzzy Takagi-Sugeno Control.",en,9,cs.SY,False,cs.SY,cs.SY,8.196
254,"To regulate the level of molten steel in the mold of a continuous casting process, a control scheme is proposed, in which the pressure in the vacuum chamber of the tundish is employed as control input. When the feedback linearising technique is employed, it yields an unusual control law, in which the link between the time derivative of the mold level and the output error is not linear; in this case, the asymptotic stability of the system is not guaranteed. To ensure asymptotic stability, the correctness of the control law is analysed and a modified control law proposed. Numerical simulations show the adequacy of the dynamic performance of the modified control law, and that is feasible to extend the feedback linearising technique to design controllers for a certain class of nonlinear systems.",en,9,cs.SY,False,cs.SY,cs.SY,7.495
255,"The fluid catalytic cracking (FCC) unit is one of the most complex interactive processes in the refining industry, and is difficult to operate and control. This work deals with the regulative control law design for stabilization of the reactor and regenerator temperatures, considering that the kinetics terms are poorly known. The proposed control law makes use of on-line estimates of the input/output modeling errors, obtained from a proportional-integral reduced order observer. The structure of the proposed controller is similar to a proportional-double integral compensator (PI2) such that a new parameterization of the controllers gains is given in terms of the closed-loop and estimation time constants. The performance of the control scheme proposed here is analyzed via numerical simulations.",en,9,cs.SY,False,cs.SY,cs.SY,6.545
256,"A proposal for electromagnetic induction heating of molten glass at mains frequencies is mathematically modelled. The proposed assembly consists of an axial excitation winding and a cylindrical vessel containing molten glass with a central metal column, made of molybdenum or molten tin, which acts as an inner magnetic shield. Ohmic heating of the molten glass is considered assuming that this material behaves as a rigid body. The mathematical model assumes an angular excitation magnetic field intensity with a single pair of poles configuration in order to improve the electromagnetic coupling and increase the active power. According to the numerical results, the proposed assembly could be used for induction heating of molten glass at mains frequencies in a workpiece with a practical 2 m radius.",en,9,cs.SY,False,cs.NA,cs.NA,13.153
257,"The automotive industry faces many demands during its production process. In this context, the OEE (Overall Equipment Effectiveness) is an indicator used in the effectiveness evaluation of manufacturing systems and assembly lines [1]. This index makes it possible to compare the theoretical use of a machine with its real use and thus to identify possible problems and the need to implement improvement actions [2] so that its use helps to improve the performance of the equipment under study. By applying FMEA (Failure Mode and Effects Analysis), the behavior of OEE parameters (availability, performance rate and quality rate) is observed and the severity, occurrence and detection are evaluated; it can also be used to define an autonomous and preventive maintenance plan to facilitate production [3].",en,9,cs.SY,False,cs.SY,cs.SY,13.053
258,"We extended the study on the mass distribution of the spiral galaxy NGC 5278, obtaining the 2D mass distribution of the stellar disk of NGC 5278 using broad band photometric observations and stellar population synthesis models. We performed the rotation curve (RC) decomposition of NGC 5278, subtracting the extracted baryonic disk from the observed RC and fitting only the dark matter RC with four density profiles of dark matter (DM) halos: Hernquist (HH), Burkert (BH), Navarro, Frenk and White (NFW) and Einasto (EH). The main results of this work were that the HH DM halo better fitted the DM RC of NGC 5278 in the case of disk mass M_d= 5.6× 10^{10} M_ {odot} and less 30% of this value, and also that the cored (n< 4) EH DM halo better fitted the DM RC of NGC 5278 in the case of more 30% disk mass.",en,7,cs.NA,False,cs.NA,cs.NA,9.47
259,"Ontology design is a complex task that requires the use of some graphical tools to assist the ontology developer. Although there have been great advances in ontology engineering research, a standard graphical notation has not been adopted yet. In this paper we propose a graphical notation for ontology design aiming at facilitating to share and reuse ontology designs between ontology users. Some authors propose the mapping of ontology elements with Unified Modeling Language (UML) components. However, a direct association between UML elements and ontology design issues does not exist. OntoDesign Graphics is an easy to learn graphical notation that it is used for displaying visually the elements of the ontology design, facilitating the design and integration of other designs clearly and efficiently.",en,0,cs.AI,False,cs.AI,cs.AI,10.275
260,"We present a novel method for lossless data compression that aims to get a different performance to those proposed in the last decades to tackle the underlying volume of data of the Information and Multimedia Ages. These latter methods are called entropic or classic because they are based on the Classic Information Theory of Claude E. Shannon and include Huffman [8], Arithmetic [14], Lempel-Ziv [15], Burrows Wheeler (BWT)[4], Move To Front (MTF)[3] and Prediction by Partial Matching (PPM)[5] techniques. We review the Incompressibility Theorem and its relation with classic methods and our method based on discovering symbol patterns called metasymbols. Experimental results allow us to propose metasymbolic compression as a tool for multimedia compression, sequence analysis and unsupervised clustering.",en,5,cs.IT,False,cs.IT,cs.IT,11.375
261,"Any system that is said to be context-aware is capable of monitoring continuously the surrounding environment, that is, capable of prompt reaction to events and changing con-ditions of the environment. The main objective of a context-aware system is to be continu-ously recognizing the state of the environment and the users present, in order to adjust the environment to an ideal state and to provide personalized information and services to users considering the user profile. In this chapter, we describe an architecture that relies on the incorporation of intelligent multi-agent systems (MAS), sensor networks, mobile sensors, actuators, Web services and ontologies. We describe the interaction of these technologies into the architecture aiming at facilitating the construction of context-aware systems.",en,0,cs.AI,False,cs.SY,cs.SY,7.914
262,"We present a novel method for lossless data compression that aims to get a different performance to those proposed in the last decades to tackle the underlying volume of data of the Information and Multimedia Ages. These latter methods are called entropic or classic because they are based on the Classic Information Theory of Claude E. Shannon and include Huffman [8], Arithmetic [14], Lempel–Ziv [15], Burrows Wheeler (BWT)[4], Move To Front (MTF)[3] and Prediction by Partial Matching (PPM)[5] techniques. We review the Incompressibility Theorem and its relation with classic methods and our method based on discovering symbol patterns called metasymbols. Experimental results allow us to propose metasymbolic compression as a tool for multimedia compression, sequence analysis and unsupervised clustering.",en,5,cs.IT,False,cs.IT,cs.IT,10.319
263,"Meniscus profile of molten steel in the mold of a slab continuous caster is analyzed in this work by means of physical and numerical simulations. In the physical simulations a one-third scale water model was employed to carry out experiments in which the influence of the water flow rate and the immersion depth of the entry nozzle was investigated. Meniscus profile was tracked employing ultrasonic level sensors located at six different positions along the mold wide walls. In the numerical simulations, computational fluid dynamics software was employed to characterize the flow of molten steel inside the mold. A good qualitative agreement between physical and numerical simulations is obtained. The results are discussed in order to find the optimal position of the mold level sensor in industrial casters.",en,7,cs.NA,False,cs.NA,cs.NA,9.979
264,"Parallel viscosity in the banana regime in a poloidally (E x B) rotating tokamak plasma is calculated to include the effects of orbit squeezing and to allow the poloidal Mach number, Mp, to have a value of order unity. Here, E is the electric field and B is the magnetic field. The effects of orbit squeezing not only modify the size of the particle orbit, but also change the fraction of the poloidally trapped particles. The resonance between the particle parallel (to B) speed, u, and the poloidal component of the E x B velocity can only occur for those particles with energy (v/vt) 2> Mp2. Thus, the resonance parallel plasma viscosity decreases exponentially with Mp2 when Mp≥ 1, as originally noted by [KC Shaing, EC Crume, Jr., and WA Houlberg]. Here, vt is the thermal speed and v is the particle speed",en,7,cs.NA,False,cs.NA,cs.NA,14.343
265,"Business activities require to obtain, organize and manage information from large amounts of data. In hedge funds, short selling trade and derivatives valuation, agents change their strategies to improve pro-fits, and therefore to increase their possibilities to remain in the market, as a result of finding more accu-rate methods to process ever larger volume of information, considering that the information is not evenly distributed among markets participants. In this paper, a hybrid three stage model is formulated consisting of: a high frequency market model through a non-stationary Compound Poisson Process, a multilayer perceptron trained by backpropagation and, finally, estimators based on alpha-stable distributions, as an initial overview to develop a high frequency trading market operating system.",en,0,cs.AI,False,cs.LG,cs.LG,10.25
266,"We present the results of experimental and theoretical studies of fluctuations and instabilities in the ATF torsatron, a type of stellarator. Measurements of globally coherent magnetic fluctuations in high-{beta} plasmas with narrow pressure profiles produced by a field error show evidence of self-stabilization ( second stability'); the trends are compatible with theoretical analysis of self-stabilization of resistive curvature-driven instabilities, but there are discrepancies between the absolute experimental and theoretical fluctuation amplitudes. Fluctuation measurements in plasma with broad pressure profiles reveal new phenomena--specifically, toroidally localized magnetic fluctuations, whose amplitudes increase with plasma pressure, and coherent density fluctuations with significant radial width.",en,7,cs.NA,False,cs.NA,cs.NA,10.953
267,"The lack of social and emotional reciprocity and the difficulty to implement executive functions (EF) are problems associated with Autism Spectrum Disorder. It has been described that this, together with the difficulty to develop self-awareness, are factors that affect the development of flexibility of thought and in the hierarchization of tasks to think and act efficiently. This article presents a proposal to identify five levels of consciousness in children with Autism Spectrum Disorder associated with levels of cognitive interaction with a humanoid robot. The user-centered design methodology was implemented. The results show that the use of robot expressions associated with a children's level of consciousness can help to program interactions with greater possibilities of communicational interaction.",en,8,cs.RO,False,cs.RO,cs.RO,7.871
268,"We present the results of numerical simulations on the M51-type galaxy pair KPG 302 (NGC 3893/96) taking as boundary conditions for these simulations the results of our observations on the kinematics of this pair. The observations allow us to deduce the different components of each galaxy in the pair (stellar disk and bulge, dark matter halo) as well as the geometry of the encounter at the present time. The numerical simulations were carried out using GADGET2 numerical code including gas. We describe in detail how the numerical simulations are being done. We succeeded to reproduce the actual conditions of the pair, in particular, the grand-design spiral arms of NGC 3893 (the main galaxy of the pair) when the numerical simulations include gas, consider a parabolic direct collision and multiple passages.",en,7,cs.NA,False,cs.NA,cs.NA,9.01
269,"The increasing amount of information in diagnostic imaging demands more efficient software tools. The picture archiving and communications systems (PACS) offers solutions to adequately manage large quantities of diagnostic information. Based on the specifications of a digital imaging and communications in medicine (DICOM) 3.0 information model, we have developed a preliminary software representation. We have applied the unified software development process. This process has established phases and workflows to obtain quality characteristics, like completeness, extensibility, reusability and reliability. Also, the unified modeling language was used to represent the results. Three workflows were used to produce an architecture of the library. Our model satisfies the DICOM information model specifications.",en,9,cs.SY,False,cs.SY,cs.SY,8.953
270,"In this work a numerical analysis of the very early stages of the multiphase flow and the onset of turbulence in copper converters with lateral injection is presented. Dimensions and operating conditions corresponding to industrial converters are employed in the 2D transient twophase numerical simulations. A submergence depth for the tuyere of 0.5 m and 1.0 m of molten bath depth were assumed in the Computational Fluid Dynamics simulations. Air velocities at the tuyere inlet were varied from 5 to 50 ms-1, and integration times up to 10 s were considered. A transition from bubbling to jetting regime is observed as injection velocity is increased. Computer results show that in spite of air is horizontally injected, the hydrostatic pressure of molten copper pushes the jet towards the nearest converter wall.",en,7,cs.NA,False,cs.NA,cs.NA,8.52
271,"Ontologies have gained popularity in the scientific community as representational mechanisms to support intelligent reasoning and execute inferences. In this paper we describe an ontology designed specifically to represent academic contexts at a public university. This model consists of a collection of ontologies designed to represent persons, physical space, sensor networks, events, etc. among other entities that exist in the academic environment. In particular, we describe the design requirements that guided the construction of the ontologies. The resulting ontology model is evaluated considering the competency of the ontology, and the concept domain coverage. Results are promising and the set of competency questions are translated to queries showing that the ontology model adheres to the requirements.",en,0,cs.AI,False,cs.AI,cs.AI,10.096
272,"The standard Brightness Constancy Equation states spatiotemporal shift invariance of the input data along a local velocity of optical flow. In its turn, the shift invariance leads to a periodic function of a real argument. This allows application of a known test for periodicity to computation of optical flow at random locations. The approach is valid also for higher dimensions: for example, it applies to a sequence of 3D tomography images. The proposed method has a reasonably high accuracy for continuous flow and is noise tolerant. Special attention is paid to weak signal input. It is shown that a drastic reduction in the signal strength worsens the accuracy of estimates insignificantly. For a possible application to tomography, this would lead to an unprecedented diminution of harmful radiation exposure.",en,7,cs.NA,False,cs.CV,cs.CV,8.096
273,"Redistricting is the redrawing of the boundaries of legislative districts for electoral purposes in such a way that Federal or state requirements are fulfilled. In 2015 the National Electoral Institute of Mexico carried out the redistricting process of 15 states using a nonlinear programming model where population equality and compactness were considered as conflicting objective functions, whereas other criteria, such as contiguity, were included as constraints. In order to find high quality redistricting plans in acceptable amounts of time, two automated redistricting algorithms were designed: a Simulated Annealing based algorithm, and an Artificial Bee Colony inspired algorithm. Computational results prove that the population based technique is more robust than its counterpart for this kind of problems.",en,0,cs.AI,False,cs.DS,cs.DS,10.516
274,"An estimation algorithm related to the kinetics terms of the main uncertainties present in a continuous stirred tank bioreactor, is developed. This algorithm is based on a proportional–integral reduced order uncertainty observer. With the estimate generated of the uncertain term, an input–output linearizing feedback control is designed which provides robust regulation model uncertainties, noisy measurements and sustained disturbances. This control strategy could be represented as PI2 controller where new tuning rules of the controller gains are given in terms of the estimation and closed-loop time constants. The performance of the estimation algorithm and the corresponding closed-loop behaviour of the system are compared to a standard PI controller and they are illustrated by means of numerical simulations.",en,9,cs.SY,False,cs.SY,cs.SY,10.65
275,"Using the data obtained previously from Fabry–Perot interferometry, we study the orbital characteristics of the interacting pair of galaxies KPG 302 with the aim to estimate a possible interaction history, the conditions necessary for the spiral arm formation, and initial satellite mass. We found by performing N-body/smoothed particle hydrodynamics simulations of the interaction that a single passage can produce a grand design spiral pattern in less than 1 Gyr. Although we reproduce most of the features with the single passage, the required satellite to host mass ratio should be∼ 1: 5, which is not confirmed by the dynamical mass estimate made from the measured rotation curve. We conclude that a more realistic interaction scenario would require several passages in order to explain the mass ratio discrepancy.",en,7,cs.NA,False,cs.NA,cs.NA,8.291
276,"This paper presents a new home classification using a data mining approach and clustering algorithms. It
focus in sociological characteristics. Data was obtained from a survey used in the research project ""The
Dwelling of Older Adults in the Central City"" that is part of a larger research project entitled ""Habitat and
Centrality"". This survey has 3,000 registers and 294 columns. From this, we selected 30 columns that were
categorized in 4: gender, if at least one child exists, if a partner exists, and if there are one or more elder. Elder
were 64 or more, following Mexican guidelines. Classification was performed with 6 clustering algorithms,
and evaluated by silhouette and Dunn. The proposed classification is 10 clusters, that more adequately
represent the type of families from a sociological point of view.",en,0,cs.AI,False,cs.LG,cs.LG,14.543
277,"The fluid flow modifier technology for continuous casting process was evaluated through numerical simulations and physical experiments in this work. In the casting of steel into the mold, the process presents liquid surface instabilities which extend along the primary cooling stage. By the use of trapezoid elements installed on the external walls of the submerged nozzle, it was observed that it is possible to obtain symmetry conditions at the top of the mold and prevent high level fluctuations. The flow modifiers have equidistant holes in the submerged surface to reduce the velocity of the liquid surface by energy and mass transfer between the generated quadrants. A flow modifier drilled with a 25 pct of the submerged surface provides stability in the mold and structural stability of the proposal is guaranteed.",en,7,cs.NA,False,cs.NA,cs.NA,7.294
278,"The two-volume set LNAI 10061 and 10062 constitutes the proceedings of the 15th Mexican International Conference on Artificial Intelligence, MICAI 2016, held in Cancún, Mexico, in October 2016. The total of 86 papers presented in these two volumes was carefully reviewed and selected from 238 submissions. The contributions were organized in the following topical sections: Part I: natural language processing; social networks and opinion mining; fuzzy logic; time series analysis and forecasting; planning and scheduling; image processing and computer vision; robotics. Part II: general; reasoning and multi-agent systems; neural networks and deep learning; evolutionary algorithms; machine learning; classification and clustering; optimization; data mining; graph-based algorithms; and intelligent learning environments.",en,0,cs.AI,False,cs.AI,cs.AI,10.665
279,"Synonymy is a relation of equivalence between the meanings of one or more words which allows the use of any word in an equivalent way depending on the context. Given the difficulty of defining the concordance between the meanings, the Natural Language Processing has focused on researching computational techniques that allow defining pairs of synonyms automatically. In this paper, a method based on lexico-syntactic patterns is proposed for the validation of semantic relations of synonymy between ontological concepts. An acronym will be considered a type of synonym within our paper. The results obtained by our proposed method were compared with the criterion of three experts, resulting above 80% of accuracy in the concordances of opinion between what is marked by the experts and the results of our proposed method.",en,0,cs.AI,False,cs.CL,cs.CL,6.861
280,"In this work the multiphase flow in a top blown Basic Oxygen Furnace (BOF) is analyzed through Computational Fluid Dynamics software. The phases considered were molten iron and gaseous oxygen. 2D transient computer simulations without chemical reaction were carried out employing the Volume of Fluid multiphase model. In order to get a proper reproduction of the fluid flow, the Reynolds Stress Model was selected as turbulence model, and the Pressure Implicit Splitting Operation algorithm was applied to do the coupling between pressure and velocity. Besides, surface tension forces and wall adhesion were considered in the numerical simulations. Volume fraction and flow paths were obtained for each phase as a function of the jet velocity. Numerical results show that slopping is strongly dependent on the jet Mach number.",en,7,cs.NA,False,cs.NA,cs.NA,8.306
281,"Scientific publications are the most important resources available to the research communities. Researchers want their work to be widely recognized and available and also need powerful search engines to identify other publications and researchers working in the same area. Therefore, a good representation and organization of scientific products is crucial for an accurate retrieval of information. This paper describes an approach for automated population and semantic enrichment of an ontology model that represents scientific publications. Specifically, the type of enrichment used in this approach consists of implementing semantic similarity measurements between publications. Several experiments were performed to identify the best similarity measurement, using a statistical approach and the precision of the measurements.",en,0,cs.AI,False,cs.SY,cs.SY,15.845
282,"One of the distributed artificial intelligence objectives is the decentralization of control. Multi-agent architectures distribute the control among two or more agents, which will be in charge of different events. In this paper the design of a parallel Multi-agent architecture for genetic algorithms is described, using a bottom-up behavior design and reactive agents. Such design tries to achieve the improvement solution of parallel genetic algorithms. The purpose of incorporating a reactive behavior in the parallel genetic algorithms is to improve the overall performance by up-dating the sub-populations according to the general behavior of the algorithm avoiding getting stuck in local minima. Two kinds of experiments were conducted for each one of the algorithms and the results obtained with both experiments are shown.",en,0,cs.AI,False,cs.AI,cs.AI,8.147
283,"In this paper, we describe the process by which web services ontologies are populated from a web services collection. The general approach relies on a global ontology model that is used to represent automatically web services. The model is enriched with web service instances classified into a taxonomy. The main idea is to extract taxonomic relations (isTypeOf) from web services using a supervised classifier of textual descriptions attached to web services. The entire process for ontology population involves the following tasks: text extraction from web service descriptions, classification of text descriptions and extraction of taxonomic relations (instances of classified web services). An experimentation was carried out with a collection of web service, which shows promising results and the feasibility of our approach.",en,0,cs.AI,False,cs.LG,cs.LG,7.941
284,"The generalized robust colouring problem (GRCP) deals with a robust colouring for a given graph with a fixed number of colours, not necessarily the chromatic number and considers the distance between colours as the penalization of complementary edges. This problem provides a way to solve timetabling problems that consider ‘event spread constraints’ such as ‘there must be at least d days between two events’. Because this problem is NP-hard, a heuristic approach is necessary to produce good solutions in a reasonable amount of time for large instances. In this work a greedy randomized adaptive search procedure (GRASP) is proposed to solve GRCP, which was used in instances to schedule course lectures requiring from 30 to 120 h per week in total, in which the bound of the optimal solution is reached in almost every instance.",en,4,cs.DS,False,cs.DS,cs.DS,11.511
285,"The calculation of non-saturated inductances for a solid-rotor generator is performed using analytical formulae and finite-element computations. The inductance profiles are obtained in the ABC frame of reference. It is assumed that the machine is operating in the linear region of the open-circuit characteristic. Finite-element simulations are more accurate than analytical approaches since the electromagnetic phenomena is better represented. On the other, hand, analytical formulae is computationally less expensive but accuracy is questionable since many approximations are considered for their final establishment. Proper combination of both techniques gives a good trade-off between accuracy and computational costs. Steady-state inductances are employed for example in the determination of the machine operation safe regions.",en,9,cs.SY,False,cs.NA,cs.NA,8.368
286,"Current technological advance opens up a range of possibilities in the educational area, to which new technologies have been incorporated to improve it. Emphasizes the participation of different areas of knowledge, to the moment on the sidelines. Affective computing in conjunction with graphic design offers the ability to enhance the visual impact of interfaces and avatars by applying his theories, including the use of color and the role of emotions during the interaction. This work focuses on a proposal in which color psychology with learning styles is related by own of each characteristic. Another important part of this proposal is that depending on the resulting learning style may be related to a personality. This will allow modeling an avatar, including emotional characteristics both in their behavior and appearance.",en,0,cs.AI,False,cs.AI,cs.AI,8.665
287,"Colouring problems can model different problems in the real world. Among the problems of colouring we have the Soft Graph Colouring, in which, given an undirected complete graph with weights on its edges (penalisations), we search to reduce the sum of the penalisations between two vertices painted with the same colour. Also, we have the classic colouring problems, which includes: minimal, weak, equitable and robust colouring. The objective of this work is to develop an integrative model that solves the classic colouring problems through the Soft Graph Colouring model and GRASP metaheuristic algorithm, using particular instances to each colouring problem that allow to compare how efficient the proposed model is; so will be possible to observe the behaviour of Soft Graph Colouring solving other types of colouring problems.",en,4,cs.DS,False,cs.DS,cs.DS,10.687
288,"today the garment industry in México is vulnerable to complex problems. This type of industry is subject to influences which over time, modify the perceptions of those involved in the design process due to the fact that they face problems that have both objective and subjective characteristics. In this study we used interviews, direct observation methodology, and theoretical argumentation to obtain the experts’ knowledge as they describe the problems that arise in the process of garment design for Mexican markets. The objective of this work is to generate a methodology so that the expert in this field will become highly specialized, resulting in heightened abilities and reinforcing them with the methodology of soft systems and the design management model. The results suggest that they are applicable to any area of design.",en,0,cs.AI,False,cs.SY,cs.SY,12.234
289,"Districting is the redrawing of the boundaries of legislative districts for electoral purposes in such a way that the Federal or state requirements, such as contiguity, population equality, and compactness, are fulfilled. The resulting optimization problem involves the former requirement as a hard constraint while the other two are considered as conflicting objective functions. The solution technique used for many years by the Mexican Federal Electoral Institute was an algorithm based on Simulated Annealing. In this article, we present the system proposed for the electoral districting process in the state of Mexico. This system included, a geographic tool to visualize and edit districting plans, and for first time in Mexico, the use of an Artificial Bee Colony based algorithm that automatically creates redistricting plans.",en,0,cs.AI,False,cs.AI,cs.AI,11.378
290,"In this paper, we present a visual emulator of the emotions seen in characters in stories. This system is based on a simplified view of the cognitive structure of emotions proposed by Ortony, Clore and Collins (OCC Model). The goal of this paper is to provide a visual platform that allows us to observe changes in the characters' different emotions, and the intricate interrelationships between: 1) each character's emotions, 2) their affective relationships and actions, 3) The events that take place in the development of a plot, and 4) the objects of desire that make up the emotional map of any story. This tool was tested on stories with a contrasting variety of emotional and affective environments: Othello, Twilight, and Harry Potter, behaving sensibly and in keeping with the atmosphere in which the characters were immersed.",en,0,cs.AI,False,cs.AI,cs.AI,11.39
291,"Universities must know the research profiles and professional competences of professors and researchers to be more competitive and know how to offer creative solutions (through courses, diplomas, research projects, etc.) to complex needs of society. Therefore the representation, management, and exploitation of researcher profiles are important tasks that must be addressed. In this paper we investigate on the use of ontologies as the main solution approach to support the representation of researcher profiles in a given academic environment. We describe the ontology model design, the automatic ontology population process, and the discovery and enrichment of interesting semantic relations between researcher profiles. The functional competency of the resulting ontology is evaluated utilizing a set of inference rules and queries.",en,0,cs.AI,False,cs.AI,cs.AI,14.62
292,"In the initial phase of ATF operation, the plasma minor radius and the edge rotational transform were reduced by field errors. This caused an effective change of the magnetic configuration: it improved the stability properties but worsened the equilibrium properties. The threshold for the second stability regime was lowered to ..beta../sub 0/ /approximately/ 1.5%. Experimental profile data are compatible with operation in the second stability regime, and the achieved beta values, ..beta../sub 0/ /approximately/ 3%, are well beyond the theoretically calculated threshold. Magnetic fluctuation measurements showed the effects of beta self-stabilization. They are in reasonable agreement with the predictions of the theory and support the evidence that ATF has already operated in the second stability regime. 24 refs., 20 figs., 1 tab.",en,7,cs.NA,False,cs.NA,cs.NA,9.616
293,"Violence in Mexico presents a significant challenge to public safety and social stability and requires a comprehensive understanding of its temporal dynamics. This study uses a complex temporal networks approach to analyze patterns of violence across municipalities, focusing on crimes such as homicide, sexual assault, discrimination, and armed robbery. Using data spanning 6 years (2015–2021), this study builds temporal networks to find fundamental patterns and trends in violence. Then, using advanced network analysis techniques, including robustness assessment and influence quantification, key influential municipalities were identified within the violence network. The findings of this research can offer valuable information to carry out specific interventions and resource allocation strategies to improve public safety in Mexico.",en,7,cs.NA,False,cs.SY,cs.SY,9.271
294,"The Dst or Disturbance storm time index is a measure of geomagnetic activity used to assess the effect of magnetic storm. Solar storm can disrupt communication and navigational equipment, damage satellites, and even cause blackouts by damaging power plant and electrical grid components. On March 13th, 1989, a geomagnetic superstorm (Dst=-589nT) occurred, affecting power systems of Canada and United States contries, resulting in a major power outage for the majority of Quebec region and the northeastern of United States. Central and southern Sweden also experienced power losses. Because our civilization has evolved into a technology dependent society. Today a solar storm of this magnitude or greater could produce a global catastrophe. In this work we used the recurrence plot series to characterize the dynamic of the time serie (Dst).",en,9,cs.SY,False,cs.NA,cs.NA,8.531
295,"The Content-Based Image Retrieval (CBIR) techniques comprise methodologies intended to retrieve self-content descriptors over the image data set being studied according to the type of the image. The main purpose of CBIR consists in classifying images avoiding the use of manual labels related to understanding of the image by the human being vision. In this work we provide a new CBIR procedure which works with local texture analysis, and which is developed in a non supervised fashion, clustering the local achieved descriptors and classifying them with the use of a K-means algorithm supported by the genetic algorithm. This method has been deployed in LabVIEW software, programming each part of the procedure in order to implement it in hardware. The results are very promising, reaching up to 90% of recall for natural scene classification.",en,0,cs.AI,False,cs.CV,cs.CV,6.274
296,"The fuel economy and carbon dioxide emissions (CO 2) of a heavy duty pickup moving in a driving cycle is calculated using the sofware UAMmero. The driving cycle consists of three parts: in the first part the vehicle is simulated to travel in an urban region in which the speed changes constantly, in the second part the simulated vehicle travels in a highway with a cruise speed of 88.514 kilometers/hour and in the third part the simulated vehicle travels at a cruise speed of 104.607 kilometers per hour. Results for the fuel economy and CO 2 emissions for a 4.407 ton, six gear transmission, 200 horse power diesel engine heavy Duty pickup are presented for different masses of the loads and slopes of the road. These results are part of a study to propose a method to certify heavy duty vehicles for fuel economy and CO 2 emissions in Mexico.",en,9,cs.SY,False,cs.SY,cs.SY,7.985
297,"A virtual community is a social group of any size that shares common interests and communicates through the Internet. A user joins a virtual community not only because of its popularity or the quality of its contents, but also owing to the user experience that the platform offers. Anticipated User eXperience (AUX) allows knowing the idealisations, hopes, and desires of the users in a very early stage of any development. Participation is a crucial component in the growth and survival of any virtual community. An essential element for people to participate in a virtual community is that the platform should provide suitable user tools, which are widgets that allow users to interact with their peers. We propose an AUX evaluation framework for user tools, whose intention is to improve their design, and through it, the participation of users.",en,0,cs.AI,False,cs.SY,cs.SY,7.336
298,"Given a set P of 3k points in general position in the plane, a Euclidean 3-matching is a partition of P into k triplets, such that the cost of each triplet (u, v, w) is the sum of the lengths of the segments \documentclass[12pt]{minimal} \usepackage{amsmath} \usepackage{wasysym} \usepackage{amsfonts} \usepackage{amssymb} \usepackage{amsbsy} \usepackage{mathrsfs} \usepackage{upgreek} \setlength{\oddsidemargin}{-69pt} \begin{document}$$\overline{uv}$$\end{document} and \documentclass[12pt]{minimal} \usepackage{amsmath} \usepackage{wasysym} \usepackage{amsfonts} \usepackage{amssymb} \usepackage{amsbsy} \usepackage{mathrsfs} \usepackage{upgreek} \setlength{\oddsidemargin}{-69pt} \begin{document}$$\overline{wv}$$\end{document}, and the cost of the 3-matching is the sum of the costs of its triplets. We are interested in finding non-crossing …",en,4,cs.DS,False,cs.DS,cs.DS,8.407
299,"A virtual community is a social group of any size that shares common interests and communicates through the Internet. A user joins a virtual community not only because of its popularity or the quality of its contents, but also owing to the user experience that the platform offers. Anticipated User eXperience (AUX) allows knowing the idealisations, hopes, and desires of the users in a very early stage of any develop-ment. Participation is a crucial component in the growth and survival of any virtual community. An essential element for people to participate in a virtual community is that the platform should provide suitable user tools, which are widgets that allow users to interact with their peers. We propose an AUX evaluation framework for user tools, whose intention is to improve their design, and through it, the participation of users.",en,0,cs.AI,False,cs.SY,cs.SY,6.289
300,"The effect of the quantity of reagent used by weight of starch, the reaction temperature, the time and the pH of the suspension on some physicochemical properties were evaluated. An increment of the swelling power and the solubility of maize starch, and a slight reduction of the initial temperature of gelatinization were proved. The reaction temperature was the most important variable in the process. Higher reaction temperature provokes a reduction of the substitution or introduction of acetyl groups, while the time of reaction and suspension pH significantly influence swelling power and the solubility of starch. These properties increased with short reaction time (1 h) and a pH range of 8.0-8.5. No important changes in viscosity due to the modification occurred, although a tendency to diminish with increased acetylation level was found.",en,7,cs.NA,False,cs.CV,"[from_thinking] a stretch? Or maybe cs.CV if they used image analysis for some property measurements, but that's speculative.

Alternatively, perhaps it's best to recognize that this abstract doesn't belong to any CS",10.409
301,"Security on electronic voting systems is fundamental; it must assure the integrity of all the elements involved or generated during a voting process. This paper presents a design of secure architectures for providing security, integrity and authenticity of the most important elements involved in an electoral process: configuration files, recorded votes and final result files. Also, different cryptographic protocols for assuring security properties of configuration and final result files are presented as a part of one of the layers of the architectures. We consider a polling place electronic voting system composed by three stages and the use of three different systems during the whole process. Our analysis of architectures and protocols shows that the designed elements assure the secure properties which an electronic voting system must fulfill.",en,2,cs.CR,False,cs.CR,cs.CR,3.85
302,"The basic concepts of logic gates are now taught in high school and university. In laboratories, it is essential to understand the integrated circuits (ICs) that make digital systems and computers possible. This paper proposes an augmented reality (AR) system based on smart phones that automatically identifies 7 basic logic gate integrated circuits that are: AND gate, OR gate, NOT gate, NAND gate, NOR gate, XOR gate and XNOR gate. Starting from the IC image taken by the smartphone, it digitally generates a layer of virtual objects that are then mixed with the original image. Under the markerless paradigm, 2 virtual objects are placed over the IC: IC identification and pin information. Finally, the smartphone screen shows the image of the logic gate obtained. The entire evaluation of the AR system is presented with a technical efficiency of 100%.",en,9,cs.SY,False,cs.CV,cs.CV,7.081
303,"It is possible that innate characteristics can have a certain effect on the students' performance. Two of the most important characteristics of a person are their gender and their age. Universities are institutions that must be opened for every person, not mattering their age of gender, however it could be possible that these factors could represent a decisive factor over students' performance. For this reason, educational analytics must be performed for determining if there is a relationship between the age, the gender and both of them over students' performance. The goal of this work is to show if there is a relationship between age and gender over the performance of engineering students. Results show that gender is not a decisive factor for determining if a student will finish their studies, but age clearly represents a topic to be considered.",en,0,cs.AI,False,cs.LG,"[from_thinking] they used ML methods, but if not, perhaps none of these categories apply. But since we have to choose one, and considering that educational analytics often uses ML for predictions, I'll go with cs.LG.",10.675
304,"In this paper, simulation studies are performed in order to compare three control algorithms: a neurocontroller with a single perceptron, a fuzzy controller and a conventional proportional-plus-integral control. Each of the three control algorithms is tested on a continuous stirred tank reactor, under identical conditions with respect to set point regulation and load disturbances. The product composition is the controlled variable, and the manipulated variable is the coolant flowrate. Simulation results of the ability of each controller are shown for the regulatory and servo control of the reactor. It is found that the neuro-control algorithm compares well with the other two control systems, while the fuzzy controller performance was better than the fixed-gain PI controller. The best characteristics of each of the control algorithms are discussed.",en,9,cs.SY,False,cs.SY,cs.SY,7.1
305,"In addition to the usual tests for analyzing the performance of a decision tree in a classification process, the analysis of the amount of time and the space resource required are also useful during the supervised decision tree induction. The parallel algorithm called “Parallel Decision Tree for Large Datasets” (or ParDTLT for short) has proved to perform very well when large datasets become part of the training and classification process. The training phase processes in parallel the expansion of a node, considering only a subset of the whole set of training objects. The time complexity analysis proves a linear dependency on the cardinality of the complete set of training objects, and that the dependence is asymptotic and log–linear on the cardinality of the selected subset of training objects when categoric and numeric data are applied, respectively.",en,4,cs.DS,False,cs.LG,cs.LG,7.337
306,"The mixed postman problem consists of finding a minimum cost tour of a mixed graph M=(V, E, A) traversing all its edges and arcs at least once. We prove that two well-known linear programming relaxations of this problem are equivalent. The extra cost of a mixed postman tour T is the cost of T minus the cost of the edges and arcs of M. We prove that it is -hard to approximate the minimum extra cost of a mixed postman tour.
A related problem, known as the windy postman problem, consists of finding a minimum cost tour of an undirected graph G=(V, E) traversing all its edges at least once, where the cost of an edge depends on the direction of traversal. We say that G is windy postman perfect if a certain windy postman polyhedron (G) is integral. We prove that series-parallel undirected graphs are windy postman perfect, therefore solving a conjecture of Win.",en,4,cs.DS,False,cs.DS,cs.DS,7.227
307,"The multidimensional assignment problem (MAP), also known as multi-index assignment problem, is a natural extension of the assignment problem. A MAP deals with the question of how to assign elements from s disjoint sets with n1,...,ns items on each. A MAP with s dimensions is called a sAP. Local search heuristics and Memetic algorithms have been proven to be the most effective techniques to solve MAP. In this work we use an exact technique that outperforms some local searches and Memetic algorithms on several instances of MAP. Then, we design a heuristic that uses repeatedly our exact technique in order to provide high quality solutions for harder types of instances of MAP. We perform an experimental evaluation of our exact technique and of our heuristic and we show its effectiveness against more complex local searches and some Memetic algorithms for MAP.",en,4,cs.DS,False,cs.DS,cs.DS,8.558
308,"The Techno Neuro Pedagogy System (TNPS) is a systemic process with interrelated activities that allows you to create environments that facilitate the mediation processes on knowledge construction in virtual environments. Similarly to life cycle in software development, it consists of eight phases: analysis, design, development, testing, implementation, documentation, maintenance, and evaluation. TNPS incorporates a life cycle model of incremental and iterative software development that is an essential part of software engineering. TNPS integrates Education, Neuroscience and Technological dimensions, which facilitate the development of cognitive profile of student thinking in order to customize his/her learning activities. In our experiments, an increment in the weights of thinking style used by the students on a Structured Programming course was observed.",en,0,cs.AI,False,cs.SY,cs.SY,10.006
309,"The TJ-I Upgrade device is a 6 periods, l=1 torsatron with a total number of 5 coils. The 6 turns, helical coil has a major radius R{sub 0}=0.6 m and a minor one of 0.24 m. The helix pitch is not uniform, it follows the law: {zeta}=1/6 ({theta}+0.4 sin{theta}) where {zeta} and {theta} are the usual toroidal and poloidal angles. TJ-IU intents to fill up the gap until the main device of CIEMAT, TJ-II, becomes operational.For this reason, very stringent conditions were imposed upon the device, namely: simplicity of construction, it had to be built at CIEMAT workshops, it should use all the available TJ-I tokamak systems (power supplies, hall, control and data acquisition system.. and therefore its name), it should be small and with a low magnetic field (0.5T) to lower the cost. Initial operation of the device is expected in June 1992. (author) 3 refs., 6 figs.",en,9,cs.SY,False,cs.AI,"None of the provided Computer Science categories (cs.AI, cs.CL, etc.) apply to this abstract, which discusses a physical scientific device. 

However, since I must choose from the given options, and there's no appropriate category, I'll indicate that it doesn't fit any.

But according to the rules, I need to assign exactly one category code. Since none match, perhaps cs.NA (Numerical Analysis) could be considered if numerical methods were involved in simulations, but the abstract doesn't specify that. Alternatively, maybe cs.CV or others, but no clear fit exists.

Given the lack of relevance, it's best to state that no applicable category is available.

But since I must choose one, perhaps cs.NA as a stretch due to possible numerical modeling, though this isn't certain.

Alternatively, if forced to pick, cs.RO (Robotics) might be considered, but again, there's no direct link.

In conclusion, none of the categories fit, but adhering to the rules, I'll select the closest possible or indicate no category.

But since I can only choose one, perhaps cs.NA is the least incorrect choice.

cs.NA",8.392
310,"Many real-world problems can be seen as constrained nonlinear optimization problems (CNOP). These problems are relevant because they frequently appear in many industry and science fields, promoting, in the last decades, the design and development of many algorithms for solving CNOP. In this paper, seven hybrids techniques, based on particle swarm optimization, the method of musical composition and differential evolution, as well as a new fitness function formulation used to guide the search, are presented. In order to prove the performance of these techniques, twenty-four benchmark CNOP were used. The experimental results showed that the proposed hybrid techniques are competitive, since their behavior is similar to that observed for several methods reported in the specialized literature. More remarkably, new best known are identified for some test instances.",en,0,cs.AI,False,cs.DS,cs.DS,7.879
311,"The analysis of a heavy-duty vehicle moving in a driving cycle is presented. The different forces in the equation of motion are explained. In a driving cycle a target speed of the vehicle is prescribed as a function of time and then the revolutions per minute and the torque of the engine necessary to move the vehicle close to the prescribed speed are calculated. The driving cycle used in this paper is part of one of various cycles used by the Greenhouse Gas Emissions Model developed by the United States Environmental Protection Agency to certify the fuel consumption of heavy duty vehicles. The results using the software of that agency and one developed by the authors are reported for a vehicle with a 10-gear transmission, a 455 HP engine, three axes tractor and two axes trailer which have a total mass of 12742 kilograms and transport a load of 17236 kilograms.",en,9,cs.SY,False,cs.AI,"None of the provided categories (cs.AI, cs.CL, etc.) are relevant as the abstract discusses vehicle dynamics and engineering analysis rather than computer science topics.

However, since I must choose one from the given list, perhaps cs.NA (Numerical Analysis) could be a stretch because it involves computational methods for solving equations of motion. But this is not a direct fit either.

Given that none fit well, but if forced to pick, maybe cs.NA.

cs.NA",6.71
312,"In this work, we propose a methodology to quantify robustness in networks. Specifically, the methodology is based on the resolution of the Vertex Separator Problem in order to find the set of nodes that the elimination of their links causes the rupture of the giant component. The methodology presented in this work was tested on a set of benchmark networks and on set of social networks modeled with the information about the main characteristics of the universities belonging to the Higher Education System in Mexico (HESM) for the period 2013–2017. The results show that the proposed methodology is able to quantify the robustness in several types of networks without using centrality measures or some other structural metric. On the other hand, regarding the HESM networks, we can assure that they are robust and that they are prone to generate communities or modules.",en,4,cs.DS,False,cs.DS,cs.DS,7.993
313,"In this paper we describe the design and implementation of a virtual environment for the Division of Basic Sciences and Engineering of the Azcapotzalco Campus of the Metropolitan Autonomous University in Mexico City. The project was started in May, 2005 to meet the need of teachers and students to have a space to place different didactic materials. The virtual environment consists of three main subsystems: CMS for teaching and learning process; virtual evaluation subsystem and virtual resources subsystem. The cbiEnLinea project supports undergraduate and graduate programs, whose main objective is to build a virtual space that will help improving the teaching and learning process. We present the results of the first evaluation of the CMS.",en,9,cs.SY,False,cs.SY,cs.SY,9.209
314,"Let Pn be a set of n points on the plane in general position, n ≥ 4. A convex quadrangulation of Pn is a partitioning of the convex hull \documentclass[12pt]{minimal} \usepackage{amsmath} \usepackage{wasysym} \usepackage{amsfonts} \usepackage{amssymb} \usepackage{amsbsy} \usepackage{mathrsfs} \usepackage{upgreek} \setlength{\oddsidemargin}{-69pt} \begin{document}$\mathit{Conv}(P_n)$\end{document} of Pn into a set of quadrilaterals such that their vertices are elements of Pn, and no element of Pn lies in the interior of any quadrilateral. It is straightforward to see that if P admits a quadrilaterization, its convex hull must have an even number of vertices. In [6] it was proved that if the convex hull of Pn has an even number of points, then by adding at most \documentclass[12pt]{minimal} \usepackage{amsmath} \usepackage{wasysym} \usepackage{amsfonts} \usepackage …",en,7,cs.NA,False,cs.DS,cs.DS,8.642
315,"In this work we present a Selection Model of Learning Activities (SMLA) in a Personalized Virtual Learning Environment. The SMLA consists of a model to evaluate and classify academic activities based on its difficulty, so the difficult or easy activities are replaced with other with intermediate difficulty . The SMLA is part of a Strategic Learning Metamodel that is conformed by three layers: (i) the intelligent layer that includes a personalized virtual learning environment, (ii) the infrastructure layer based on the Cloud Computing, and (iii) the regulation model that provides a control of the activities assigned to the learners based on the Full-Brain theory. We develop four experiments that implement the SMLA, and we observed that the model with activities with difficulty between 0.2 and 0.85 produces an enhancement int the academic performance of the students.",en,0,cs.AI,False,cs.AI,"[from_thinking] s.

But since I have to choose one category, and the model is about selecting activities based on some criteria (difficulty), it's likely using AI techniques for personalization. So maybe cs.AI is the",10.433
316,"We present the kinematic results for the supernova remnant (SNR) CTB 1, obtained with the PUMA equipment of the 2.1-m telescope at San Pedro Mártir National Astronomical Observatory, Baja California, Mexico. The observations were made on the H α line using a Fabry–Perot interferometer. The kinematics derived from the Fabry–Perot velocity cubes allowed us to estimate a kinematic distance for this SNR. We estimate that CTB1 is about 3.8 kpc from the sun, corresponding to a linear diameter of 19 pc, with an expansion velocity of . Additionally, we analyse the diffuse X-ray emission from CTB 1 using data from the XMM–Newton observatory. From the best fits to the spectrum of southwest and northeast regions, we obtained a hot plasma temperature with an overabundance in O and Ne and a lower abundance in Fe, which could be caused by a SNR with a stellar progenitor between …",en,7,cs.NA,False,cs.AI,"None of the provided categories (cs.AI, cs.CL, etc.) are relevant to this astronomy-focused abstract.",6.319
317,This work evaluates the performance of a novel design for a bifurcated submerged entry nozzle (SEN) used for the continuous casting of steel slabs. The proposed design incorporates fluid flow conditioners attached on SEN external wall. The fluid flow conditioners impose a pseudosymmetric pattern in the upper zone of the mold by inhibiting the fluid exchange between the zones created by conditioners. The performance of the SEN with fluid flow conditioners is analyzed through numerical simulations using the CFD technique. Numerical results were validated by means of physical simulations conducted on a scaled cold water model. Numerical and physical simulations confirmed that the performance of the proposed SEN is superior to a traditional one. Fluid flow conditioners reduce the liquid free surface fluctuations and minimize the occurrence of vortexes at the free surface.,en,7,cs.NA,False,cs.NA,cs.NA,6.913
318,"In the last decade, deep learning techniques have further improved human activity recognition (HAR) performance on several benchmark datasets. This paper presents a novel framework to classify and analyze human activities. A new convolutional neural network (CNN) strategy is applied to a single user movement recognition using a smartphone. Three parallel CNNs are used for local feature extraction, and latter they are fused in the classification task stage. The whole CNN scheme is based on a feature fusion of a fine-CNN, a medium-CNN, and a coarse-CNN. A tri-axial accelerometer and a tri-axial gyroscope sensor embedded in a smartphone are used to record the acceleration and angle signals. Six human activities successfully classified are walking, walking-upstairs, walking-downstairs, sitting, standing and laying. Performance evaluation is presented for the proposed CNN.",en,8,cs.RO,False,cs.LG,cs.LG,6.761
319,"In this work, we present a methodology to identify COVID-19 spreaders using the analysis of the relationship between socio-cultural and economic characteristics with the number of infections and deaths caused by the COVID-19 virus in different countries. For this, we analyze the information of each country using the complex networks approach, specifically by analyzing the spreaders countries based on the separator set in 5-layer multiplex networks. The results show that, we obtain a classification of the countries based on their numerical values in socioeconomics, population, Gross Domestic Product (GDP), health and air connections; where, in the spreader set there are those countries that have high, medium or low values in the different characteristics; however, the aspect that all the countries belonging to the separator set share is a high value in air connections.",en,9,cs.SY,False,cs.DS,cs.DS,8.819
320,"Many real-world problems can be expressed as an instance of the constrained nonlinear optimization problem (CNOP). This problem has a set of constraints specifies the feasible solution space. In the last years several algorithms have been proposed and developed for tackling CNOP. In this paper, we present a cultural algorithm for constrained optimization, which is an adaptation of “Musical Composition Method” or MCM, which was proposed in [33] by Mora et al. We evaluated and analyzed the performance of MCM on five test cases benchmark of the CNOP. Numerical results were compared to evolutionary algorithm based on homomorphous mapping [23], Artificial Immune System [9] and anti-culture population algorithm [39]. The experimental results demonstrate that MCM significantly improves the global performances of the other tested metaheuristics on same of benchmark functions.",en,0,cs.AI,False,cs.NA,cs.NA,7.415
321,"Research Article Hydrodynamic Analysis of the Flow inside the Submerged Entry Nozzle Page 1 Research Article Hydrodynamic Analysis of the Flow inside the Submerged Entry Nozzle Jesus Gonzalez-Trejo ,1 Cesar Augusto Real-Ramirez ,1 Ignacio Carvajal-Mariscal ,2 Florencio Sanchez-Silva ,2 Francisco Cervantes-De-La-Torre ,1 Raul Miranda-Tello ,1 and Ruslan Gabbasov 1 1Universidad Autonoma Metropolitana, Mexico City, Mexico 2Instituto Politecnico Nacional, Mexico City, Mexico Correspondence should be addressed to Cesar Augusto Real-Ramirez; carr@correo.azc.uam.mx Received 14 August 2020; Revised 30 September 2020; Accepted 7 October 2020; Published 21 October 2020 Academic Editor: Ahmad Zeeshan Copyright © 2020 Jesus Gonzalez-Trejo et al. is is an open access article distributed under the Creative Commons Attribution License, which permits unrestricted use, distribution, and …",en,7,cs.NA,False,cs.CV,"The abstract discusses hydrodynamic analysis, which falls under fluid mechanics and not computer science. Therefore, it doesn't fit into any of the provided CS categories.

cs.CV",5.349
322,"Chaotic invariants like fractal dimensions are used to characterize non-linear time series. The fractal dimension is an important characteristic of fractals that contains information about their geometrical structure at multiple scales. In this work four fractal dimension estimation algorithms are applied to non-linear time series. The algorithms employed are the Higuchi's algorithm, the Petrosian's algorithm, the Katz's Algorithm and the Box counting method. The analyzed time series are associated with natural phenomena, the Dst a geomagnetic index which monitors the world wide magnetic storm; the Dst index is a global indicator of the state of the Earth's geomagnetic activity. The time series used in this work show a behavior self-similar, which depend on the time scale of measurements. It is also observed that fractal dimensions may not be constant over all time scales.",en,7,cs.NA,False,cs.DS,cs.DS,6.905
323,"Motivation
Biological network analysis for high-throughput biomedical data interpretation relies heavily on topological characteristics. Networks are commonly composed of nodes representing genes or proteins that are connected by edges when interacting. In this study, we use the rich information available in the Reactome pathway database to build biological networks accounting for small molecules and proteoforms modeled using protein isoforms and post-translational modifications to study the topological changes induced by this refinement of the network representation.
Results
We find that improving the interactome modeling increases the number of nodes and interactions, but that isoform and post-translational modification annotation is still limited compared to what can be expected biologically. We also note that small molecule information can distort the topology of the …",en,9,cs.SY,False,cs.DS,cs.DS,6.648
324,"Purpose
– Today the garment industry in México is vulnerable to complex problems. This type of industry is subject to influences which over time, modify the perceptions of those involved in the design process due to the fact that they face problems that have both objective and subjective characteristics. In this study the authors used interviews, direct observation methodology, and theoretical argumentation to obtain the experts knowledge as they describe the problems that arise in the process of garment design for Mexican markets. The purpose of this paper is to generate a methodology so that the expert in this field will become highly specialized, resulting in heightened abilities and reinforcing them with the methodology of soft systems and the design management model (DMM). The results suggest that they are applicable to any area of design.
Design/methodology/approach …",en,0,cs.AI,False,cs.NA,"The abstract discusses a study on garment design methodologies using soft systems and DMM, which doesn't involve computational methods or technologies.

cs.NA",5.59
325,"In this paper we present the results of a set of numerical simulations aimed to study the gravitational collapse of a spherically symmetric, rigidly rotating, isolated, interstellar gas cloud. To account for the thermodynamics of the gas we use a barotropic equation of state (beos for brevity) that depends on the density ρ of the cloud and includes a critical density as a free parameter, ρcrit. During the early collapse, when ρ≪ ρcrit, the beos behaves as an ideal gas equation of state. For the late collapse, when ρ≥ ρcrit, the beos includes an additional term that accounts for the heating of the gas due to gravitational contraction. We investigate the occurrence of prompt fragmentation of the cloud for which we use four different values of ρcrit. We work with two kinds of collapse models, according to the initial radial density profile: the uniform and the Gaussian clouds.",en,7,cs.NA,False,cs.NA,cs.NA,4.926
326,"The realization of medical diagnoses is the result of decisions taken by doctors, which consists in identifying the signs, symptoms, risk factors and medical background to determine the clinical diagnosis for patients. This process can be performed improperly due to factors such as inaccurate interpretation of information. This paper presents a computational model of representation of medical knowledge to support decision-making task during a medical consultation in order to reduce the chance of misdiagnosis in general medicine. This representation is based on ontologies that provide a mechanism for structuring knowledge to become computer-understandable information, shared by information systems, formalized and using a common vocabulary. Our ontological model is able to infer a list of clinical diagnoses from the data of signs, symptoms, risk factors and medical background.",en,0,cs.AI,False,cs.AI,cs.AI,7.038
327,"In this work, the impact of oil price uncertainty on Mexican stock market returns is examined. The uncertainty of the international oil price is approximated through the conditional standard deviation of the error forecast one step ahead of the variation in the oil price. To this end, a SVAR-MGARCH-in-mean model was estimated with monthly data of the international oil price returns and the Mexican Stock Exchange price and quotation index, both in real terms from January 1975 to September 2018, with the main advantage being that it allows the simultaneous estimation of both the mean and the uncertainty. The results reveal that the uncertainty of the international oil price does not have an immediate impact on stock market returns. However, the results show the presence of short-term asymmetric effects in the face of negative and positive shocks in the international oil price.",en,7,cs.NA,False,cs.NA,cs.NA,6.972
328,"In this paper we address the problem of semantic heterogeneity among agents during the exchange of messages in negotiation process execution. Traditional negotiation systems impose several requirements on the type and format of negotiation messages, as a consequence negotiation agents have to be reprogrammed according to the protocol and message specifications. In contrast, we present a solution based on the development of a negotiation ontology, which incorporates a shared vocabulary of the terms and messages for negotiating; and a semantic disambiguation module, that is invoked when a lack of understanding among agents occurs. We designed and implemented a service-oriented architecture for executing negotiations and conducted experiments incorporating different negotiation messages. The tests showed that the proposed ontology improves the execution of negotiation messages.",en,0,cs.AI,False,cs.CL,cs.CL,6.574
329,"Communication between multiple agents is essential to achieve cooperation, negotiation, and take decisions for mutual benefit. Nowadays there is a growing interest in automating communication processes between different agents in dynamic web-based environments. However, when agents are deployed and integrated in open and dynamic environments, detailed syntax and semantics of their particular language implementations differ, causing the problem of communication heterogeneity. Therefore, it is necessary to measure heterogeneity among all participating agents and the number of required translations when heterogeneous agents are involved in communications. In this chapter we present a set of measures with the objective to evaluate the minimal computational requirements before implementing a translation approach. Our measures are based on set theory, which has proved to be a good …",en,0,cs.AI,False,cs.SY,cs.SY,6.731
330,Resumen en inglés We present a lossless data compression method based on the identification of unbounded patterns within a message. The patterns are called metasymbols and consist of groups non-necessarily neighboring symbols. Metasymbols are selected under the criterion that the original message can be reexpressed in the most compact way using an efficient coding scheme. We have shown that the problem of discovering metasymbols is NP-Hard and as an approach to the solution we developed an algorithm called MSIM. The performance of MSIM was tested on a set of messages that contains known metasymbols. Then we use a reference compressor (REF) which yields a compression function K to evaluate the theoretical limit of compression and then compare the performance of MSIM relative to REF. MSIM has a statistically significant very similar performance to REF and represents not only a …,en,4,cs.DS,False,cs.IT,cs.IT,8.804
331,"An Unsupervised Font clustering technique is proposed in this work. The new approach is based on global texture analysis, using high order statistic features, Gaussian classifier and a stochastic version of the EM algorithm. The font recognition is performed by taking the document as a simple image, where one or several types of fonts are present. The identification is not performed letter by letter as with conventional approaches. In the proposed method a window analysis is employed to obtain the features of the document, using fourth and third order moments. The new technique does not involve a study of local typography; therefore, it is content independent. A detailed study was performed with 8 types of fonts commonly used in the Spanish language. Each type of font can have four styles that lead, to 32 font combinations. The font recognition with clean images is 100% accurate.",en,0,cs.AI,False,cs.CV,cs.CV,5.895
332,"Recent experiments in the Advanced Toroidal Facility (ATF) torsatron [Plasma Physics and Controlled Nuclear Fusion Research 1990 (IAEA, Vienna, in press)] have emphasized the role of magnetic configuration control in transport studies. Long‐pulse plasma operation up to 20 sec has been achieved with electron cyclotron heating (ECH). With neutral beam injection (NBI) power of ≥1 MW, global energy confinement times of 30 msec have been obtained with line‐average densities up to 1.3×1020 m−3. The energy confinement and the operational space in ATF are roughly the same as those in tokamaks of similar size and field. The empirical scaling observed is similar to gyro‐reduced Bohm scaling with favorable dependences on density and field offsetting an unfavorable power dependence. The toroidal current measured during ECH is identified as the bootstrap current. The observed currents agree …",en,9,cs.SY,False,cs.SY,cs.SY,8.042
333,"Sex classification is a challenging open problem in computer vision. It is useful from statistics up to people recognition on surveillance video. So far, the best performance can be achieved by using 3D cameras, but this approach requires the use of some especial hardware. Other 2D approaches achieve good results on normal situations but fail when the person wears loose clothing and carries bags or the camera angle changes as they rely on calculating borders, silhouettes, or the energy of the person in the image. This work aims to provide a novel sex classification methodology based on the creation of a virtual skeleton for each individual from 2D images and video; then, the distances between some points of the skeleton are measured and work as input of a sex classifier. This improves the results since clothing, bags, and the camera angle affect little the skeletonization process.",en,3,cs.CV,False,cs.CV,cs.CV,7.785
334,"In this work we present a study of interacting galaxies using N-body simulations. The initial condition of galaxies are such that they are composed of a bulge, a disc (Freeman model, with no gas), and a halo. For bulge and halo we follow the Dehnen density-pair spherical models. Galaxies are set in a parabolic encounter characterised by the impact parameter and the collision angle subtended by the planes containing each individual galactic discs. The evolution of galaxies are given in terms of the morphology (bar formation, geometry of the bar, minor and major axis length), and the kinematical bar rotation. We show how this characteristics depend on the collision geometry. The dynamics of the collision is given in terms of individual rotation curves, dispersion of velocities of the disc and mass function as functions of the distance to the center of mass of each individual galaxy.",en,7,cs.NA,False,cs.NA,cs.NA,7.267
335,"The emergence of new technologies and the worlds globalization, make it necessary to review how future engineers are being trained in Mexico. In an attempt to respond to the need to train human talent in Information and Communication Technologies (ICT), the National Association of Education and Information Tech-nology Institutions (ANIEI) proposes a reference framework which includes the minimum competencies that graduates from the Information Security, Internet of Things and Data Science new programs should have mastered when completing such program. This article presents the result of the work of more than 100 Mexican specialists who jointly propose three new professional profiles with their minimum competencies. The development of this proposal was coordinated by ANIEI and the Consejo Nacional de Acreditación de Informática y Computación (CONAIC), due to the interest that both …",en,2,cs.CR,False,cs.IT,cs.IT,8.725
336,"Traditional negotiation systems have been implemented using agent architectures, where agents communicate through the exchange of messages, based on particular language definitions implicitly encoded, using different implementations and meaning in their messages. Our approach focuses on solving the language heterogeneity problem between agents during a negotiation process, by incorporating an ontology-based translator solution, which is executed only when a misunderstanding occurs. We designed the translator architecture considering that agents involved in a negotiation process may be using similar languages, and not all exchanged messages will cause failures due to misunderstandings. We executed experiments in a Web-based electronic negotiation system, incorporating multiple agents with different language syntax and meaning. The experimental tests show that the proposed solution …",en,0,cs.AI,False,cs.AI,cs.AI,7.401
337,"Knowledge graphs are representations of data and information about resources in a triplet-based format which are identifiable by unique IRIs, are reference enabled and expansible; these characteristics make knowledge graphs easy to upload and manage large volumes of data in an agile way. In this article we propose a semi-automatic method for transforming datasets into knowledge graphs. Specifically, we describe the method in the transformation of a set of files representing the logs of a medical research protocol whose purpose is to evaluate the efficacy of the use of continuous glucose monitors in patients with Type 1 diabetes. For evaluation purposes we implemented a set of programs to perform data extraction from the dataset, parsing, cleaning and finally the automatic population of the knowledge graph. The resulting graph has been evaluated by verifying its logical consistency.",en,0,cs.AI,False,cs.DS,cs.DS,5.675
338,"High-performance computing (HPC) or supercomputing has become an essential tool for modern science and technology. In addition to basic science and experimentation, HPC has become an essential tool for advancing our understanding of nature, for the analysis of society’s behavior, and for technological advancement. Today, current research in many branches in science and engineering relies more and more on supercomputing, allowing us to expand basic research and experimentation. Supercomputing has proven to be equally essential for developing and understanding a wide range of advanced science and technology topics that are directly related to our daily lives. HPC enables the design of models and running computer simulations of phenomena before passing through an experimental phase, with great economic savings, but more importantly allowing us to provide results within days or weeks …",en,9,cs.SY,False,cs.SY,cs.SY,10.224
339,"This article presents the importance of using the customer journey map (CJM) as a tool for managing new information technologies. The case study presents the use of the CJM to indicate the experiences that people have when using a playful interactive-interface, where the causal relationship between the brightness and the distance of the stars is visualized. The CJM is the result of a quantitative and qualitative study about user experience (UX) or UX research. Where you can use: 1) observation techniques, 2) interviews, 3) questionnaires, 4) a review of the domain literature about the phenomenon, archetypal descriptions, 5) diagrams of mental models; also known as thought schemes, or cognitive maps, among others. This research focuses the development of the interface in the design of archetypal profiles and mental models to generate the CJM, in the domain of the specific phenomenon.",en,0,cs.AI,False,cs.SY,cs.SY,7.798
340,"Topase : techniques d'optimisation des procédés assistées par un système expert CNRS Inist Pascal-Francis CNRS Pascal and Francis Bibliographic Databases Simple search Advanced search Search by classification Search by vocabulary My Account Home > Search results Help Export Export Selection : Selected items (1) Format : Permanent link CopyPermanent link Copy http://pascal-francis.inist.fr/vibad/index.php?action=getRecordDetail&idt=7117183 Topase : techniques d'optimisation des procédés assistées par un système expert Other title Topase : a knowledge-based optimization technique for processing (en) Author VAZQUEZ, H. J 1 ; TALLANDIER, S; DIAWARA, B; MARATRAY, J; BLACHERE, H; CHABRIER, J; CHABRIER, J. J [1] INA-PG, chaire biotech., Dijon, France Book title In : Applications de l'intelligence artificielle à l'agriculture, à l'agrochimie et aux industries agro-alimentaires Source In : …",en,0,cs.AI,False,cs.AI,cs.AI,5.588
341,"Interest in developing knowledge discovery and cloud computing technologies and applications has grown rapidly in recent years. The reason for this growth is the need to manage large amounts of data and the associated complexities associated with automatically processing it in order to extract relevant and useful information. Cloud computing technologies are key enablers for scalable processing, data storage, and Web services, which can be exploited to support the design and implementation of knowledge discovery systems and high-performance applications.
The 1st International Workshop on Knowledge Discovery and Cloud Computing Applications (KDCloudApps) takes place in Valencia, Spain, on September 3, 2015, in conjunction with the 26th DEXA conference and aims to encourage researchers from both academia and industry to discuss and exchange recent advances, results, experiences, and …",en,0,cs.AI,False,cs.DS,cs.DS,8.62
342,"The National Comission for Efficient Energy Use (CONUEE) and the German Agency Deutsche Gesellschaft für Internationale Zusammenarbeit (GIZ), and this last one in collaboration with the Mexican-German Chamber of Commerce (CAMEXA) and the National Chamber of Trucking (CANACAR), are creating Learning Networks in the freight transport of Mexico. These networks are clusters of big, middle and small freight transportation companies, which share experiences and knowledge. In this way the Mexican Federal Government with mainly the participation of companies affiliated to CANACAR complies with part of the National Program for Systems for Management of the Energy (PRONASGEn) to create tools for the management of the energy they use or for implementing practices to save energy. The first network in freight transport in Mexico, and maybe the first one in all Latin America, was formed with 12 …",en,9,cs.SY,False,cs.SY,cs.SY,7.825
343,"Communication between multiple agents is essential to achieve goals, cooperation, and negotiation to take decisions for mutual benefit. Nowadays there is a growing interest in automating communication processes between different agents in dynamic Web-based environments. However, when agents are deployed and integrated in open and dynamic environments, detailed syntax and semantics of their particular language implementations differ, causing the problem of communication heterogeneity. Therefore, it is necessary to measure heterogeneity among all participating agents and the number of required translations when heterogeneous agents are involved in communications. In this paper we present a set of measures with the objective to evaluate the minimal computational requirements before implementing a translation approach. Our measures are based on set theory, which has proved to be a good …",en,0,cs.AI,False,cs.SY,cs.SY,6.805
344,"Traditional negotiation systems have been implemented using agent architectures, where agents communicate exchanging negotiation primitives generated by each system, based on particular language definitions implicitly encoded, giving different syntax and semantics to their messages. In this paper we address the problem of communicating heterogeneous negotiation agents in a Web-based environment, considering differences in their message implementations. Our research is based in the development of a shared ontology for publishing definitions of negotiation primitives, and a translator module, which is executed only when a misunderstanding occurs. We implemented a service-oriented architecture for executing negotiations and conducted experiments incorporating heterogeneous agents. The results of the tests show that the proposed solution improves communication between negotiation agents.",en,0,cs.AI,False,cs.SY,cs.SY,6.791
345,"This paper is the second of a series of papers in which we are exploring the coevolution of galaxies and groups in the local Universe, by adopting a multiwavelength approach. Here, we present the photometric and kinematic characterization of two groups, USGC U268 and USGC U376 (U268 and U376 hereafter), which are located in different regions of the Leo cloud. We revisit the group membership, using results from recent redshift surveys, and we investigate their substructures. U268, which is composed of 10 catalogued members and 11 new added members, has a small fraction (≈24 per cent) of early-type galaxies (ETGs). U376 has 16 catalogued members plus eight new added members, with ≈38 per cent of ETGs. We find that there are significant substructures in both groups, which suggests that they are likely to be accreting galaxies. U268 is located in a more loose environment than U376. For …",en,7,cs.NA,False,cs.SY,cs.SY,10.525
346,"Computer Science is one area where differences between female and male population in undergraduate and graduate levels, are not as big as in other scientific disciplines. We analyze woman participation during the last four decades in the Computer Science Research main areas respect to men. The data are taken from the most relevant sources for the world’s largest educational and scientific societies Web of Science and the Associaton for Computing Machinery. The main areas were considered from the 2012 Version of the ACM Computing Classification System (CCS). We present graphs to show the woman participation by area, year, country and institution. There are notable differences between the results obtained from the two sources. In accordance to the Computer Research Association (CRA) in 2010-2011 of the master's degrees awarded in computer science, 75.4% of the degrees were awarded to …",en,4,cs.DS,False,cs.SY,"[from_thinking] ps the closest category would be cs.SY since it involves systems and control, but that doesn't make sense here. Alternatively, maybe none of these categories are appropriate, but I have to choose one.",10.372
347,"Traditional negotiation systems have been implemented using agent architectures, where agents communicate exchanging negotiation primitives generated by each system, based on particular language definitions implicitly encoded, giving different syntax and semantics to their messages. In this paper we address the problem of communicating heterogeneous negotiation agents in a Web-based environment, considering differences in their language implementations. Our research is based in the development of an ontology solution for describing and sharing negotiation primitives; and a translator module which is executed only when a misunderstanding occurs. We executed experiments in an electronic marketplace architecture, where heterogeneous agents participate in negotiation processes. The results of experiments show that the proposed solution improves the communication between negotiation agents",en,0,cs.AI,False,cs.SY,cs.SY,6.42
348,"Automatic analysis of song related to social behaviour in «Decticus» CNRS Inist Pascal-Francis CNRS Pascal and Francis Bibliographic Databases Simple search Advanced search Search by classification Search by vocabulary My Account Home > Search results Help Export Export Selection : Selected items (1) Format : Permanent link CopyPermanent link Copy http://pascal-francis.inist.fr/vibad/index.php?action=getRecordDetail&idt=8296840 Automatic analysis of song related to social behaviour in «Decticus» Author HERNANDEZ, C 1 ; FEIJOO, S; LOPEZ, R [1] Univ. Santiago de Compostela, fac. physics, dep. electronics, Spain Source Innovation et technologie en biologie et médecine. = Innovation and technology in biology and medicine. 1986, Vol 7, Num 6, pp 737-744 ; ref : 9 ref ISSN 0243-7228 Scientific domain General biology; Biomedical engineering; General medicine general surgery Publisher ASTEC/…",en,0,cs.AI,False,cs.LG,cs.LG,8.981
349,"The following paper describes the teaching-learning strategies which are related to different types of errors. Each type of error is managed by a determined agent. Said agents represent microworlds of expertise in certain instructional objectives. The multiagent architecture of an Intelligent Learning System (ILS) includes reactive agents which represent the expertise of each of the necessary sub-skills in learning the structured programming. The ILS is based upon artificial intelligence techniques for implementing the teaching-learning process The case study includes situations which are related to errors in order to link them to learning styles, knowledge domain and affective-motivational state. These assessments must determine: aspects to be explained, level of detail and timing, as well as when to interrupt the student and which information shall be provided during the interaction.",en,0,cs.AI,False,cs.AI,cs.AI,5.635
350,"A multi-agent system is a set of autonomous agents capable of interacting among each other with cooperation or coordination purposes. To achieve their shared goals, the agents exchange messages following a communication protocol. Currently there are still several issues that must be solved in order to, by using message interchange, fully automate integration and interoperation among MAS. In this paper we present an approach for discovering pragmatic similarity among multiple agent communication protocols messages: pragmatic similarity means the same intention of message usage beyond the syntactic or semantic message differences. Our objective is to support system developers and integrators, by identifying pragmatic relations between pairs of agent messages and representing this similarity with a numerical measure. We describe a couple examples to show the applicability of our approach.",en,0,cs.AI,False,cs.AI,cs.AI,6.349
351,"Machine learning is a branch of artificial intelligence that dates back more than 50 years. It is currently experiencing a boom in research and technological development. With the rise of machine learning, the need to propose improved optimizers has become more acute, leading to the search for new gradient-based optimizers. In this paper, the ancient concept of fractional derivatives has been applied to some optimizers available in PyTorch. A comparative study is presented to show how the fractional versions of gradient optimizers could improve their performance on generative adversarial networks (GAN) and natural language applications with Bidirectional Encoder Representations from Transformers (BERT). The results are encouraging for both state-of-the art algorithms, GAN and BERT, and open up the possibility of exploring further applications of fractional calculus in machine learning.",en,0,cs.AI,False,cs.LG,cs.LG,6.134
352,"MICAI 2016 Conference Organization Page 1 MICAI 2016 Conference Organization MICAI 2016 was organized by the Mexican Society of Artificial Intelligence (SMIA, Sociedad Mexicana de Inteligencia Artificial) in collaboration with the Instituto Tecnológico de Cancún (ITCancún), the Centro de Investigación en Computación del Instituto Politécnico Nacional (CIC-IPN), the Universidad Autónoma de México Azcapotzalco (UAM), the Unidad Profesional Interdisciplinaria en Ingeniería y Tecnologías Avanzadas del Instituto Politécnico Nacional (UPIITA-IPN), and INFOTEC. The MICAI series website is www.MICAI.org. The website of the Mexican Society of Artificial Intelligence, SMIA, is www.SMIA.org.mx. Contact options and additional information can be found on these websites. Conference Committee General Chair Grigori Sidorov Program Chairs Grigori Sidorov Oscar Herrera Alcántara Sabino Miranda-Jiménez …",en,0,cs.AI,False,cs.AI,cs.AI,8.575
353,"On electrochemical studies involving forced convection, the cell with rotating disc is the most widely used. Traditionally, Levich equation is used to interpret the information obtained from physical experiments. However, electrochemical results can be accurately interpreted through this equation only if the velocity field near the electrode active face is in accordance with the ideal behavior described by Cochran. In this work, the Computational Fluid Dynamics (CFD) technique was employed to determine the effect of the distance between the electrode active surface and the cell bottom on the cell inner hydrodynamic behavior. Biphasic 3D numerical simulations were performed using the commercial software Fluent. Numerical results were validated with experimental data. A simple rule for the optimal distance between the electrode active surface and the cell bottom is presented in this work.",en,7,cs.NA,False,cs.NA,cs.NA,7.039
354,"Due to the COVID-19 pandemic many students have fallen behind because they have failed their courses or deserted. In higher education the students who have not deserted have problems taking online classes because they have to work in a separate job, have to help their families at home, do not have good internet connections, do not have good computers, tablets or smart phones or do not have an appropriate space to study. A lot of teachers in developing countries unfortunately have some of those problems too. The teachers have to dedicate time to create course materials adequate for students who might have some of the problems listed above and therefore have changed somewhat their pre-pandemic methodology to teach. Therefore some new strategies for teaching are being created during these COVID-19 times. In this paper some of those new strategies to teach a few courses in the engineering …",en,0,cs.AI,False,cs.SY,"[from_thinking] tegory could be a stretch. But looking again, none seem to fit because the focus is on the human aspect of education rather than technical solutions.

Therefore, perhaps this abstract doesn't fit into",10.341
355,"An energy reform has been carried out in Mexico. All of the most important businesses of the Mexican electric and petroleum sectors have been privatized. The main Mexican electric and petroleum companies, Comisión Federal de Electricidad (CFE) and Petroleos Mexicanos (PEMEX) respectively, have been fragmented and private companies are buying their actives. The Mexican Government no longer invest substantially and continuously in PEMEX which has caused that a few towns in former petroleum production regions are being impoverished; the low oil prices aggravate the financial situation of the Mexican Government. So far, most of the new private petroleum companies are Mexican, new in the petroleum business and have not invested as much as it was expected. Oil production is decreasing and Mexico is importing more fossil fuels like gasoline, as well as petrochemical products. In the electric …",en,9,cs.SY,False,cs.SY,cs.SY,7.074
356,"The Rational Unified Process (RUP) as well as the related work embrace the importance of collaborative working teams during software development, but, user-interface designers and system analysts work in parallel or in sequential mode. However, this kind of relationship may not be effective, resulting on functional software but not meeting usability issues. Our proposal is that in order to understand mobile applications requirements work should be made collaboratively between analysts and user-interface designers through sharing artifacts like use-case scenarios, sketching and mock-up. In this paper, we propose a collaborative work framework to meet mobile applications requirements. Also, we show preliminary results of a case study to assess this approach. Results suggest that the collaborative team got a common understanding about system limits and functional and usability requirements.",en,9,cs.SY,False,cs.SY,cs.SY,8.076
357,"Top blowing is the standard practice in the operation of the Basic Oxygen Furnace (BOF) for steelmaking. Combined blowing, namely simultaneous top and bottom blowing, in a BOF is numerically explored in this work. 2D transient multiphase Computational Fluid Dynamics (CFD) simulations were carried out considering both top and bottom blowing in order to study the oxygen-steel interaction in an industrial-like BOF. Reynolds Stress model was employed in the computer simulations in order to deal with the turbulence phenomena, and the Volume of Fluid model was selected to deal with the two-phase problem. Three nozzles at the BOF bottom were considered. Open jet velocity from the lance was varied from 330 to 660 ms-1, and velocity of submerged jets from the bottom nozzles was changed from 50 to 75 ms-1. CFD numerical results show a significant stirring of molten steel for the combined blowing …",en,7,cs.NA,False,cs.NA,cs.NA,6.569
358,"Flow analysis has a wide range of applications both in engineering and science, and many techniques have been developed over the years that allow the data extraction and measurement of the flow dynamics. In particular, Particle Tracking Velocimetry (PTV) techniques have shown good results when combined with Artificial Neural Networks (ANN) techniques, especially using Self-Organizing Maps (SOM). In order to improve the performance and reduce the time consumption of proposed SOMs for PTV analysis, the parallel nature of modern architectures such as Graphics Processing Units (GPU) can be used. In this paper we describe how the GPU architecture can be exploited for the implementation of the inherent parallelism of a SOM for PTV analysis, and measure the performance obtained with different optimizations techniques. We show that it is possible to gain a speedup of∼ 5 when running in parallel.",en,7,cs.NA,False,cs.LG,cs.LG,7.282
359,"The COVID-19 pandemic had a significant impact on many aspects of people's life, health, labor and economic environments were significantly affected, and at one moment, another fundamental environment that suffered a notable impact was the educational one. Almost any institution from all educational levels, from primary to university, had to move to a distance or remote teaching model. It was expected that the effects of the pandemic would last a few months, however, in some countries, this lasted almost two years. This time represents that many students finished one educational level and entered the next one. For example, in Mexico thousands of students finished highschool and entered different universities in a distance model. The Mexican Universidad Autónoma Metropolitana (UAM) developed the Emergent Program of Remote Teaching (PEER for its acronym in Spanish). During these two years …",en,0,cs.AI,False,cs.SY,cs.SY,6.802
360,"The distributed computing, mobile computing, and collaborative systems paradigms have induced an increasing interconnection of computing systems using communication networks. Allowing access to multiple mobile devices to a communication network has created the need to design autonomous applications, with a low energy consumption, able to monitor and to create statistics about the bandwidth consumption, as well as to detect suspicious activities, in order to keep a trustable communication between devices. This work describes the creation of a network monitoring system on an FPGA running Linux, using the SNMPv2 protocol to manage the devices that are connected to the network. The SNMP agents are executed as Linux applications and they store the information on a relational database using the SQLite manager. The system shows that it is possible to create an embedded application with support …",en,9,cs.SY,False,cs.CR,cs.CR,5.758
361,"EEG Signal Implementation of Movement Intention for the Teleoperation of the Mobile Differential Robot Page 1 EEG Signal Implementation of Movement Intention for the Teleoperation of the Mobile Differential Robot 1 Universidad Autónoma Metropolitana, Unidad Azcapotzalco. Departamento de Electrónica. Laboratorio de Multimedia. San Pablo Xalpa Nº 180, Col. Reynosa Tamaulipas, CP 02200, México DF Juan Villegas Cortez, Carlos Avilés Cruz, Josué Cirilo Cruz and Arturo Zuñiga López Page 2 2 Outline • Motivations • Goals • EEG Signal and BCI • Proposal • Movement intention detection • Engeeniring implentation model • Results • Conclusions • Future Works Page 3 3 Motivations Adaptable Low cost Free Easy to use No-invasive Scalability Motivations Page 4 4 Goals • Analysis, desing and construction of a mobile differencial robot. • Protocols and programs implementation of EEG Signal acquisition. • …",en,8,cs.RO,False,cs.RO,cs.RO,5.961
362,"Traditionally autonomous agents communicate each other using a predefined set of communication primitives implicitly encoded inside the agent protocol. Nowadays, there are various research efforts for automating the deployment of agents in open environments such as Internet. Considering the existence of multiple heterogeneous agents, independently developed and deployed on the Web, the challenge is to achieve interoperability at the communication level, reducing the number of communication errors caused by differences in syntax and semantics of their particular languages implementations. Currently, to support communication interoperability, agent owners must redesign communication syntax and deploy manually their agents, which results in a tedious, time consuming and costly task. To solve this problem we propose an Ontology-based approach for discovering semantic relations between agent …",en,0,cs.AI,False,cs.SY,cs.SY,8.014
363,"Aims: To evaluate FNA/core biopsies as diagnostic tests of head and neck lumps, to determine if FNA/core biopsy results are congruent with final histology results and to determine if FNA/core biopsies influence management outcome of head and neck lumps.
Method: This is a retrospective case notes study. The case notes of all patients who were seen with neck lumps and subsequently had either FNA or core biopsies were reviewed. The data collected included age of patient, sex, whether they had FNA or core biopsy, the results of the FNA/core biopsy and subsequent management outcome. Data was also collected on the histology results on the patients who had FNA/core biopsy and who subsequently went on to have either open biopsy or surgery to see if the FNA/core histology was congruent with the open histology.
Results: There were 36 patients (25 males and 11 females) who had 38 FNA/core biopsies …",en,9,cs.SY,False,cs.NA,"[from_thinking] he abstract doesn't mention ML. So perhaps none of these categories are a perfect fit, but I have to choose one. Maybe cs.NA is the closest as it deals with numerical methods and data analysis.

Wait,",10.566
364,"This work determines the temperature, the husk weight per cent and the effect of cementing material type on the compressive strength of rice husk composites in a cement matrix. The husk rice composites considered in this investigation were made with two kinds of cementing material (Portland cement and mortar) and two proportions of milled husks to cementing material (20 and 30% dry weight basis). The test cubes were made in triplicate, subjecting one each to temperatures of 50 and 100 deg C in an oven for 24 hours, with the third cube used as a control. The experimental results showed that there was influence of the husk concentration and of the type of cementing material on the compressive strength of the composite, with a minor effect of temperature. It was concluded that rice husk + Portland cement composites gave higher compressive strength values than the rice husk-mortar composites.",en,7,cs.NA,False,cs.NA,cs.NA,6.747
365,"This work proposes a new technique for the treatment of Multi-objective Optimization Problems (MOPs), based on the extension of a socio-cultural algorithm, the Method of Musical Composition (MMC). The MMC uses a society of agents, called composers, who have their own creative ability, maintain a memory of their previous artwork and are also able to exchange information.
According to this analogy, a decomposition approach implemented through a Tchebycheff function is adapted, assigning each composer to the solution of a particular scalar sub-problem. Agents with similar parameterization of the original MOP may share their solutions. Furthermore, the generation of new tunes was modified, using the Differential Evolution mutation operator. Computational experiments performed on the ZDT and DTLZ test suite highlight the promising performances obtained by the resulting MO-MMC algorithm, when …",en,0,cs.AI,False,cs.DS,cs.DS,8.283
366,"In this paper, we investigate the outer and inner mass distributions of the irregular galaxies UGC 4284 and UGC 11861, taking advantage of published H i and H α high-resolution rotation curves and constraining the stellar disc of both galaxies throughout stellar population synthesis studies. In addition, we take into account the gas content of both galaxies deriving the H i+He rotation curve. The deduced baryonic rotation curves (star+gas) are inadequate to account for the total mass of UGC 4284 and UGC 11861, for that reason we examine the possibility of dark matter (DM) to explain the incongruity between the observed H i and H α rotation curves of UGC 4284 and UGC 11861 and the derived baryonic rotation curves. We consider NFW, Burkert, DiCintio, Einasto, and the Stadel DM haloes, to analyse the DM content of UGC 4284 and UGC 11861. The principal results of this work are that cored DM …",en,7,cs.NA,False,cs.NA,"[from_thinking] ne.

Given that they're analyzing rotation curves and using different dark matter halo models, which involves mathematical modeling and simulations, cs.NA (Numerical Analysis) might be the closest fit",10.463
367,"The COVID-19 pandemic affected the lives of millions of people worldwide, hundreds of aspects were involved in many ways, and one of the most commented and analyzed was the education systems. A significant percentage of schools used the face-to-face educational model, and in a matter of weeks, almost any school had to move to a remote educational one to ensure the integrity of their students, professors, and staff. In Mexico, this phenomenon was not an exception. At the beginning of the pandemic, all the schools, from primary to superior level, developed different programs which allowed them to continue with teaching. For this purpose, the Mexican Universidad Autónoma Metropolitana (UAM) developed the Emergent Program of Remote Teaching (PEER for its acronym in Spanish). During almost two years, which means six scholar periods at UAM, students took classes using different remote teaching …",en,0,cs.AI,False,cs.NA,cs.NA,9.793
368,"Recent experiments in the Advanced Toroidal Facility (ATF) [Fusion Technol. 10, 179 (1986)] have been directed toward investigations of the basic physics mechanisms that control confinement in this device. Measurements of the density fluctuations throughout the plasma volume have provided indications for the existence of theoretically predicted dissipative trapped electron and resistive interchange instabilities. These identifications are supported by results of dynamic configuration scans of the magnetic fields during which the magnetic well volume, shear, and fraction of confined trapped particles are changed continuously. The influence of magnetic islands on the global confinement has been studied by deliberately applying error fields which strongly perturb the nested flux‐surface geometry, and the effects of electric fields have been investigated by means of biased limiter experiments.",en,7,cs.NA,False,cs.SY,cs.SY,7.004
369,"We present observations in X-ray and optical emission of the supernova remnant (SNR) 0520–69.4 in the Large Magellanic Cloud. Using XMM–Newton observatory data, we produced images of the diffuse X-ray emission and spectra to obtain the X-ray parameters, such as luminosity and temperature, of hot plasma in the SNR. Diffuse X-ray emission with filled-centre morphology goes beyond the Hα region, suggesting that the hot gas escapes through the pores of the Hα shell. We fitted a model that has a plasma temperature of 1.1 × 107 K for an X-ray thermal luminosity of 3.3 × 1035 erg s−1. However, from Hα and [O iii] Fabry–Perot observations obtained with the Marseille Hα Survey of the Magellanic Clouds and the Milky Way at La Silla, European Southern Observatory, we are able to obtain physical parameters such as the velocity of the shock induced in the cloudlets emitting at optical wavelengths and …",en,7,cs.NA,False,cs.NA,cs.NA,6.774
370,"In this paper a Personalized Virtual Learning Environment (PVLE) architecture is presented which integrates three components is as follows: (I) the Learning Management System (LMS); (II) the Virtual Learning Environment (VLE); and (III) the Ontological Model (OM). The components were implemented as a solution for Cloud Computing. The fieldwork considered two stages: a proof of concept that is used as a benchmark and test cases where the PVLE were applied. We observed during the performance of stage 1 the average scores for thought styles (logical processes, creative, relational) considerably remain unchanged. While in stage 2, we observed the scores average has increased, with a tendency to improve creative, logical and process styles. Therefore, there is a significant contribution in the development of students’ cognitive profile to personalize its learning activities and the use of PVLE.",en,0,cs.AI,False,cs.SY,cs.SY,7.1
371,"The flow of water through a horizontal small-scale Venturi tube of rectangular cross-section is simulated using a modified version of the open-source code DualSPHysics, which is based on Smoothed Particle Hydrodynamics (SPH) methods. Water is simulated using the Murnaghan-Tait equation of state so that weak compressibility is allowed. The hydrodynamics is coupled to a Large-Eddy Simulation (LES) turbulence model. The convergence properties of SPH are improved by adopting a C Wendland function as the interpolation kernel, increased number of neighboring particles and non-reflective open boundary conditions at the outlet of the Venturi tube. The flow structure and differential pressure as well as the mainstream velocity profiles at different stations are compared with calibrated experimental data. A resolution independence test shows that good convergence to the experimental measurements is …",en,7,cs.NA,False,cs.NA,cs.NA,6.953
372,"The rapid development of wireless communication technologies and the easy access to mobile computing devices has generated an increase in the development of innovative applications to leverage the benefits of these mobile technologies. Also, over the last decades new platforms and paradigms for intelligent data processing have gained much attention from practitioners and researchers: mobile computing, use of ontologies and Web services for the rapid information processing: In this article, we present an approach for semantic search of academic resources based on the integration of a multi-dimensional ontology model with inference facilities for query answering, and the deployment of Web services for supporting a mobile application. The approach was evaluated based on a set of general competency questions which were translated into a rule-based query language. Results show that the overall …",en,0,cs.AI,False,cs.AI,cs.AI,7.351
373,"Persistent salary inequality continues to impact a significant percentage of employees at the public Mexican Universidad Autónoma Metropolitana (UAM), particularly affecting administrative workers, many professors, and others who struggle to meet basic needs. While some employees enjoy high salaries, a significant number still grapple with financial challenges. The median net monthly salaries for all UAM employees during the first quarter of the years 2018 to 2022 were 11,735.12, 12,885.86, 11,389.88, 13,250.27, and 14,086.45 Mexican pesos, respectively. The maximum monthly net salary reported by the UAM for each of the first quarters from 2018 to 2022 was 308,792.00, 356,089.96, 238,260.96, 462,692.52, and 216,414.78 Mexican pesos, respectively. An analysis of the first quarter of the years 2018 to 2022 shows that the monthly median net salary of all UAM employees reported by the UAM has …",en,7,cs.NA,False,cs.AI,"None of the provided categories (cs.AI, cs.CL, etc.) apply as the abstract discusses salary inequality and economic data without any technical or computational focus.

However, since I must choose one category from the list, none fit perfectly. But if forced to pick, perhaps it's closest to cs.SY (Systems and Control) in terms of analyzing organizational systems, though this is a stretch.

But given the strict rules, I should probably select the least inappropriate category. Alternatively, maybe it doesn't fit any, but since I have to choose, perhaps cs.NA (Numerical Analysis) as it involves numerical data analysis.

Wait, no, that's not right either. Numerical Analysis typically involves computational methods for solving mathematical problems, which isn't the case here.

Alternatively, maybe cs.DS (Data Structures and Algorithms), but again, there's no mention of algorithms or data structures.

This is a tough one because it doesn't fit any category well. But perhaps the closest would be cs.SY since it deals with systems analysis, even though it's about salary distribution in an organization.

But I'm not confident. Maybe none of them fit, but I have to choose. Alternatively, maybe cs.IT (Information Theory) as it involves information about salaries, but that's a stretch too.

I think the best choice is cs.NA because it's numerical data analysis, even though it's more about statistics than algorithms.

But honestly, none of these categories are appropriate for this abstract. It's more of a social science topic. However, since I have to pick one, perhaps cs.NA.

Wait, no, that doesn",10.435
374,"Given two strings of lengths m and n, with m≤ n, the longest common subsequence problem consists of computing a common subsequence of maximum length by deleting symbols from both strings. While the O (m n) algorithm devised in 1974 is optimal in the most general setting, algorithms that depend on parameters other than m and n have been proposed since then. In the word RAM model, let w be the word size, s be the alphabet size, d be the number of dominant symbol matches between the strings, and p be the length of the longest common subsequence. Fast algorithms for this problem have complexities O (m n/log⁡ n), O (m n/w), O (n s+ min⁡(p (n− p), p m)), O (n log⁡ s+ d log⁡ log⁡ min⁡(d, m n/d)), O (n s+ min⁡(d s, p m)), and O (n s+ s! 2 s+ d log⁡ s). In this work, we present an O (n (s+ log⁎⁡ n)+ min⁡(d log⁡ s, p m)) algorithm when s∈ O (w), and also an O (n (s+ log⁎⁡ n)+ d) algorithm when s≤ w …",en,4,cs.DS,False,cs.DS,cs.DS,8.051
375,"The modelling of electrical machines by equivalent circuits requires an appropriate calculation of inductance values. The energy-perturbation and flux-linkage methods have been devised (and extensively used) to determine inductance values of electrical machines from two-dimensional finite-element solutions. That both methods are numerically equivalent and give approximately the same values of inductance is shown. However, the flux-linkage method requires less computation resources and is numerically more robust than the energy perturbation method when two-dimensional calculated fields are used. Hence, it is concluded that the flux-linkage approach should be chosen as the preferred method for two-dimensional inductance calculation of electrical machines. The numerical characteristics and equivalence of the energy-perturbation and flux-linkage methods are demonstrated by calculating the time …",en,9,cs.SY,False,cs.NA,cs.NA,6.201
376,"Redistricting is the redrawing of the boundaries of legislative districts for electoral purposes in such a way that these boundaries fulfill federal and/or state requirements. From 2015 to 2017, the National Electoral Institute of Mexico carried out the redistricting process of all 32 Mexican federal entities using a nonlinear programming model in which population equality and compactness were considered as conflicting objective functions, but other criteria, such as contiguity, travel times between municipalities, and indigenous population, were included as hard constraints. To find high-quality redistricting plans within acceptable time limits, we designed two optimization algorithms; one is based on simulated annealing and the other on artificial bee colony. In this paper, we describe our methodology and the results we obtained when we used these algorithms for this redistricting process.",en,7,cs.NA,False,cs.DS,cs.DS,6.567
377,"In this paper we describe a governance system supported by an evaluation framework to measure the success and level of acceptance of new products and services in our community of a “b-learning” platform used at Universidad Autónoma Metropolitana campus Azcapotzalco (UAM-A) in the Basic Sciences and Engineering Division (CBID). This framework, based on CobiT 4.1, has the main purpose for which it was made and there are a few good ideas for improvement. The domains included in the evaluation framework are: planning, implementation, service delivery, monitoring and evaluation. Also has four evaluation dimensions: effectiveness, efficiency, integrity and availability. After four years of working with “b-learning” we found that technology became very important to improve teaching and learning processes and we need tools that help us to improve the teaching and learning process. The key elements …",en,9,cs.SY,False,cs.SY,cs.SY,9.101
378,"In this paper we compared some indicators for the two Basic Science and Engineering Divisions of the campuses of Azcapotzalco and Iztapalapa of the Universidad Autónoma Metropolitana (UAM) [1]. The objective is to analyze the differences in order to define what experiences could be shared between them to improve. We obtained the data mostly from the annual activity reports of the UAM of several years, and made some statistical analysis. We have found that there are important differences in some indicators despite that both divisions started classes in 1974 and they were constructed to have a similar undergraduate enrollment. For example, in the year of 2014 the Basic Sciences and Engineering Division of Azcapotzalco (CBI-A) had an undergraduate enrollment of 8142 students while the Basic Sciences and Engineering Division of Iztapalapa (CBI-I) had 4292 students. The number of freshmen and of …",en,7,cs.NA,False,cs.NA,cs.NA,9.298
379,"The detection of communities in complex networks offers important information about the structure of the network as well as its dynamics. However, it is not an easy problem to solve. This work presents a methodology based of the robust coloring problem (RCP) and the vertex cover problem (VCP) to find communities in multiplex networks. For this, we consider the RCP idea of having a partial detection based onf the similarity of connected and unconnected nodes. On the other hand, with the idea of the VCP, we manage to minimize the number of groups, which allows us to identify the communities well. To apply this methodology, we present the dynamic characterization of job loss, change, and acquisition behavior for the Mexican population before and during the COVID‐19 pandemic modeled as a 4‐ layer multiplex network. The results obtained when applied to test and study case networks show that this …",en,4,cs.DS,False,cs.DS,cs.DS,6.358
380,"An important dynamic parameter of barred galaxies is the bar pattern speed, Ω P. Among several methods that are used for the determination of Ω P, the Tremaine–Weinberg method has the advantage of model independence and accuracy. In this work, we apply the method to a simulated bar including gas dynamics and study the effect of two-dimensional spectroscopy data quality on robustness of the method. We added white noise and a Gaussian random field to the data and measured the corresponding errors in Ω P. We found that a signal to noise ratio in surface density∼ 5 introduces errors of∼ 20% for the Gaussian noise, while for the white noise the corresponding errors reach∼ 50%. At the same time, the velocity field is less sensitive to contamination. On the basis of the performed study, we applied the method to the NGC 3367 spiral galaxy using Hα Fabry-Pérot interferometry data. We found Ω P= 43±6 …",en,7,cs.NA,False,cs.CV,cs.CV,5.571
381,"For many years coal and oil have been used as energy sources. Currently oil is the dominant source of energy, but experts predict that in a few decades it will no longer be profitable. Burning fossil fuels generates atmospheric contaminants that give rise to the greenhouse effect that artificially warms the earth, damages the earth ozone layer, and produces acid rain, all of which are very dangerous for living beings. As a consequence, abnormal phenomena such as the melting of glaciers, changes in the Gulf Stream, unprecedented heat waves, floods, hurricanes, and damage to marine organisms are now occurring. Although there are many skeptics, there is a general consensus that the earth is warming up. In order to reduce CO2 and other greenhouse gas emissions, the extensive use of alternative and cleaner sources of energy have been proposed, including CO2 emission-free nuclear energy and other …",en,9,cs.SY,False,cs.NA,"None of the provided categories are appropriate for this abstract as it discusses environmental issues and alternative energy sources, which fall under Earth Sciences rather than Computer Science.

However, since I must choose from the given options, none apply here. But according to the rules, I should select one category. Since there's no relevant CS topic, perhaps cs.NA (Numerical Analysis) could be a stretch if it involved computational models, but that's speculative. Alternatively, maybe cs.CV for some visualization, but that's also not clear.

But given the content is purely about energy and environment without any CS angle, none of the categories fit. However, I have to pick one. Maybe cs.NA as it might involve numerical simulations in environmental modeling, though this is a stretch.

cs.NA",7.51
382,"Evolutionary scenarios suggest that several mechanisms (from inner secular evolution to accretion/merging) may transform galaxy members, driving groups from an active star forming phase to a more passive, typical of dense environments. We are investigating this transition in a nearby group sample, designed to cover a wide range of properties (see also Marino et al. (2010), Bettoni et al. (2011) and Marino et al. (2012)). We study two groups, USGC U268 and USGC U376 located in different regions of the Leo cloud, through a photometric and kinematic characterization of their member galaxies. We revisit the group membership, using results from recent red-shift surveys, and we investigate their substructures. U268, composed of 10 catalogued members and 11 new added members, has a small fraction (~24%) of early-type galaxies (ETGs). U376 has 16 plus 8 new added members, with ~38% of ETGs. We find …",en,7,cs.NA,False,cs.NA,cs.NA,8.434
383,"The Multidimensional Assignment Problem (MAP) is a natural extension of the well-known assignment problem. The most studied case of the MAP is the 3-dimensional Assignment Problem (3AP), though in recent years some local search heuristics and a memetic algorithm were proposed for the general case. Until now, a memetic algorithm has been proven to be the best-known option to solve MAP instances and it uses some procedures called dimensionwise variation heuristics as part of the improvement of individuals. We propose a new local search heuristic, based on ideas from dimensionwise variation heuristics, which consider a bigger space of neighborhoods, providing higher quality solutions for the MAP. Our main contribution is a generalization of several local search heuristics known from the literature, the conceptualization of a new one, and the application of exact techniques to find local optimum …",en,4,cs.DS,False,cs.DS,cs.DS,8.463
384,"The need for efficient and effective optimization problem solving methods arouses nowadays the design and development of new heuristic algorithms. This paper present ideas that leads to a novel multiagent metaheuristic technique based on creative social systems suported on music composition concepts. This technique, called “Musical Composition Method” (MMC), which was proposed in Mora-Gutiérrez et al. (Artif Intell Rev ) as well as a variant, are presented in this study. The performance of MMC is evaluated and analyzed over forty instances drawn from twenty-two benchmark global optimization problems. The solutions obtained by the MMC algorithm were compared with those of various versions of particle swarm optimizer and harmony search on the same problem set. The experimental results demonstrate that MMC significantly improves the global performances of the other tested metaheuristics on this …",en,0,cs.AI,False,cs.DS,cs.DS,10.098
385,"The Job Shop Scheduling Problem (JSSP) has received a great attention from operation research and metaheuristic communities, because it constitutes a challenging optimization problem with many real-world applications. In this work, an extension of the simple JSSP operating mode is introduced, including flexibility (operations can be processed by several machines) and lot streaming (jobs may be divided into sublots).
An integer programming model is developed in this study for tackling the resulting FJSSP-LS. This model was implemented within a a commercial solver, GUROBI and additionally, a Tabu Search (TS) algorithm is proposed as a solution technique. Compared over a set of 48 instances adapted for the FJSSP-LS working mode, the TS heuristic clearly outperforms the upper bounds found by GUROBI, which is never able to converge to optimality in a one hour time limit. Moreover, result analysis …",en,4,cs.DS,False,cs.DS,cs.DS,8.661
386,"In this work we present the architecture of the Regulation Model (RM) as a third layer of the Strategic Learning Meta-model (SLM). The SLM conforms a personalized virtual learning environment that consists of three layers: The Intelligent Layer that includes a virtual learning environment, The Infrastructure Layer based on the Cloud Computing, and The Regulation Model. The RM is based on the Ned Herman’s Whole Brain Theory that divides the brain into four quadrants associated to thinking styles. The RM considers six components: (i) The teacher; (ii) The learner or student; (iii) The process facilitator; (iv) The emotional facilitator; (v) The didactic material; and (vi) The learning activities. Our experiments implement the RM and consider five test cases. The experimental results show an improvement in the final scoring of creative, logic and process thinking styles of undergraduate students.",en,0,cs.AI,False,cs.SY,cs.SY,8.603
387,"To successfully complete the Computer Engineering program at Universidad Autónoma Metropolitana in Mexico City, students can develop a technology or research project under the supervision of a tutor. However, they must present and to approve a formal document, named project proposal, describing the project. At least two members of the Computing Engineering Committee review and authorize the project proposal. In case of approval, the next quarter, students develop the project. The project proposal is considered a very important step in professional development because students apply their knowledge and skills in problem-solving like Computer Engineering professionals. Committee members evaluate each project proposal with a framework of 14 sections and one final evaluation. After that, the Program Coordinator gives a qualitative and qualitative evaluation that is sent to the student and his/her …",en,9,cs.SY,False,cs.AI,"None of the provided categories (cs.AI, cs.CL, etc.) are appropriate because the abstract describes an academic process rather than a technical contribution.",7.299
388,"A Verbal Phraseological Unit (VPU) is a phrase or expression that has either a literal or figurative (non-compositional) meaning. Identifying, in an automatic manner, which meaning is associated to a VPU in a certain context is an open problem in natural language processing, whose solution impacts in various real life applications. In this paper we present a method for the automatic verification of non-compositionality of a VPU based on the use of lexical domains. The methodology proposed is based in the degree of overlapping between the VPU domain and its context domain. This methdology is general in the sense that it opens the opportunity of applying different overlapping metrics, and different methods for calculating the domain of a given phrase. The experiments carried out show that this novel approach can be efficiently applied in high volumes of data with competitive results close to 65%.",en,1,cs.CL,False,cs.CL,cs.CL,6.185
389,"The Mexican Universidad Autónoma Metropolitana (UAM), a public university, began classes in 1974 and attended 60,865 students in 2021. The average age of its permanent professors increased almost linearly from the year 2003 to the year 2021, and the seniority of those professors increased proportionally to their average age, with a linear correlation coefficient between the two variables of 0.995. The average age of permanent professors in 2003 was 50.2 years, and it increased to 60.0 years in 2021, while the average seniority was 17.8 and 27.6 years, respectively. The number of permanent professors increased from 2,815 in 2003 to 3,124 in 2014 and then decreased to 2,915 in 2021. The number of professors over 70 in 2003 was 42, while in 2021 it was 504. The number of professors with seniority larger than 40 years was 492 in 2021. On the other hand, the federal subsidy that the University has …",en,7,cs.NA,False,cs.SY,"[from_thinking] not sure if that's stretching it too far.

Alternatively, perhaps the abstract is part of a larger study on educational systems or workforce dynamics, but without more context, it's hard to say. Since",10.439
390,"The Cerro Negro district, northwestern Deseado Massif (Patagonia, Argentina), is one of two world-class Au–Ag epithermal mines in the Patagonian region, with combined reserves, resources, and production of about 8 Moz of Au equivalent. The epithermal deposits are hosted by volcanic and intrusive rocks and are related to the evolution of distinct Jurassic magmatic events. Major WNW trending depocenters were filled by a thick sequence of andesitic-dacitic flows and ignimbrites. In the western part of the district, the sequence is intruded by subvolcanic bodies of the same composition and is grouped into the 159-156 Ma Eureka Volcanic Subvolcanic Complex (EVSC). Hydrothermal activity took place during the last stages of the EVSC, producing epithermal Au- and Ag-rich veins of low to intermediate sulfidation style in the Eureka West (156 Ma) and the Marianas-San Marcos veins (155-154 Ma) that were …",en,7,cs.NA,False,cs.NA,"The provided abstract discusses geological features and mineral deposits in Patagonia, Argentina, which is unrelated to Computer Science. However, since I must choose one category from the given list, there's no appropriate match. 

cs.NA",9.423
391,"Current approaches to forest management must be capable of specifying where, when, and how much can be harvested from the forest to procure wood production while dealing with multiple operational and conservation considerations. To accomplish such a task, in this work, we present a multi-objective optimization model based on the “triad zoning” approach, which proposes dividing a forest under management into three zones: a) conservation, b) wood extensive production, and c) wood intensive production. An instance of functional zoning for the communal forest of San Pedro El Alto, Oaxaca, Mexico was built, which was validated by a panel of experts. This instance was solved through six heuristic techniques which are: local search, local beam search, multi-start, and three hybrids composed by simulated annealing with each one of the heuristic techniques mentioned above. The results obtained by each …",en,0,cs.AI,False,cs.DS,cs.DS,5.783
392,"The multiple sequence alignment (MSA) problem has become relevant to several areas in bioinformatics from finding sequences family, detecting structural homologies of protein/DNA sequences, determining functions of protein/DNA sequences to predict patients diseases by comparing DNAs of patients in disease discovery, etc. The MSA is a NP-hard problem. In this paper, two new methods based on a cultural algorithm, namely the method of musical composition, for the solution of the MSA problem are introduced. The performance of the first and second versions were evaluated and analyzed on 26 and 12 different benchmark alignments, respectively. Test instances were taken from BAliBASE 3.0. Alignment accuracies are computed using the QSCORE program, which is a quality scoring program that compares two multiple sequence alignments. Numerical results on the tackled instances indicate that the performance …",en,4,cs.DS,False,cs.AI,cs.AI,7.518
393,"A common question is how can a teacher act or feel when he is immersed in the teaching-learning process? There is a whole chained reasoning based on the experience of the teacher. A pedagogical agent is the interface that enables communication between an intelligent teaching system and the user. This paper presents a model of this process of reasoning which we will call consciousness in order to include it in the decision-making process. This implies the development of an inference machine that takes into consideration what the teacher feels, including what are the feelings about the user behavior. This means considering emotions as detonate for the latest action. This paper reviews the concept of consciousness from engineering point of view. The above, in order to design an artificial consciousness computer model; which can be implemented as an inference engine. This will improve the decision …",en,0,cs.AI,False,cs.AI,cs.AI,6.253
394,"In educational institutions, there is a need in the right use of human resources. Consider, for example, the number of groups for certain courses, the offer of professors and spaces is limited, and many times, there is many students that desire a certain course and for reasons of capacity and availability, it is not possible to satisfy their demands. Sometimes, the fact that students must repeat a course, is considered to have only academic relevance, however, this issue can have implications in other topics, for example, the resources one. In order to have a better idea of how much does this affect in a superior institution, this work presents a statistical analysis of the effect of students that must take a course twice and how this affects the available spaces for those who will take it for first time. For this were analyzed the eight more demanded engineering courses in a Mexican university.",en,7,cs.NA,False,cs.SY,"[from_thinking] maybe it's more of an operations research problem, which isn't one of the listed categories.

Wait, looking back at the available categories, none directly relate to educational resource management or",10.34
395,"An EHR collects health data from a person who considers the different aspects of medical care. This data must be more organized, updated, and accessible for information systems to process. Processing systems and representation structures are necessary to facilitate their management. These systems must integrate dependable medical information sources from national standards and medical regulations. Employing knowledge graphs to represent and manage EHR-required information provides several benefits. It enables detailed characterization of all concepts or resources within the EHR, such as patient data, pathological and non-pathological personal history, physical exams, vital signs, laboratory results, diagnoses, and therapies. Graph representation allows relationships between represented resources, thereby achieving semantic expressiveness. Thus, this paper outlines the design and development of …",en,0,cs.AI,False,cs.DS,cs.DS,7.123
396,"Optical Music Recognition (OMR) applied to hand-written scores is widely recognized as a hard real-world problem. The number of different symbols that must be recognized in a score, such as the key, time signatures, tempo, dynamics, notes, alterations, duration, etc, as well as the different meanings some symbols may embody depending on the position in the score, such as a quarter that may mean notes C, D, E, …, makes OMR much harder challenge than Optical Character Recognition (OCR), particularly when dealing with handwritten scores for Computational Intelligence (CI) methods. This paper addresses this hard problem using deep learning based approaches, specif-ically Mask R-CNN, in a specific context: music students that write their scores in a ruled paper notebook when learning 4-part harmony. Preliminary results show that high accuracy levels are obtained, both during training+validation and …",en,0,cs.AI,False,cs.CV,cs.CV,5.499
397,"Currently multiple agent-based solutions are being integrated and deployed to solve complex problems. This is possible because of the evolution of information technologies, such as Internet-based open standards, XML-based languages, protocols and middleware. However, one of the challenges that has to be tackled is to overcome inter-agent ontology communication heterogeneity. This chapter gives an overview of multi-agent systems (MAS) communication challenges, with special stress on the ontology heterogeneity problem. A set of measures are presented to give the MAS designer the key design guidelines and important considerations when selecting an architectural solution approach to overcome heterogeneity of the set of agents participating in the communication scenario. An overview of current solutions is discussed, analyzing the important aspects to consider for each solution approach. Finally, a …",en,9,cs.SY,False,cs.SY,cs.SY,6.65
398,"The calculation of the fuel consumption, fuel economy and carbon dioxide emissions (CO 2) of a heavy-duty vehicle is detailed. First the forces over a vehicle in motion are calculated and then the necessary torque and the revolutions per minute (rpm) of the engine to provide the tractive force are found. The fuel consumption in kilograms per second for a pair of rpm and torque is obtained from the engine fuel map. The CO 2 emissions are obtained from the fuel consumption. The maxima of the torque and power of a 455 horse power engine are presented as a function of the rpm as well as the specific fuel consumption of the vehicle at the maxima values of the torque. Finally, the fuel economy of the vehicle moving in part of one of the cycles used by the Environmental Protection Agency of the United States of America to certify heavy-duty vehicles to fuel consumption and CO 2 emissions is calculated.",en,9,cs.SY,False,cs.NA,cs.NA,9.433
399,"In manual assembly processes, there are several factors that influence production performance, such as process time, product defects, operator fatigue and work method. One solution measure for process continuity is automation and collaborative work between humans and robots. The collaborative robot from Universal Robots (Cobot®) is one of the most widely used and recent studies have analyzed its use in pneumatic cylinder assembly processes, machining applications, cycle time improvement, computer vision techniques, voice recognition and augmented virtual reality [1-4].
However, their integration in a productive process implies a great challenge, being one of the main reasons the lack of methodology and simulation tools for job analysis. Therefore, several studies have been carried out based on the MTM (Methods-Time Measurement) technique, as well as on software and simulation techniques, which …",en,8,cs.RO,False,cs.SY,cs.SY,5.907
400,"We use the Newtonian limit of a general scalar–tensor theory around a background field to study astrophysical effects. The gravitational theory modifies the standard Newtonian potential by adding a Yukawa term to it, which is quantified by two theoretical parameters: A, the lenghtscale of the gravitational interaction and its strength, α. Within this formalism we firstly present a numerical study on the formation of bars in isolated galaxies. We have found for positive α. that the modified gravity destabilizes the galactic discs and leads to rapid bar formation in isolated galaxies. Values of λ in the range 8–14 kpc produce strongest bars in isolated models. Then, we extent this work by considering tidal effects due to interacting galaxies. We send two spirals to collide and study the bar properties of the remnant. We characterize the bar kinematical properties in terms of our parameters (λ, α).",en,7,cs.NA,False,cs.AI,"None of the provided Computer Science categories (cs.AI, cs.CL, etc.) are relevant as this abstract discusses astrophysical effects using a modified gravity theory, which falls under physics rather than computer science.

However, since I must choose from the given options, none fit. But if forced to pick, perhaps cs.NA (Numerical Analysis) because it involves numerical studies, but that's a stretch.

But strictly speaking, none apply. So, no category should be assigned as per the rules.

Wait, the user expects exactly one category code. Since none fit, maybe I have to choose the closest, which might be cs.CV or cs.LG if there were any ML involved, but there isn't. Alternatively, perhaps cs.NA for numerical methods, even though it's applied in a physics context.

But given that the abstract is about astrophysics and not computer science, none of the categories are appropriate. However, since I have to choose one, maybe cs.NA as it involves numerical studies.

But I'm unsure. Maybe better to state no category applies, but according to instructions, must assign exactly one.

Alternatively, perhaps the user expects me to recognize that none apply and not respond, but the rules say to assign exactly one.

I think the best fit might be cs.CV if there were any image analysis, but there isn't. Alternatively, maybe cs.LG for some modeling, but again, it's about gravity simulations.

Wait, perhaps cs.NA is the closest as it involves numerical methods and simulations in studying galaxy formation.

So I'll go with cs.NA.
</think>

cs.NA",10.088
401,"Data analysis with high dimensionality and few samples implies a set of problems related with the Curse of dimensionality phenomenon. Molecular Docking faces these kind problems to compare molecules by similarity. LBVS-Ligand-Based Virtual Screening conducts studies of docking among molecules using their common attributes registered in specialized databases. These attributes are represented by high dimensionality boolean vectors where an bit set indicates the presence of an specific attribute in the molecule, whereas a zero bit, its absence. The discovering of new drugs through the comparison of these vectors involves exhaustive processes of matching among the vectors. In this work, it is proposed the use of Jeffrey divergence as a similarity measurement in order to find the best approximate virtual docking between distinct molecules, to reduce the computation time, and offset some of Curse of …",en,4,cs.DS,False,cs.CV,"[from_thinking] itting category would be cs.CV because sometimes pattern recognition and image processing involve high-dimensional data, but molecular docking isn't directly related to images. Alternatively, maybe cs",10.69
402,"A multi-agent system (MAS) consists of a set of autonomous agents, capable of interacting among each other with cooperation or coordination purposes. To achieve their goals, all agents in a MAS must exchange messages following a interaction protocol. Currently there are research efforts to provide standard mechanisms to achieve cooperation between multiple heterogeneous MAS. However, there are still some issues that must be solved in order to fully automate integration and inter-operation among them. In this paper we present a novel approach for discovering pragmatic similarity among multiple agent interaction protocols, our objective is to support system developers and integrators generating a set of pragmatic relations between pairs of agent interaction protocols and a numerical measure which represents the similarity among them. We describe an example to show the applicability of our approach.",en,0,cs.AI,False,cs.SY,cs.SY,6.785
403,"The Universidad Autónoma Metropolitana (UAM) is one of the largest and most prestigious public universities of Mexico. It has 5 campuses, with a current total enrollment of 44712 undergraduate students. In this work we analyze some of the indicators of the UAM, try to determine a trend for them and study the impact of planning in the results as well. We analyze some of the indicators for all the UAM and those for the Science and Engineering Division of the Azcapotzalco Campus (CBI-A). Based on our analysis we identify some possible problems which may arise in the near future. The number of freshmen in total at the UAM reached a maximum of 13039 in the year of 1987, then decreased to a minimum of 9249 in the year of 1994 and was of 12085 in the year of 2015. That is, there has been a decrease of 7.32% with respect to the maximum. This decrement has occurred despite that the UAM has increased its …",en,7,cs.NA,False,cs.DS,cs.DS,8.222
404,"In order to ascertain and solve a particular Multiple Criteria Decision Making (MCDM) problem, frequently a diverse group of experts must share their knowledge and expertise, and thus uncertainty arises from several sources. In those cases, the Multiplicative Preference Relation (MPR) approach can be a useful technique. An MPR is composed of judgements between any two criteria components which are declared within a crisp rank and to express decision maker(s) (DM) preferences. Consistency of an MPR is obtained when each expert has her/his information and, consequently, her/his judgments free of contradictions. Since inconsistencies may lead to incoherent results, individual Consistency should be sought after in order to make rational choices. In this paper, based on the Hadamard’s dissimilarity operator, a methodology to derive intervals for MPRs satisfying a consistency index is introduced. Our …",en,0,cs.AI,False,cs.SY,cs.SY,6.898
405,"This paper concerns about energy-efficient broadcasts in mobile ad hoc networks, yet in a model where each station moves on the plane with uniform rectilinear motion. Such restriction is imposed to discern which issues arise from the introduction of movement in the wireless ad hoc networks.
Given a transmission range assignment for a set of n stations S, we provide an polynomial O(n2)-time algorithm to decide whether a broadcast operation from a source station could be performed or not. Additionally, we study the problem of computing a transmission range assignment for S that minimizes the energy required in a broadcast operation. An O(n3log n)-time algorithm for this problem is presented, under the assumption that all stations have equally sized transmission ranges. However, we prove that the general version of such problem is NP-hard and not approximable within a (1−o(1))ln n factor (unless NP …",en,4,cs.DS,False,cs.DS,cs.DS,5.486
406,"The Universidad Autónoma Metropolitana (UAM) is one of the largest and most prestigious universities of Mexico [www.uam.mx]. Their largest and oldest campuses are Azcapotzalco, Cuajimalpa, Iztapalapa and Xochimilco which are located in Mexico City. Lerma, its newest campus, has neither graduates nor proper installations yet. Several statistical indicators regarding learning-teaching processes for the four oldest campuses are very different. Students fail courses far more in Azcapotzalco, Cujimalpa and Iztapalapa than in Xochimilco. The students spend much more time to get their degrees than the one established in the curricula, except in Xochimilco. Xochimilco has a modular educational system which could hardly be used to prepare better engineers in the other campuses. One of the recent efforts to increase the number of graduates in the UAM were some changes in the curricula in Azcapotzalco. The …",en,9,cs.SY,False,cs.NA,"[from_thinking] ory from the list.

Alternatively, considering that the abstract doesn't discuss any computer science topics, maybe the correct answer is none, but since I can't say that, perhaps the best fit is cs.N",10.524
407,"The nearshoring of United States of America (US), Chinese, European, and even Mexican companies on Mexican soil is leading to the creation of many new jobs, which 40% of the young unemployed and low-paid Mexicans need. Accordingly, the Gross Domestic Product of Mexico may potentially grow beyond its mediocre yearly average of less than 2.0% over the last 40 years. Mexico should set as one objective to educate people with the necessary skills to be employable in those companies, including top-notch scientists and engineers in Artificial Intelligence, automation, Internet of Things, Big Data, semiconductors, quantum computing, solar panels, and battery chemistry, among other areas. After analyzing the strengths, weaknesses, opportunities, and threats to size the nearshoring opportunities in higher education in Mexico, the strategies should be outlined to reach the objectives. The Mexican education …",en,0,cs.AI,False,cs.AI,cs.AI,4.713
408,"The public Mexican University “Universidad Autónoma Metropolitana (UAM)” [1] will face important challenges that it must overcome to assure a successful future. Among the academic challenges, we state the following: a) it has to increase the number of admitted students which has decreased 36% since 1987, despite that it has two more campuses since then, b) the number of years for students to graduate has to be reduced, c) it will have to provide to the Mexican society the professionals that it needs and will need in the future as North America advances towards automation [2] and the commercial relation with the United States of America may change dramatically, affecting some national economic areas. In scientific research, the UAM needs to produce the “know-how” and technology which can be commercialized internationally or transferred for a Mexican society improvement. This is in order to obtain …",en,9,cs.SY,False,cs.SY,cs.SY,8.308
409,"A semianalytical approach to the mercier criterion for some TJ-II configurations Skip to main INIS – International Nuclear Information System home Communities My dashboard Log in Published July 1991 | Version v1 Report Metadata-only A semianalytical approach to the mercier criterion for some TJ-II configurations Creators Varias, A. Fraguas, AL 1 Alejaldre, C. Dominguez, N. Carreras, B. Lynch, VE 2 Show affiliations 1. Asociacion EURATOM-CIEMAT, Madrid (Spain) 2. Oak Ridge National Lab., TN (United States) Description Short communication 2 refs Additional details Publishing Information Imprint Title 8. stellarator workshop Imprint Pagination 556 p. Journal Page Range p. 325. Report number INIS-mf--13744 Conference Title 8. international workshop on stellarators. Dates 27-31 May 1991. Place Kharkov (Ukraine). INIS Country of Publication International Atomic Energy Agency (IAEA) Country of Input or …",en,9,cs.SY,False,cs.NA,cs.NA,9.983
410,"Purpose
This paper aims to propose comparing the performance of three algorithms based on different population-based heuristics, particle swarm optimization (PSO), artificial bee colony (ABC) and method of musical composition (DMMC), for the districting problem.
Design/methodology/approach
In order to compare the performance of the proposed algorithms, they were tested on eight instances drawn from the Mexican electoral institute database, and their respective performance levels were compared. In addition, a simulated annealing-based (simulated annealing – SA) algorithm was used as reference to evaluate the proposed algorithms. This technique was included in this work because it has been used for Federal districting in Mexico since 1994. The performance of the algorithms was evaluated in terms of the quality of the approximated Pareto front and efficiency. Regarding solution quality, convergence …",en,0,cs.AI,False,cs.DS,cs.DS,6.821
411,"Most multi-objective evolutionary algorithms (MOEAs) of the state of the art treat the decision variables of a multi-objective optimization problem (MOP) as a whole. However, when dealing with MOPs with a large number of decision variables (more than 100) their efficacy decreases as the number of decision variables of the MOP increases. Problem decomposition, in terms of decision variables, has been found to be extremely efficient and effective for solving large scale optimization problems. In this work, we study the effect of what we call ""operational decomposition"", which is a novel framework based on coevolutionary concepts to apply MOEAs's crossover operator without adding any extra cost. We investigate the improvements that NSGA-III can achieve when combined with operational decomposition. This new scheme is capable of improving efficiency of a MOEA when dealing with large scale MOPs having …",en,0,cs.AI,False,cs.DS,cs.DS,9.033
412,The basic circuit parameters that feature the electric performance in induction heating devices having an excitation axial winding as found in induction motors for generating rotary magnetic fields are mathematically modeled. The followed method for obtaining impedance parameters was based on main flux decomposition to partial fluxes along different regions that comprise the assembly. It includes the solution of electromagnetic diffusion equation for the conductive motionless work-piece. The modeled parameters for an induction-coupled system resembling an induction motor stator were compared to impedance data from trials on an experimental device at 60 Hz having one-paired -magnetic-pole configuration with a cylindrical insertion made of aluminum. The deviations between modeled and estimated parameters were lower than 5 %. Relatively high power factor and the inherent multi-layer configuration on …,en,9,cs.SY,False,cs.SY,cs.SY,7.217
413,"It is necessary to reduce the fuel consumption and carbon dioxide (CO2) emissions of the Mexican transportation sector. Especially of heavy-duty vehicles which are those with a weight greater than 3.857 tons. In the United States of America (USA), although the heavy-duty vehicles fleet is only 10% of the whole transportation fleet, they emit the 20% of the CO2 emissions of the entire transportation sector. One of the most effective ways in the world to reduce fuel consumption and CO2 emissions is through federal regulations. Japan, USA, Canada and a few other countries have already implemented energy efficiency and/or CO2 emissions reduction regulations for heavy duty vehicles. The regulations push the manufacturers of new heavy-duty vehicles to generate technologies which reduce the fuel consumption and CO2 emissions. Developed countries have scientists and technologists to develop the necessary …",en,9,cs.SY,False,cs.SY,cs.SY,10.115
414,"This study explores the anticipated transformations in Mexico’s higher education system as a response to the economic and technological shifts driven by trade tensions between the United States (US) and China. The research identifies strategies to bolster Mexico’s global competitiveness through education and science, focusing on reducing dependency on key imports—particularly from China—and promoting the development of advanced technologies. The primary objective of this analysis is to propose actionable measures to address the challenges posed by these trade tensions while leveraging the opportunities they present. Using a documentary research approach, the study examines a range of sources, including reports, case studies, and academic literature, with a particular focus on the automotive industry [1]. Comparative analyses of successful strategies in other countries, such as technology transfer …",en,0,cs.AI,False,cs.SY,"[from_thinking] ons.

Alternatively, perhaps it's about systems and control (cs.SY) as it deals with managing and controlling systems in response to external factors like trade tensions. That could make sense because",10.406
415,"In this work, it is proposed to detect communities that share attributes in common, based on the attributes that quantify the indicator of deficiency due to educational lag, which is proposed by the National Council for the Evaluation of Social Development Policy (CONEVAL) in its multidimensional poverty analysis methodology in Mexico. The data obtained to carry out this work were recovered from the databases generated by the National Institute of Statistics and Geography (INEGI) from the National Survey of Household Income and Expenditure in 2018 (ENIGH-2018). The proposed methodology consists of 1) recovering the data of the indicator of lack due to educational lag, 2) a characterization was carried out on each of the variables by states of the Mexican Republic, 3) a complex network model was generated for the indicator of deficiency analysed, 4) the complex network was analysed using a genetic …",en,0,cs.AI,False,cs.DS,cs.DS,8.286
416,"In this work, we study the mass distribution of two irregular galaxies, UGC 6446 and UGC 7524, by means of H i rotation curves derived from high-resolution H i velocity fields obtained through the Westerbork Synthesis Radio Telescope data archive. We constrain the stellar and gas content of both galaxies with stellar population synthesis models and by deriving the H i+He+metals rotation curves from the total H i surface density maps, respectively. The discrepancy between the circular velocity maxima of the stellar plus the H i+He+metals rotation curves and the observed H i rotation curves of both galaxies requires the inclusion of a substantial amount of dark matter. We explore the Navarro Frenk and White, Burkert, Di Cintio, Einasto and Stadel dark matter halo models. We obtain acceptable fits to the observed H i rotation curves of UGC 6446 and UGC 7524 with the cored Burkert, Einasto and Stadel …",en,7,cs.NA,False,cs.NA,cs.NA,6.986
417,"This paper describes the research methodology used to evaluate the usability, usefulness, acceptance of intelligent teaching system called ProgEst. This research was conducted with a qualitative approach to understanding and deepens the usability of the system from the perspective of the participants in a natural environment and in relation to the context. An approach to the concepts of vision-based interface with emphasis on facial expressions, establish patterns that allow identification of emotions as a source of nonverbal communication and visual description and identification is made. This is related to the usability metrics based on vision. We want to generate a degree of autonomy in our system using cognitive and visual emotions and events of the environment; allowing to have more information during the decision-making process in this case allows the choice of best strategies for interaction.",en,0,cs.AI,False,cs.LG,cs.LG,7.14
418,The development of some computational algorithms based on cellular automaton was described to simulate the structures formed during the solidification of steel products. The algorithms described take results from the steel thermal behavior and heat removal previously calculated using a simulator developed by present authors in a previous work. Stored time is used for displaying the steel transition from liquid to mushy and solid. And it is also used to command computational subroutines that reproduce nucleation and grain growth. These routines are logically programmed using the programming language C++ and are based on a simultaneous solution of numerical methods (stochastic and deterministic) to create a graphical representation of different grain structures formed. The grain structure obtained is displayed on the computer screen using a graphical user interface (GUI). The chaos theory and random …,en,7,cs.NA,False,cs.NA,cs.NA,7.216
419,"Electron cyclotron heating (ECH) experiments in the Advanced Toroidal Facility (ATF) torsatron exploit unique capabilities for external control of the magnetic configuration and long‐pulse operation. The ECH power deposition profile is determined from the change of the electron temperature profiles during ECH power turn‐off and from power modulation. The measured dependence of absorbed power on the magnetic field agrees well with that obtained from ray tracing calculations for first‐pass and multiple‐bounce absorption. In ATF, parameters of basic physics interest (magnetic shear, magnetic well/hill, and contained trapped particle fraction) have been varied dynamically during a single long‐pulse (up to 20‐s) discharge (dynamic configuration control). Varying a single physics parameter while keeping others fixed elucidates the parameter’s influence on plasma behavior. Modulation of the magnetic well …",en,9,cs.SY,False,cs.AI,"None of the provided categories (cs.AI, cs.CL, etc.) apply as the abstract discusses a physics experiment in plasma research. 

However, since I must choose one from the list, none are appropriate. But following the rules to respond with only the category code if applicable, perhaps none fit. Since I have to assign exactly one, but it's not CS-related.

But according to instructions, I need to pick one. Maybe cs.NA (Numerical Analysis) as they mention calculations and simulations? Or maybe cs.CV for image processing? No, that doesn't fit either. Alternatively, cs.IT for information theory? Not really. 

Wait, the abstract mentions ray tracing calculations which could relate to computational methods, but it's more about physics than CS.

But since I have to choose one, perhaps cs.NA as numerical analysis might involve simulations or computations used in their experiments.

cs.NA

Alternatively, maybe none of these fit, but per instructions, I must pick. So cs.NA is the closest.
</think>

cs.NA",8.283
420,"The Mexican National System of Researchers in Mexico (SNI, in its Spanish Acronym) [1] started in the year of 1984, with the purpose that researchers (not only from the national institutes and laboratories of research and development, but also from the higher education institutions) stay working on science and technology during the deep economic crisis of the country during those years. That system has been one of the main programs of the National Council for Science and Technology (CONACYT, in its Spanish Acronym) which was created in the year of 1970. Since its beginnings, CONACYT prioritized the creation of basic science, leaving technology development to solve big national problems in second place. Therefore, the main products of the SNI have been published papers in magazines of varied qualities as it can be seen in the constant increment in the number of publications by the country. The most …",en,9,cs.SY,False,cs.NA,"[from_thinking] is the closest, even though it's a bit of a reach.

Alternatively, perhaps none of them fit, but since I have to pick, maybe cs.NA (Numerical Analysis) doesn't make sense either. Wait, no, that's more",10.553
421,"This work analyzes and characterizes the spread of the COVID‐19 disease in Mexico, using complex networks and optimization approaches. Specifically, we present two methodologies based on the principle of the rupture for the GC and Newton's law of motion to quantify the robustness and identify the Mexican municipalities whose population causes a fast spread of the SARS‐CoV‐2 virus. Specifically, the first methodology is based on several characteristics of the original version of the Vertex Separator Problem (VSP), and the second is based on a new mathematical model (NLM). By solving VSP, we can find nodes that cause the rupture of the giant component (GC). On the other hand, solving the NLM can find more influential nodes for the entire system’s development. Specifically, we present an analysis using a coupled social network model with information about the main characteristics of the contagion and …",en,9,cs.SY,False,cs.SY,cs.SY,7.324
422,"Inverse percolation is known as the problem of finding the minimum set of nodes whose elimination of their links causes the rupture of the network. Inverse percolation has been widely used in various studies of single‐layer networks. However, the use and generalization of multiplex networks have been little considered. In this work, we propose a methodology based on inverse percolation to quantify the robustness of multiplex networks. Specifically, we present a modified version of the mathematical model for the multiplex‐vertex separator problem (m‐VSP). By solving the m‐VSP, we can find nodes that cause the rupture of the mutually connected giant component (MCGC) and the large viable cluster (LVC) when their links are removed from the network. The methodology presented in this work was tested in a set of benchmark networks, and as case study, we present an analysis using a set of multiplex social …",en,4,cs.DS,False,cs.DS,"[from_thinking]  graph theory. Graph theory problems often fall under cs.DS because they involve algorithmic solutions.

Alternatively, if the work involves control strategies for network robustness, it might be cs.S",10.583
423,"In this chapter, we propose an approach to analyze the robustness in water distribution networks using temporal complex networks and the temporal vertex separator problem. Robustness is a fundamental property in water distribution networks as it ensures the supply of clean water even in the presence of failures or disruptions. However, evaluating robustness in these networks can be challenging due to their dynamic complexity and the presence of multiple interconnected components. To address this challenge, we propose an approach based on temporal complex networks, which enables modeling and analyzing the dynamic evolution of the water distribution network over time. By capturing the temporal aspects of the network, we gain a deeper understanding of its behavior and identify potential vulnerabilities. Furthermore, we employ the temporal vertex separator problem to identify critical nodes that, once …",en,9,cs.SY,False,cs.SY,cs.SY,5.626
424,"The COVID-19 pandemic brought many changes to our daily activities, and one of the most affected fields was education. In Mexico, in particular, all levels had to adopt a distance learning modality using various resources. This modality lasted several years. In Mexico, educational institutions closed their doors in March 2020. Initially, this measure was expected to be short-term; however, it extended for almost two years. As a result, many students finished the previous level remotely and even began the next level also remotely. Distance education generated much controversy. While it was seen as an opportunity for students to continue their progress, there were also opinions that the training was inadequate, especially in an educational system that was not accustomed to this modality. The impact of having finished or mostly completed a previous level remotely is a phenomenon that has been analyzed …",en,0,cs.AI,False,cs.SY,cs.SY,8.68
425,"Service Oriented Computing (SOC) has incrementally been adopted as the preferred programming paradigm for the development, integration and interoperation of large and complex information systems. However, despite its increasing popularity, the SOC has not achieved its full potential yet. This is mainly due to the lack of supporting tools to enrich and represent semantically Web service descriptions. This paper describes a solution approach for the automatic representation of Web service descriptions and their further semantic enrichment between operation names based on the calculation of four semantic similarity measures. The enrichment approach is accurate because the final decision is done through a voting scheme, in the case of inconsistent results, these are not asserted into the ontology. Experimentation shows that although few similarity relationships are found and asserted, they represent an …",en,0,cs.AI,False,cs.DS,cs.DS,7.852
426,"The Universidad Autónoma Metropolitana (UAM) is one of the largest and most prestigious public universities of Mexico. It has 5 campi, with a current total enrollment of 45 000 students and in 2012 had 4674 students graduated. The three oldest campi Azcapotzalco, Iztapalapa y Xochimilco are located in Mexico City and were built to attend 15000 students each and classes began in 1974. The Campi Cuajimalpa y Lerma were approved to be built in 2005 and 2009 respectively, but they do not have proper infrastructure yet. In this paper we show differences in the results of teaching among the oldest 3 campuses and try to explain their variations. Despite that the three campuses have the same sizes and budgets, the total number of students graduated since 1978 have been 63426, 38677 and 27963 from Xochimilco, Azcapotzalco and Iztapalapa respectively. While in Xochimilco the students take in average a little …",en,9,cs.SY,False,cs.NA,cs.NA,8.979
427,"The Universidad Autónoma Metropolitana Campus Azcapotzalco (UAM-A) needs a much better planning because it is clear that its current institutional planning has not been effective. For example, in the year 2014 it had been planned for the UAM-A to increase the enrollment by 1000 students and to increase the number of freshmen by 300 students by the year of 2016. However, contrary to the planning, the results show that the enrollment decreased in the year of 2016 by 501 and the number of freshmen increased by 122 students. On acquiring extra land to extend the campus, the results are null. The failure in reaching these goals were also in obtaining extra funding for the university from other sources different from the yearly programmed governmental allocation. The main mistakes in planning have been that even though the goals were defined there were no strategies to attain them nor was there an annual …",en,9,cs.SY,False,cs.SY,cs.SY,8.743
428,"Fluid dynamics is a highly developed branch of science that has been the subject of continuous and expanding research activity both theoretically and experimentally for more than a century and a half. In particular, the relatively recent development of fluid dynamics has been strongly influenced by its numerous applications in a plethora of research fields as well as industrial and technological processes. Current research in physics, biology, engineering, medicine, and environmental sciences rely more and more on the use of the principles of fluid mechanics. While improvements to the nineteenth-century technologies were possible on the basis of common sense, the new technologies require the knowledge of fluid flow behavior under conditions that go beyond our everyday experience. This book presents recent experimental and theoretical advances in fluid dynamics applied to physics and engineering. It …",en,7,cs.NA,False,cs.NA,cs.NA,9.115
429,"Simulation of a continuous casting process (CCP) is very important for improving industrial practices, reducing working times, and assuring safety operating conditions. The present work is focused on the development of a computational simulator to calculate and analyze heat removal during continuous casting of steel; routines for reading the geometrical configuration and operating conditions were developed for an easy management. Here, a finite difference method is used to solve the steel thermal behavior using a 2D computational array. Conduction, radiation, and forced convection equations are solved to simulate heat removal according to a steel position along the continuous casting machine. A graphical user interface (GUI) was also developed to display virtual sketches of the casting machines; moreover, computational facilities were programmed to show results such as temperature and solidification …",en,7,cs.NA,False,cs.NA,cs.NA,5.332
430,"With the rapid expansion of digital newspapers, readers have an overwhelming amount of news available daily. However, it is difficult to keep track of the news that is only of interest to the reader or filtering those that belong to a specific topic or crime, eg assault or kidnapping. The main challenge is handling free texts from Spanish criminal news; however, deep learning has proposed models of representation and manipulation of natural language that help in this problem. Therefore, this chapter proposes the use of deep neural models to classify criminal news published by Mexican digital newspapers. The whole approach includes a word embedding model for representing the documents and several layers in neural networks to classify news text. We experiment with three deep neural models: Bidirectional LSTM, Attention Bidirectional LSTM and BERT-based model. According to the experimental results, our …",en,0,cs.AI,False,cs.CL,cs.CL,6.803
431,"We present observations of the optical and X-ray emission from the Galactic supernova remnant W51C. From [S ii] Fabry–Pérot interferometry and H α and [S ii] images we detect filaments that are part of the optical counterpart of the supernova remnant. We obtain the kinematic distance to W51C, showing that it is one of the shortest distances reported in the literature. We also estimate other physical properties such as the velocity of the shock induced in the cloudlets emitted at optical wavelengths and the electron density of those cloudlets. From XMM–Newton observatory archival data, we obtain images of the diffuse X-ray emission of this supernova remnant. The spectrum of the X-ray emission is explored to estimate X-ray parameters such as luminosity and temperature of the hot plasma in the supernova remnant. We fit a thermal model with a plasma temperature of 1.4 keV for an X-ray thermal luminosity …",en,7,cs.NA,False,cs.CV,"[from_thinking] aps cs.CV if they're processing images, but it's observational data from telescopes, not computer vision techniques.

I'm really stuck here because this isn't a CS topic. Maybe the user made a mistake",10.539
432,"The post-pandemic educational processes due to Covid-19 have generated an interest in structuring new learning trends. The Autonomous Metropolitan University (UAM) Azcapotzalco identified the use of methodologies with digital tools known as virtual classrooms during the pandemic to continue academic activities. These digital tools are still being used in different academic programs, including undergraduate and postgraduate programs to promote the professionalism of the university community. This paper provides a general breakdown of the virtual classroom format as a methodology in the teaching-learning processes to improve the educational environment at a higher level and ensure educational sustainability through the innovation of new technologies and digital tools that can be applied at a national and international level. The expected results from this methodology are part of an improvement process …",en,9,cs.SY,False,cs.SY,cs.SY,9.548
433,"This paper explores the application of fuzzy cognitive maps (FCM) to emergency operating procedures (EOPS), to represent the decision-making process during abnormal situations in a nuclear power plant (NPP). The decision-making process in a NPP is a complex process, due to the many elements involved in its operation, and the permanent attention demanded by its maintenance. At the present time, the decision making process in a NPP is analyzed and developed by reactor operators, based on a set of instructions as well as flow charts to mitigate the consequences of a broad range of transients, accidents and multiple equipment failures, whose main characteristic is to be linear representations of events within a scenario. One of the main objectives of this paper is to present a method based in FCM that could be applied in the development of EOPS, and show some simulations, specifically the loss of coolant …",en,0,cs.AI,False,cs.AI,cs.AI,5.453
434,"The clique problem with multiple-choice constraints (CPMC), ie the problem of finding a k-clique in a k-partite graph with known partition, occurs as a substructure in many real-world applications, in particular scheduling and railway timetabling. Although CPMC is NP-complete in general, it is known to be solvable in polynomial time when the so-called dependency graph of G is a forest. In this article, we focus on the special case CPMCSP, where the dependency graph of G is series–parallel. We give a polynomial-time algorithm for CPMCSP using dynamic programming. Further, we provide some facet-inducing inequalities of the CPMCSP polytope, mainly using properties of the stable set polytope of the complement graph of G. Among these, we give a separation algorithm for the so-called embedded odd-clique-cycle inequalities using dynamic programming. If the number of vertices per subset of the k-partition is …",en,4,cs.DS,False,cs.DS,cs.DS,6.151
435,"Information Technologies have created many documents, which are the basis of information systems, capable of speeding up the process for which they were developed. These processes provide results trying to imitate human knowledge, but it is still essential to generate techniques that support each other to provide even more precise results. It is essential to incorporate techniques in the automatic extraction of topics to reflect results with greater coherence according to the topic in question. In this work, the behavior of the Latent Dirichlet Analysis (LDA) algorithm is studied by incorporating the hypernymy-type semantic relationship extracted from WordNet in order to improve the results obtained when applying LDA on a set of documents without the use of an external source of knowledge. The experimental results showed an improvement when incorporating hypernyms providing a 1.23 topic coherence for …",en,0,cs.AI,False,cs.CL,cs.CL,5.607
436,"The strike that started on February 1, 2019 and that has lasted more than 48 days at the Mexican Universidad Autónoma Metropolitana (UAM) might greatly impact its future. There are two demands of the UAM syndicate (SITUAM) of administrative staff and faculty: one such demand is related to the salaries of the SITUAM administrative staff and part-time faculty and the other claim is concerning violations to the Collective Bargaining Agreement (CBA) between the SITUAM and the UAM (the employer). The SITUAM is asking for an increment of 20% to the salaries of the administrative workers and part-time faculty. The second set of demands are the violations to the CBA which includes that the UAM hires extra personnel of confidence as part of its administrative staff and with higher wages than those of the unionized workers and that the UAM has not created 400 new job positions agreed in former negotiations. To …",en,7,cs.NA,False,cs.CV,"None of the provided categories are applicable as the abstract discusses a labor strike unrelated to computer science topics.

cs.CV",6.474
437,"After more than six months of the COVID-19 pandemic some of its effects to higher education have been already documented. Some of those effects were foreseen. The substitution of face-to-face classes by online classes is increasing the inequality in the world. The higher education institutions around the world rushed to teach online, most of them without any preparation and in some cases in public universities their authorities imposing the technology to be used, the school calendar and new labor relations. Most of the negative effects of COVID-19 have been suffered by the poorest students in the world who have not been able to access to their online courses because they either have to work, have no computers, lack good quality internet service or because of unsuitable conditions at home. At the Mexican Universidad Autónoma Metropolitana (UAM) more than a third of the students considers that learning …",en,7,cs.NA,False,cs.SY,cs.SY,8.931
438,"There is a lack of good strategic planning in the Basic Science and Engineering Division (DCBI) of the Campus Azcapotzalco of the Mexican Universidad Autonoma Metropolitana (UAM) as it has been confirmed by the fact that in the last 7 years the number of freshman students increased by 20% in 3 years only to decrease by 40% in the following 4 years. Another good example is that one of the buildings (Building “G”) in the Campus Azcapotzalco in which research and teaching have been carried was not complying with the construction regulations enforced since the 1985 earthquake disaster in Mexico City and the UAM authorities decided until the end of the year of 2014 to fix it. The re-construction was supposed to last the first six months of the year 2015 but it will now take at least until the end of the same year, impacting the good development of teaching and research of the DCBI. One last example is the …",en,9,cs.SY,False,cs.AI,"None of the provided categories (cs.AI, cs.CL, cs.CR, cs.CV, cs.DS, cs.IT, cs.LG, cs.NA, cs.RO, cs.SY) are relevant to the content discussed in the abstract, which focuses on administrative and infrastructure issues rather than computer science topics.

However, since I must choose one category, none of them fit appropriately. But following the instruction to assign exactly one category, perhaps the closest might be cs.NA (Numerical Analysis), but it's a stretch. Alternatively, if forced, maybe cs.SY (Systems and Control) as it relates to management systems, though this is not a direct match.

But given that none fit well, I think the most appropriate response is to indicate no category applies. However, since I must choose one, perhaps cs.NA or cs.SY勉强一下。

Wait, but according to the rules, if uncertain, choose the single most likely category. Since it's about management and planning, which isn't a CS area, maybe none of them fit. But as per instructions, I have to pick one.

Perhaps cs.NA is the closest, though not really appropriate. Alternatively, perhaps cs.SY could be considered for systems management, but again, it's not a direct match.

But given that none are suitable, perhaps the best approach is to indicate no category applies. However, since I must choose one, maybe cs.NA or cs.SY勉强一下.

Alternatively, perhaps the abstract doesn't fit any of the categories, so the correct response would be none. But according to the examples provided, every abstract has a category assigned, even",10.493
439,"Mexico has a significant opportunity to attract companies looking to relocate near the United States (US) market. These companies will need clean electricity, natural gas, water, rule of law, reduced corruption, improved security, and talent. Although Mexico has talent, it lacks the specialized technicians and engineers required. Companies like Honeywell, Volkswagen, and Build Your Dreams are interested in relocating to Mexico, needing high-tech suppliers and specialized skills. Engineers are crucial for their success and technological innovations. Mexico faces the challenge of quickly training top-level technicians and engineers as companies started relocating post-COVID-19. This requires changes in study programs and infrastructure improvements in higher education institutions. Specialized technicians and engineers need to be prepared in two phases: first, to meet the needs of incoming companies in …",en,2,cs.CR,False,cs.AI,"None of the provided Computer Science categories (cs.AI, cs.CL, etc.) fit this abstract, as it discusses economic and workforce issues rather than technical aspects.

However, since I must choose one category, perhaps none apply, but if forced to pick, maybe:

cs.SY: Systems and Control – But that's a stretch. Alternatively, the abstract doesn't fit any of the given categories.

But according to the rules, I need to assign exactly one category. Since it's about education and training in engineering for high-tech companies, perhaps none directly apply, but if I have to choose, maybe cs.LG or cs.CV as those are common in tech contexts. But that's not accurate either.

Wait, no, the abstract is more about economic development and policy, so none of the CS categories fit. However, since I must pick one, perhaps it's best to go with:

cs.SY: Systems and Control –",10.39
440,"The importance of sensors nowadays is all about the boom of internet of things. Sensors produce a mass of heterogeneous data continuously, and just like the data produced on the web, sensor data lack semantic information. This problem can be overcome with semantic web technologies by designing ontologies to provide a semantic structure of sensor data as well as machine readable data improving the interoperability. Those ontologies must be evaluated to verify their semantic quality and this is where semantic similarity plays its function. Semantic similarity is a metric used to know the similarity degree of two concepts in an ontology. In this research, we propose a system which evaluates taxonomic relationships in ontologies using semantic similarity through an algorithm and the accuracy measure. The applied semantic similarity measures are classified in four categories: structure-based, feature-based …",en,0,cs.AI,False,cs.CL,cs.CL,7.896
441,"In this paper, a new method based on an efficient improvement combination of Event-Related Desynchronization (ERD), Event-Related Synchronization (ERS) and lateral activity of sensorimotor cortex features is presented to analyze both left and right hand motor imagery tasks. Our proposal uses delta, theta, alfa and beta rhythms to BCI system. From the spectral power, an efficient combination of ERD/ERS/laterality features was used. Because electroencephalogram signals are non-stationary type and highly vary over time and frequency, a detailed time-frequency analysis is applied. Features coming from time-frequency analysis, where eight frequency bands ranging from 0 to 32 Hz were chosen. Features vectors are classified by Gaussian classifier and the final performance is evaluated in cross-validation scheme. This novel approach was tested using the BCI competition IV data set 1. The detection of the left …",en,0,cs.AI,False,cs.LG,cs.LG,9.126
442,"The results in teaching in the three oldest campuses (Azcapotzalco, Iztapalapa and Xochimilco) of the Mexican Universidad Autónoma Metropolitana (UAM) are very different, despite that they have more or less the same budget, number of teachers and started functioning in the same year of 1974. In order to find out why the results are so different we analyze the number of students graduated, the number of trimesters for students to graduate, and other parameters of the same careers in the three oldest campuses of the UAM. We also analyze if the strategic plans of some of the campuses of the UAM attack the problems in teaching we have described and if there are specific objectives, strategies, policies and resources defined to overcome them. With this analysis we investigate what has worked in the Campuses of Xochimilco and Iztapalapa in order to recommend strategies for improvement in the teaching in the …",en,7,cs.NA,False,cs.SY,cs.SY,6.989
443,"The evaluation of individual universities generates university rankings according to a set of indicators. In general, the classical rankings are based on reputation, academic achievements, research levels, material and financial resources, etc. In this chapter, a new methodology for university rankings based on the maximum clique problem in networks is presented. To study the method, the Higher Mexican Educational System was modeled through the complex networks approach, using the available information about the main academic characteristics, influence, and importance in the social networks and educational networks of each university. The numerical results show that the Mexican universities can be classified into at least three groups, where the best universities have better-qualified teachers, offer quality undergraduate and postgraduate programs, and are essential and influential in the exchange and …",en,4,cs.DS,False,cs.DS,cs.DS,7.82
444,"The collapse and fragmentation of molecular cloud cores is examined numerically with unprecedentedly high spatial resolutions, using the publicly released code GADGET-2. As templates for the model clouds we use the"" standard isothermal test case"" in the variant calculated by Burkert & Bodenheimer in 1993 and the centrally condensed, Gaussian cloud advanced by Boss in 1991. A barotropic equation of state is used to mimic the nonisothermal collapse. We investigate both the sensitivity of fragmentation to thermal retardation and the level of resolution needed by smoothed particle hydrodynamics (SPH) to achieve convergence to existing Jeans-resolved, finite-difference (FD) calculations. We find that working with 0.6-1.2 million particles, acceptably good convergence is achieved for the standard test model. In contrast, convergent results for the Gaussian-cloud model are achieved using from 5 to 10 million …",en,7,cs.NA,False,cs.DS,cs.DS,6.529
445,"The collapse and fragmentation of molecular cloud cores is examined numerically with unprecedented high spatial resolutions, using the publicly released code GADGET-2. As templates for the model clouds we use the “standard isothermal test case” in the variant calculated by Burkert & Bodenheimer in 1993 and the centrally-condensed, Gaussian cloud advanced by Boss in 1991. A barotropic equation of state is used to mimic the nonisothermal collapse. We investigate both the sensitivity of fragmentation to thermal retardation and the level of resolution needed by Smoothed Particle Hydrodynamics (SPH) to achieve convergence to existing Jeans-resolved, finite-difference (FD) calculations. We find that working with 0.6 to 1.2 million particles acceptably good convergence is achieved for the standard test model. In contrast, convergent results for the Gaussian cloud model are achieved using from 5 to 10 million …",en,7,cs.NA,False,cs.NA,cs.NA,6.985
446,"This study presents a robust face recognition system that takes into account both, local texture and points-ofinterest analysis. This system uses the CBIR (Content Based Image Retrieval) technique considering as descriptors the mean, the standard deviation, and the homogeneity of each of the several image windows subjected to analysis; that is, each window acts as a local image region subjected to the face analysis having a face point of interest at its center. In this way, the system retrieves descriptive data of people by analyzing their own texture characteristics on the interior of each face. The system achieves to get a self-organization of the data which a similitud-based order approximation of the face images in a database (DB). With the support of the analysis provided by the points of interest technique SURF, complemented with the CBIR technique, we generated a robust map able to achieve a 100 …",en,8,cs.RO,False,cs.CV,cs.CV,5.464
447,"During the second half of the year 2022, most Mexican universities will be returning to in-person classes. Some schools may completely abandon virtual and hybrid modalities, which were vital since March of 2020 up to spring of 2022. Returning to the routine previous to the pandemic has been a surprisingly unprepared process, similar to the adaptation that replaced face-to-face classes with virtual lectures throughout the onset of the COVID-19 pandemic. This unready transition reveals a lack of planning and understanding of the students’ situation: according to the last survey carried out by the Mexican Public Education Secretary and other organizations, 53.5% of the higher education students prefer a hybrid modality, 32.5% prefer in-person classes,12.1% prefer at-distance classes, and 1.8% do not plan to continue their studies. As an example, the Mexican Universidad Autónoma Metropolitana (UAM), had to …",en,0,cs.AI,False,cs.SY,cs.SY,9.437
448,"Nonlinear regression is a statistical technique widely used in research which creates models that conceptualize the relation among many variables that are related in complex forms. These models are widely used in different areas such as economics, biology, finance, engineering, etc. These models are subsequently used for different processes, such as prediction, control or optimization. Many standard regression methods have proved to produce misleading results in certain data sets; this is especially true in ordinary least squares. In this paper a novel system of convergence (SC) is presented as well as its fundamentals and computing experience for some benchmark nonlinear regression optimization problems. An implementation using a novel PSO algorithm with three phases (PSO-3P): stabilization, generation with broad-ranging exploration, and generation with in-depth exploration, is presented and tested on …",en,7,cs.NA,False,cs.DS,cs.DS,6.011
449,"Explaining how engineering devices work is important to students, engineers, and operators. In general, machine generated explanations have been produced from a particular perspective. This paper introduces a system called automatic generation of explanations (AGE) capable of generating causal, behavioral, and functional explanations of physical devices in natural language. AGE explanations can involve different user selected state variables at different abstraction levels. AGE uses a library of engineering components as building blocks. Each component is associated with a qualitative model, information about the meaning of state variables and their possible values, information about substances, and information about the different functions each component can perform. AGE uses: (i) a compositional modeling approach to construct large qualitative models, (ii) causal analysis to build a causal dependency …",en,0,cs.AI,False,cs.AI,cs.AI,8.777
450,"Universidad Autónoma Metropolitana (UAM) is a public university that applies an admission test for those students interested in one of their engineering programs, if a student is accepted, it performs another exam, called levelling exam which goal is determining if it has the basic knowledge of mathematics and physics. All engineering programs have a common group of core engineering subjects called the General Branch Level. Besides these topics, there are two subjects considered as levelling courses, whose goal is assuring that all students have a similar level of mathematics and physics concepts, so, they will be more successful with later and more advanced courses. An admitted student can exempt these two courses depending on its score in the levelling test, and can access directly to the next courses. However, it’s not clear if exempting these courses due to performance in the levelling exam allows a …",en,2,cs.CR,False,cs.LG,"[from_thinking] aps cs.LG could apply if they're using machine learning to assess student performance. But the abstract doesn't mention any technical methods; it's just describing the process.

I'm really unsure here",10.389
451,"We study the Laplacian spectrum of token graphs, also called symmetric powers of graphs. The k-token graph F k (G) of a graph G is the graph whose vertices are the k-subsets of vertices from G, two of which being adjacent whenever their symmetric difference is a pair of adjacent vertices in G. In this paper, we give a relationship between the Laplacian spectra of any two token graphs of a given graph. In particular, we show that, for any integers h and k such that 1≤ h≤ k≤ n 2, the Laplacian spectrum of F h (G) is contained in the Laplacian spectrum of F k (G). We also show that the doubled odd graphs and doubled Johnson graphs can be obtained as token graphs of the complete graph K n and the star S n= K 1, n− 1, respectively. Besides, we obtain a relationship between the spectra of the k-token graph of G and the k-token graph of its complement G‾. This generalizes to tokens graphs a well-known property …",en,4,cs.DS,False,cs.DS,cs.DS,7.405
452,"Railway traffic is the biggest individual electricity consumer in Germany, amounting to 2% of the country’s total electricity usage. However, up to 20% of the annual electricity cost depends on the highest power value drawn within the billing period. In this paper, we optimize the timetables of railway traffic in order to avoid high peaks in power consumption, while preserving at the same time some usability and safety considerations. We propose an exact mixed integer programming model together with a systematic way of simplifying the model in order to obtain feasible solutions that are not far from the optimum. We also discuss two possible dynamic programming approaches that may be used for solving small instances with a specific structure. Our approach became Team Optimixtli’s winning entry in the Discrete Optimization Challenge: Energy-Efficient Train Timetables. This competition was part of the Open …",en,4,cs.DS,False,cs.SY,cs.SY,6.995
453,"Automatic topic discovery from natural language texts has been a challenging and widely studied problem. The ability to discover the topics present in a collection of text documents is essential for information systems. Topic discovery has been used to obtain a compact representation of documents for grouping, classification, and retrieval. Some tasks that can benefit from topic discovery: recommendation systems, tracking misinformation, writing summaries, and text clustering. However, topic discovery from Spanish texts has been somewhat neglected. For this reason, this work proposes analyzing the behavior of topic discovery tasks in texts in Spanish, specifically in tweets about the Mexican economy during the COVID-19 pandemic, under three different approaches. A comparison was conducted, achieving promising results because the topic coherence metric indicates coherent topics. The highest score of 1.22 …",en,0,cs.AI,False,cs.CL,cs.CL,6.497
454,"“The future is here” has been the very quote that has echoed across the media for many decades. Whether it be to announce the latest in cutting edge technology that benefits the population such as the automobile, the airplane, electricity, the phone, and most importantly, the computer. It has been seen time and time again where an innovation has changed the world in great ways to either connect people faster or to make our lives much easier. However, thanks to advances in computing and computer science, society has begun to find itself in front of an innovation expected to change the world as a whole which is known as automation. Automation has existed since the industrial revolution and is used widely in many areas of manufacturing. It has existed since the creation of the production line where a large machine could perform a repetitive action to help assemble products. This type of machinery has found …",en,8,cs.RO,False,cs.SY,cs.SY,5.759
455,"A new Mexican political party won the Mexican Presidency, most of the seats in Congress and the majority of elected state governors. This political party will enter into office starting December 1, 2018. People desire that the new government will decrease the rampant violence, crime, corruption and impunity in the country. The new elected Mexican President and his Cabinet have started to make plans that might change the country towards a better development. In higher education, the upcoming government has announced the construction of 100 new universities all over Mexico to increase the national coverage of higher education to an amount much greater than 38.4%, being the expected coverage by the end of 2018 [1]. The elected President has declared that there will be admission for everybody to study higher education in private or public institutions despite that autonomous institutions cannot be forced to …",en,0,cs.AI,False,cs.CV,"[from_thinking]  showed a political abstract and expected a CS category, but in reality, this one is different. Maybe I should go with cs.CV as per the first example given by the user, even though it's not applicable",10.498
456,"Measurements of fractional exhaled nitric oxide with 2 portable electrochemical sensors: a comparative study. - Abstract - Europe PMC Sign in | Create an account https://orcid.org Europe PMC Menu About Tools Developers Help Contact us Helpdesk Feedback Twitter Blog Tech blog Developer Forum Europe PMC plus Search life-sciences literature (42,908,373 articles, preprints and more) Search Advanced search Feedback This website requires cookies, and the limited processing of your personal data in order to function. By using the site you are agreeing to this as outlined in our privacy notice and cookie policy. Abstract Citations & impact Measurements of fractional exhaled nitric oxide with 2 portable electrochemical sensors: a comparative study. Olaguíbel JM 1 , Parra A , Alvarez MJ , Quirce S , López R Author information Affiliations 1. Complejo Hospitalario de Navarra, Pamplona, Spain. (1 author) Journal of …",en,9,cs.SY,False,cs.NA,cs.NA,8.474
457,"Shoot x Shoot is the first game for EduTurtle. It's a 6th grade Math game that combines topics like “Multiples”,“Cartesian Plane”,“International and English measurement systems”,“Percentages and fractions”. Through a pre game test we obtain a score of the students on the subjects then is a game time and before this time we measure again with a similar test the score of the students in order to measure an influence of the game on the students about this subjects. The online platform EduTurlte offers educational games for elementary schools children. In a near future at http://www. eduturtle. com girls and boys may come to play (and at the same time learn and reinforce their knowledge) by keeping track of their progress in games on various topics at different grades. It is also a way to reinforce the lessons learned in the classroom and/or books through games that capture their attention over entertainment.",en,0,cs.AI,False,cs.NA,"[from_thinking] ystems? But that's not one of the categories either. I'm really unsure here. Since none fit well, perhaps the closest would be cs.NA if it involves numerical problems, but again, no indication of that",10.379
458,"Purpose â–“ Today the garment industry in MÃ©xico is vulnerable to complex problems. This type of industry is subject to influences which over time, modify the perceptions of those involved in the design process due to the fact that they face problems that have both objective and subjective characteristics. In this study the authors used interviews, direct observation methodology, and theoretical argumentation to obtain the experts knowledge as they describe the problems that arise in the process of garment design for Mexican markets. The purpose of this paper is to generate a methodology so that the expert in this field will become highly specialized, resulting in heightened abilities and reinforcing them with the methodology of soft systems and the design management model (DMM). The results suggest that they are applicable to any area of design. Design/methodology/approach â–“ The success or failure of …",en,0,cs.AI,False,cs.NA,"The abstract discusses a methodology for garment design using soft systems and DMM, which doesn't relate to any specific computer science category.

cs.NA",5.637
459,"Scholarly articles are considered one of the primary medium for dissemination of inventions and discoveries. Traditionally, usefulness and popularity of a scholarly article has been measured in terms of citations it receives. However, in the changed research publishing landscape, where most of the publications are now available in digital form accessible through various digital libraries; new measures of measuring usefulness of scholarly articles have emerged. Nowadays, scholarly articles are easily available for access and download from various digital access portals. The use and popularity of these digital access portals has also made it possible to integrate various social media platforms with journal access and use. Most of the journals now maintain statistics about reads, number of downloads, social profile shares etc. Several newer platforms like ResearchGate, Academia and Mendeley have also become …",en,0,cs.AI,False,cs.IT,cs.IT,6.874
460,"According to various authors, the surface quality of steel depends on the dynamic conditions that occur within the continuous casting mold’s upper region. The meniscus, found in that upper region, is where the solidification process begins. The liquid steel is distributed into the mold through a submerged entry nozzle (SEN). In this paper, the dynamic behavior inside the SEN is analyzed by means of physical experiments and numerical simulations. The particle imaging velocimetry technique was used to obtain the vector field in different planes and three-dimensional flow patterns inside the SEN volume. Moreover, large eddy simulation was performed, and the turbulence model results were used to understand the nonlinear flow pattern inside the SEN. Using scaled physical and numerical models, quasi-periodic behavior was observed due to the interaction of two three-dimensional vortices that move inside the SEN …",en,7,cs.NA,False,cs.NA,cs.NA,6.41
461,"In the minimum-weight many-to-many point matching problem, we are given a set R of red points and a set B of blue points in the plane, of total size N, and we want to pair up each point in R to one or more points in B and vice versa so that the sum of distances between the paired points is minimized. This problem can be solved in time by using a reduction to the minimum-weight perfect matching problem, and thus, it is not fast enough to be used for on-line systems where a large number of tunes need to be compared. Motivated by similarity problems in music theory, in this paper we study several constrained minimum-weight many-to-many point matching problems in which the allowed pairings are given by geometric restrictions, i.e., a bichromatic pair can be matched if and only if the corresponding points satisfy a specific condition of closeness. We provide algorithms to solve these constrained versions in O …",en,4,cs.DS,False,cs.DS,cs.DS,6.111
462,"The current situation in the world due to the pandemic that afflicts us has brought a radical change in the way of teaching in Higher Education Institutions. The lack of physical interaction affects the practical courses. The modality of conducting the teaching and learning process, BAOC (Big Academic Open Course), due to its characteristics, has become an excellent alternative. It required minimal adjustments to adapt to the new healthcare context. The objective is to carry out a comparative analysis of the application of the BAOC modality in an engineering course before and during the pandemic. BAOC was created to meet the demand of students who enroll in Engineering courses at the UAM (Metropolitan Autonomous University) Azcapotzalco Unit. BAOC is based on MOOC, b-learning and c-learning courses, applied to school courses. Its main strength is to optimize the use of physical and human resources, since …",en,0,cs.AI,False,cs.AI,"None of the provided categories (cs.AI, cs.CL, etc.) fit this abstract as it discusses educational methods and strategies rather than technical computer science topics.",5.759
463,"In this work we describe a new statistically-based methodology to organize and retrieve images of natural scenes by combining feature extraction, automatic clustering, automatic indexing and classification techniques. Our proposal belongs to the content-based image retrieval (CBIR) category. Our goal is to retrieve images from an image database by their content. The methodology combines randomly extracted points for feature extraction. The describing features are the mean, the standard deviation and the homogeneity (from the co-occurrence matrix) of a sub-image extracted from the three color channels (HSI). A K-means algorithm and a 1-NN classifier are used to build an indexed database. Three databases of images of natural scenes are used during the training and testing processes. One of the advantages of our proposal is that the images are not labeled manually for their retrieval. The performance of our …",en,3,cs.CV,False,cs.CV,cs.CV,6.168
464,"This study aims to analyze the decline in student enrollment, admissions, and graduation rates at the Universidad Autónoma Metropolitana (UAM), with a particular focus on the Azcapotzalco campus (UAMA) and its Basic Sciences and Engineering Division (DCBI). The goal is to identify the root causes of these declines, assess their impact, and propose potential solutions. The study conducts a comprehensive analysis of data from UAM spanning the period before, during, and after the COVID-19 pandemic. The data includes the number of applicants, admitted students, and graduates from 2017 to 2023, both for the university as a whole and specifically for the DCBI. In addition, the study examines historical records, institutional reports, and relevant external factors that may have influenced these trends. The research methodology also includes a qualitative assessment of internal and external factors affecting UAM …",en,7,cs.NA,False,cs.NA,"[from_thinking] hat it's about analyzing data over time without specifying any computational methods, perhaps it doesn't fall under any CS category. However, since I must choose one, maybe cs.NA as numerical analysis",10.331
465,"As the years pass, the impacts of climate change caused by greenhouse gas emissions will be less easy to ignore while various ecosystems and regions will be struck hard or even destroyed by the consequences of it. Due to this, governments, higher education institutions and industries might be focused on innovating public policies, products and services as well as education for the survival of populations. Some of the issues might be how to feed people in cities with limited or broken supply chains, creating and maintaining a habitable environment under extreme weather, ensuring communication and transportation of goods between regions, educating migrants, creating and fabricating medicine for new pandemics and psychological disorders as well as trying to create new social contracts. To note, this is not about the business opportunities of what a climate disaster may bring. It may seem so due to the way a …",en,7,cs.NA,False,cs.AI,"None of the provided categories (cs.AI, cs.CL, etc.) fit this abstract as it discusses climate change impacts and societal responses rather than computer science topics.",5.86
466,"We examine the planning of the teaching of the different campi of the Mexican Universidad Autónoma Metropolitana (UAM) in the last years and identify several issues that have prevailed for a long time. The planning is inadequate as demonstrated by: 1) the approval of the creation of two new campuses without assuring first the proper resources, which has caused delays in the construction of the campi 2) the lack of decentralization of the administration over the years which concentrates a large portion of the budget in the President´s Office 3) the number of graduates has been decreasing in some of the campi 4) the number of students who pass the admission test and who actually register to take classes at the UAM has decreased significantly in one of the campi 5) There is not significant funding besides the federal resources 6) a very few careers have been created since its founding; 7) enrollment has not …",en,9,cs.SY,False,cs.SY,"[from_thinking] eed to pick the most appropriate. Maybe cs.SY is still the closest because it deals with systems planning and administration.

Alternatively, maybe the abstract isn't about computer science at all, so",10.377
467,"In astronomy there have been big changes in the availability of data, much of it provided freely and publicly via internet, allowing people to access the same data as used by professional astronomers for their own investigations. The data obtained from different telescopes have increased in size too, forcing the community to boost the performance of algorithms for image processing, pattern recognition, and, in particular, tasks for finding and characterizing astronomical objects. One of such packages is DAOPHOT designed to deal with crowded astronomical fields. However, the tasks are computationally intensive because they require the execution of many floating point operations. In order to face such computational challenge, we propose an implementation of DAOPHOT’s particular task FIND, using massive parallel computation architecture supported by GPUs, which allows us to process large images at least two …",en,7,cs.NA,False,cs.DS,"[from_thinking] ight lean towards cs.DS.

But I'm not entirely sure. Alternatively, since the application is in image processing, maybe it's better categorized under Computer Vision. However, the focus isn't on a new",10.365
468,"This paper describes the analysis and design of a cognitive emotional assesment model. This model is based on the goals looked for a chess player during a game. The model affects the output of the board evaluation function of a computational agent which plays chess, giving more weight to aspects related to the most urgent goals, according to the context. Thus, it perceives environment changes, and consequently changes its choice of the next play. The aim is that the computational agent incorporates into the decision making process, the emotional state and choose the plays based on that state. For that purpose were used tools of cognitive psychology and soft computing in order to simulate emotion, and affect the agent’s behavior computer. Keywords: computer chess; mental models; emotive elicitation; synthetic emotions; evaluation function; fuzzy cognitive mapsMathematics Subject Classification: 68T20, 68T37.",en,0,cs.AI,False,cs.AI,cs.AI,7.332
469,"In the continuous casting machines of steel, the clogging of the submerged entry nozzle (SEN) is a common problem that affects the quality of a product. The gradual increase in the clogging volume produces inadequate and uneven flow patterns inside the nozzle and the mold. The pool-type SEN is the most often used in continuous casting of steel. This work proposes a modification based on a uniform flow at the SEN exit ports and evaluates numerically the performance at non steady state of this nozzle. The aim of the modification is to extend the lifetime of the SEN, by implementing an active self-cleaning process. In the proposed SEN, the static bottom section of the pool is replaced with a sliding device of conical shape at the top. The performance of the proposed device is evaluated by means of computational fluid dynamics (CFD) simulations. This work shows that the hydrodynamic behavior inside the nozzle …",en,7,cs.NA,False,cs.NA,cs.NA,6.482
470,"Thousands of criminal events are reported in newspapers and social networks every day. They describe violent acts that include actors, places, times, causes and any information concerning them. Verbal and nominal phrases are used to characterize and expose criminal events, which employ an important variety of natural language structures in the newspapers. In addition, causes, times and spaces of criminal events, use linguistic phrases to represent them in text. All of them need to be extracted as a pattern recognition process in order to extract criminal events from text and the information that concerns them. The extracted events, as a knowledge base, are very useful for information retrieval tasks. Therefore, this paper presents an approach based on pattern recognition in order to extract criminal events from Spanish text, by populating and enriching an ontology model. Ontology population and enrichment …",en,0,cs.AI,False,cs.CL,cs.CL,5.474
471,"In this work a new method to retrieve images with similar lighting conditions is presented. It is based on automatic clustering and automatic indexing. Our proposal belongs to Content Based Image Retrieval (CBIR) category. The goal is to retrieve from a database, images (by their content) with similar lighting conditions. When we look at images taken from outdoor scenes, much of the information perceived depends on the lighting conditions. The proposal combines fixed and random extracted points for feature extraction. The describing features are the mean, the standard deviation and the homogeneity (from the co-occurrence matrix) of a sub-image extracted from the three color channels: (H, S, I). A K-MEANS algorithm and a 1-NN classifier are used to build an indexed database of 300 images in order to retrieve images with similar lighting conditions applied on sky regions such as: sunny, partially cloudy and …",en,3,cs.CV,False,cs.CV,cs.CV,6.347
472,"The rise of the Internet involves the simultaneous growth of the number of images in it. This amount of images comprises roughly more than half of the Internet content. This situation poses an open problem: how to recognize images from their own analysis without the use of labels describing their content or the analysis of documents or pages where the images being analyzed are appearing. In this work we present a novel approach for improving both the analysis technique and the classification of images of natural sceneries by using the content based image retrieval (CBIR) methodology which is applied for visual search. This improvement consists of the multigene evolution by means of genetic programming of new statistical texture descriptors in accordance with the type of scenery under analysis, the amount of the descriptors being used and the number of images. The percentage of recognition reaches up to 85 …",en,0,cs.AI,False,cs.CV,cs.CV,5.757
473,"In this paper, we present the design of a shared ontology, with the objective of translating a variety of negotiation primitives. Our approach focuses on facilitating the communication between agents during the negotiation process execution. Traditional negotiation systems impose several restrictions on the type and format of negotiation primitives that can be exchanged between agents. In contrast, we propose the incorporation of an ontology-based solution to overcome heterogeneity and provide communication facilities for participation in negotiations based on open environments such as the internet. To evaluate our ontology, we implemented a web-based negotiation system, and incorporated a translation module that uses the ontology as a vocabulary of negotiation primitives. The experimental results show that the incorporation of the ontology improves the continuity of the execution of negotiation processes …",en,0,cs.AI,False,cs.SY,cs.SY,8.069
474,"In this paper a methodology in teaching the techniques of the economically efficient conduction of heavy duty vehicles to operators of those vehicles and to other workers of large, medium and small businesses is explained. The participating businesses are dedicated to the transportation of goods and passengers in Mexico. Most of the logistic companies in Mexico are very small. The methodology was adapted from the international literature to the Mexican situation by officials of the Comisión Nacional para Uso Eficiente de la Energía (CONUEE) since the year of 2003. Since then the CONUEE has taught it in many companies. Some of the topics of the courses are theoretical while others are plainly practical. The courses are taught in the premises of the interested companies. The theoretical part consists in the explanation of the parts of a heavy duty vehicle, the concept of energy and that of energy efficiency …",en,9,cs.SY,False,cs.NA,"[from_thinking] t energy efficiency could involve some computational models or data analysis, maybe cs.NA is the closest fit, even though it's not a perfect match.

Alternatively, perhaps none of the categories apply",10.369
475,"Bike-sharing systems (BSS) are a healthy and environmentally friendly alternative for public transportation in many large urban areas around the world. In 2010, Mexico City started its BSS, named Ecobici, with 84 stations and reached more than 840,000 trips that year. Ecobici rapidly became a preferred option for many users. By 2019, the number of stations in Ecobici had grown almost 6 times since the first year. In addition, the number of registered trips on 2019 was more than 8.4 million and the number of trips in a weekday were more than 30,000. In order to incentivize the adoption of bike as transportation mode, Ecobici and other BSS need to handle the bike inventory at their stations throughout the day. There are many challenges for optimizing bike inventory in BSS given the complex interdependencies, the non-homogeneous demand flows, and the large-scale scenarios. In this paper, we propose and study …",en,9,cs.SY,False,cs.SY,cs.SY,6.755
476,"Recent observations of young stellar systems with the Atacama Large Millimeter/submillimeter Array (ALMA) and the Karl G. Jansky Very Large Array are helping to cement the idea that close companion stars form via fragmentation of a gravitationally unstable disk around a protostar early in the star formation process. As the disk grows in mass, it eventually becomes gravitationally unstable and fragments, forming one or more new protostars in orbit with the first at mean separations of 100 au or even less. Here, we report direct numerical calculations down to scales as small as∼ 0.1 au, using a consistent Smoothed Particle Hydrodynamics code, that show the large-scale fragmentation of a cloud core into two protostars accompanied by small-scale fragmentation of their circumstellar disks. Our results demonstrate the two dominant mechanisms of star formation, where the disk forming around a protostar (which in …",en,7,cs.NA,False,cs.NA,cs.NA,7.778
477,"Nowadays, processing and analyzing data has become a milestone activity in several fields, and the educational environment is not an exception. Bachelor degree level institutions perform studies using their students’ data looking for patterns for making decisions about different topics and problems. One of the main research topics in educational institutions is related to academic performance, looking for factors that could affect this one. These factors are mainly related to personal characteristics, interest, motivation or other factors in the process of taking a bachelor degree. However, at the moment that a student is accepted into a university, he has characteristics and knowledge obtained through his previous studies, factors that can contribute to his academic performance. In each admission process, the Mexican Universidad Autónoma Metropolitana Azcapotzalco (UAM-A) accepts hundreds of students from …",en,0,cs.AI,False,cs.LG,cs.LG,10.055
478,"The quality of steel produced by continuous casting depends mainly on the characteristics of the liquid steel flow pattern within the mold. This pattern depends on the flow dynamics of the nozzle that is immersed in liquid steel. This work characterizes the fluid dynamics within two separate submerged entry nozzle models with a square cross section bore. The Froude similarity criterion and water as working fluid have been used. The models consist of a square‐shaped tube with one inlet and two lateral squared exits at the bottom. To enhance the flow visualization, the models do not have exit ports. Moreover, one of the models has a “pool,” a volume at the bottom, and the other prescinds of it. The geometrical parameters and operational conditions of physical experiments were reproduced in the numerical simulations. The turbulence model used in this work is large eddy simulation (LES) with dynamic k‐equation …",en,7,cs.NA,False,cs.NA,cs.NA,7.091
479,"An assembly for heating of molten glass using electromagnetic induction at low frequency is proposed, which consists of a central metallic column acting as a magnetic flux suppresser surrounded by a shell of molten glass contained in a cylindrical vessel. Molybdenum and liquid tin, the latter contained by a refractory barrier, are considered as magnetic shields. A thermal analysis of the process is included by coupling the energy equation with Maxwell equations, and considering molten glass as a rigid body. The model considers a rotary magnetic strength parallel to the angular coordinate as excitation source. A two-pole configuration has been selected for inductor coils whose objective is the enhancement of the electromagnetic coupling and the improvement of the power factor. In accordance with the numerical simulations results, the proposed arrangement shows feasibility for glass induction heating at 60 Hz.",en,9,cs.SY,False,cs.NA,cs.NA,9.995
480,"Stability studies for the Heliac TJ-II Skip to main INIS – International Nuclear Information System home Communities My dashboard Log in Published July 1991 | Version v1 Miscellaneous Metadata-only Stability studies for the Heliac TJ-II Creators Alejaldre, C. Fraguas, AL 1 Garcia, L. Salas, A. Varias, A. Carreras, B. Dominguez, N. Show affiliations 1. Asociacion Euratom-CIEMAT para Fusion, Madrid (Spain) 2. Oak Ridge National Lab., TN (United States) Description Viewgraphs are presented about the evaluation of the Mercier criterion and the solution of the ballooning eigenvalue equation in three dimensions for the Heliac TJ-II project Additional details Publishing Information Imprint Title 8. stellarator workshop Imprint Pagination 556 p. Journal Page Range p. 291-295. Report number INIS-mf--13744 Conference Title 8. international workshop on stellarators. Dates 27-31 May 1991. Place Kharkov (Ukraine). INIS …",en,7,cs.NA,False,cs.NA,cs.NA,8.723
481,"Explaining how engineering devices work is important to students, engineers, and operators. In general, machine generated explanations have been produced from a particular perspective. This paper introduces a system called AGE capable of generating causal, behavioral, and functional explanations of physical devices in natural language. AGE explanations can involve different user selected state variables at different abstraction levels. AGE uses a library of engineering components as building blocks. Each component is associated with a qualitative model, information about the meaning of state variables and their possible values, information about substances, and information about the different functions each component can perform. AGE uses:(i) a compositional modeling approach to construct large qualitative models,(ii) causal analysis to build a causal dependency graph,(iii) qualitative simulation to obtain …",en,0,cs.AI,False,cs.SY,cs.SY,4.993
482,"A tentative analysis and design of behaviours to be implemented in robots has been developed. For that purpose we have analysed the human behaviour of the person who executes the robot task. Afterwards we have transferred this analysis to the robot in charge of the same task. The cognitive task analysis, a powerful tool coming from cognitive psychology, has been used to study the behaviour granularity of the robots. This analysis is of paramount importance because the implementation of more sophisticated robot behaviours depends on the appropriate selection of the basic robot behaviours. The paper introduces a brief explanation of different types of robot architectures, and our motivation, to give, later on, some ideas concerning the cognitive task analysis and the used methods; finally, as an example, the behaviour of a postman is modelled by using those tools to get the necessary behaviours for a robot in …",en,8,cs.RO,False,cs.RO,cs.RO,5.518
483,"To respond to the need for access to an organized set of educational resources that aid in the learning process, the National Autonomous University of Mexico (UNAM) put in place a technological platform that associates high-quality open-access digital educational resources to the various elements of the curriculum, facilitating it adoption and use. This platform, named The University Learning Network, provides an academically-validated alternative to sites that are popular for the students, but provide questionable resources and information. After a period of adoption, learning, and adjustments, it gained the interest of other universities, and became a national or even Latin American project. The present work describes how the platform has been adopted and adapted by the National Association of Information Technology Education Institutions (ANIEI) to associate open educational resources to the competencies …",en,9,cs.SY,False,cs.SY,cs.SY,6.808
484,"Computing is one of the branches of knowledge that evolves rapidly. Technological advances in both software and hardware make its focuses and applications highly dynamic. It is common that once a technology, sub field, or application emerges, it begins to attract many people, including researchers and professionals, and its exploration begins. Many of these sub fields persist over time, while others are eventually replaced by more recent ones that offer greater advantages or change the paradigm in which activities are conducted. These technological advances are evident in the activities of daily life, and the educational environment is no exception. At a university, where future professionals and researchers are trained, the impact of new technologies and trends should also be reflected in the work carried out by students throughout the existence of a study program. At the Universidad Autónoma Metropolitana …",en,9,cs.SY,False,cs.DS,"[from_thinking] 't fit into any technical category. Since the user has to choose one, maybe cs.CV or cs.LG? No, those are too specific.

Wait, maybe it's about data structures and algorithms (cs.DS) because computing",10.397
485,"The first world pandemic of the XXI century affected many social aspects, mainly showing vulnerabilities and opportunities in the higher education learning-teaching process. Many Higher Education Institutions (HEI) quickly reacted and virtually made their primary responsibilities. Impact in the HEI is considered deep and diverse, showing that the academic community can promptly adapt to various challenges. University crisis management highlighted the importance of factors like the creation of a control crisis group, bringing new services created in the pandemic times, professionalizing professors promoting the commitment to strengthen educational practice, measuring levels of learning and emotional health before, during, and after, and promote the well being of the university community. All these actions are for a cycle to close gaps and increase quality. In the professionalized professors’ action, one main …",en,0,cs.AI,False,cs.SY,cs.SY,8.689
486,"In order to analyze the influence of a third phase in the behaviour of the free surface profile in the mould of a slab steel continuous caster, multiphase flow in a mould water model is physically and numerically investigated. A one third scale mould water model was constructed in accordance with the Froude similarity criterion. The free surface profile in the experimental air-water system was tracked using ultrasonic level sensors which were located at six different positions along a line between the submerged entry nozzle and the mould narrow wall. Volumetric flow rates of water from 3.5×10-4 to 5.83×10-4 m3/s were employed in the physical experiments. Three submergence depths of the nozzle, namely 0.05, 0.07 and 0.09 m, were considered. On the other hand, two and three phase transient and steady state numerical simulations were carried out by means of computational fluid dynamics software. Oil engine was …",en,7,cs.NA,False,cs.NA,cs.NA,7.827
487,"Web service substitution is one of the most advanced tasks that a composite Web service developer must achieve. Substitution occurs when, in a composite scenario, a service operation is replaced to improve the composition performance or fix a disruption caused by a failing service. To move the automation of substitution forward, a set of measures, considering structure and functionality of Web services, are provided. Most of current proposals for the discovery and matchmaking of Web services are based on the semantic perspective, which lacks the precise information that is needed toward Web service substitution. This paper describes a set of similarity measures to support this substitution. Similarity measurement accounts the differences or similarities by the syntax comparison of names and data types, followed by the comparison of input and output parameters values of Web service operations. Calculation of …",en,0,cs.AI,False,cs.SY,cs.SY,7.239
488,"This paper introduces SDWS (Semantic Description of Web Services), a Web tool which generates semantic descriptions from collections of Web services. The fundamental approach of SDWS consists of the integration of a set of ontological models for the representation of different Web service description languages and models. The main contributions of this proposal are (i) a general ontological model for the representation of Web services,(ii) a set of language-specific ontological models for the representation of different Web service descriptions implementations, and (iii) a set of software modules that automatically parse Web service descriptions and produce their respective ontological representation. The design of the generic service model incorporates the common elements that all service descriptions share: a service name, a set of operations, and input and output parameters; together with other important …",en,0,cs.AI,False,cs.AI,cs.AI,8.791
489,"In this paper we address the problem of replication, allocation and mobility of large data-objects in network environments that may be exposed to significant changes in users’ location, usage and access patterns. In these circumstances, if the design is not adapted to the new changes, the system can undergo a severe degradation in data access costs and response time. In order to solve this problem, we propose a formal model to generate a new data-object allocation and replication. The model uses current state information of the system and usage statistical data collected during a given period, and adapts the system to the new users’ location and usage patterns so as to minimize communication costs. Implicitly the mathematical model handles mobility and temporality. Model tests have been conducted with satisfactory and promising results. The principles used in the model can be applied to other models for the …",en,4,cs.DS,False,cs.SY,cs.SY,7.973
490,"After more than six months of the COWID-19 pandemic some of its effects to higher education have been already documented. The higher education institutions around the world rushed to teach online, most of them without any preparation and in some cases in public universities their authorities imposing the technology to be used, the school calendar and new labor relations. At the Universidad Autónoma Metropolitana more than a third of the students considers that learning online has been minimum or null and 76.1% of their professors use their own equipment to teach online and 74.6% work more hours than the established in their contracts. At the Instituto Politécnico Nacional, 20% of its students did not take classes online and 10% of their professors did not teach online. In this paper some of the negative effects of COVID-19 to higher education are referred and discussed, among them, the effects on the salary …",en,7,cs.NA,False,cs.SY,cs.SY,7.314
491,"The outbreak of the coronavirus Covid-19 has evolved very quickly in several countries of the world and has caused many businesses of several industries around the world to close. Many businesses did not have the tools to have their employees working at home and suffer dearly from it. In some cases, many of them will go bankrupt. Many office workers have the ability to work online but those who carry out physical work cannot. Even universities, all around the world, do not have the tools to promptly switch to online courses. This pandemic has shown that many people in the world do not enjoy medical insurance nor clean water to wash their hands frequently and that people in the highest class are not safe if poor uninsured people get sick because these last ones can infect them. During the coronavirus crisis some workers are highly essential, like delivery workers, truck and bus drivers, medical professionals …",en,9,cs.SY,False,cs.SY,"None of the provided categories fit as the abstract discusses public health and societal impacts rather than computer science topics.

But since I have to choose one from the list, perhaps none are appropriate. However, if forced, maybe cs.SY (Systems and Control) could be a stretch due to discussing systems in place during a crisis, but it's not a direct fit.

Alternatively, considering the lack of CS content, perhaps no category is suitable, but since I must choose, I'll go with the closest possible.

cs.SY

But wait, the abstract doesn't discuss technical systems or control theory. Maybe none of the categories are appropriate. However, per instructions, I need to assign one.

Perhaps cs.NA (Numerical Analysis) if it's about modeling the pandemic numerically, but that's a stretch too.

Alternatively, maybe cs.CR (Cryptography and Security) if discussing data security during crises, but again, not directly mentioned.

Given all this, perhaps none fit, but I have to choose. Maybe cs.CV or cs.LG for some reason? No, those are about AI and vision.

Wait, the abstract doesn't mention any CS topics at all. So maybe it's outside the scope of all provided categories. But since I must assign one, perhaps cs.NA as a default?

Alternatively, perhaps the user expects me to recognize",10.334
492,"Design studies for a low-aspect-ratio, large next-generation stellarator, ATF-2, with high-current-density, high-field, stable NbTi/Cu helical windings are described. The design parameters are an average plasma radius of 0.52 m, a major radius of 2 m, and a field on axis of 4 to 5 T, with 10 to 15 MW of heating power. Such a device would be comparable in scope to other next-generation stellarators but would have roughly the same aspect ratio as the tokamaks without, however, the need for current drive to sustain steady-state operation. A number of low-aspect-ratio physics issues need to be addressed in the design of ATF-2, primarily compromises between high-beta capability and good confinement properties. A six-field-period Compact Torsatron is chosen as a reference design for ATF-2, and its main features and performance predictions are discussed. An integrated (beta capability and confinement) optimization …",en,9,cs.SY,False,cs.AI,"None of the provided categories (cs.AI, cs.CL, etc.) apply to this abstract, as it discusses a stellarator design in fusion energy, not computer science.

But since I have to choose one from the given list, perhaps cs.NA (Numerical Analysis) could be considered if simulations or numerical methods are involved. However, the abstract doesn't explicitly mention computational methods. Alternatively, maybe cs.SY (Systems and Control), but again, it's more about physics than systems control.

But since none fit well, I'll have to go with the closest possible, which might be cs.NA.

cs.NA",6.976
493,"We present three-dimensional calculations of spherically symmetric Bondi accretion on to a stationary supermassive black hole of mass 108 M⊙ within a radial range of 0.02–10 pc, using a modified version of the smoothed particle hydrodynamics gadget-2 code, which ensures approximate first-order consistency (i.e. second-order accuracy) for the particle approximation. First-order consistency is restored by allowing the number of neighbours, nneigh, and the smoothing length, h, to vary with the total number of particles, N, such that the asymptotic limits nneigh → ∞ and h → 0 hold as N → ∞. The ability of the method to reproduce the isothermal (γ = 1) and adiabatic (γ = 5/3) Bondi accretion is investigated with increased spatial resolution. In particular, for the isothermal models, the numerical radial profiles closely match the Bondi solution, except near the accretor, where the density and radial velocity are …",en,7,cs.NA,False,cs.NA,cs.NA,7.162
494,"Ground-based and satellite observations have revealed dust temperatures as low as ∼5−7 K in the centre of low-mass, pre-stellar cloud cores, where star formation takes place. However, external heating may rise the outer core temperatures up to ∼15−20 K. Such low temperatures at the centre of pre-stellar cores are a key factor to constrain the conditions that lead to the formation of gravitationally bound protostellar systems as was recently captured by highly-resolved Atacama large millimeter/submillimeter array observations. Here, we report consistent smoothed particle hydrodynamics collapse calculations of cold cores that demonstrate the formation of close protobinary systems via small-scale fragmentation of a gravitationally unstable protostellar disc. The results indicate that mean binary separations, of tens of astronomical units, are a consequence of disc fragmentation in cold pre-stellar cores. Cloud …",en,7,cs.NA,False,cs.NA,cs.NA,7.235
495,"Multi-objective evolutionary algorithms (MOEAs) of the state of the art are created with the only purpose of dealing with the number of objective functions in a multi-objective optimization problem (MOP) and treat the decision variables of a MOP as a whole. However, when dealing with MOPs with a large number of decision variables (more than 100) their efficacy decreases as the number of decision variables of the MOP increases. On the other hand, problem decomposition, in terms of decision variables, has been found to be extremely efficient and effective for solving large scale optimization problems. Nevertheless, most of the currently available approaches for large scale optimization rely on models based on cooperative coevolution or linkage learning methods that use multiple subpopulations or preliminary analysis, respectively, which is computationally expensive (in terms of function evaluations) when used …",en,0,cs.AI,False,cs.DS,cs.DS,7.216
496,"Electrochemical cells with a rotating disc electrode are the preferred devices to characterize electrochemical reactions because simple analytical expressions can be used to interpret the information obtained from physical experiments. These equations assume that the velocity field in the vicinity of the electrode active face is in accordance with the ideal behavior described by von Kármán. Experimental liquid velocity measurements inside the cell reported in recent works suggest that the actual liquid flow pattern is not fully in accordance with the assumed ideal behavior. In this work, the Computational Fluid Dynamics technique was employed to characterize numerically the flow pattern inside the electrochemical cell. By using a three-dimensional model, symmetric conditions were not imposed. A biphasic system was employed to evaluate the influence of liquid free surface over the flow pattern. Unsteady state …",en,7,cs.NA,False,cs.NA,cs.NA,5.566
497,"Depression is a prevalent mental health disorder, and early detection is crucial for effective intervention. Recent advancements in eye-tracking technology and machine learning offer new opportunities for non-invasive diagnosis. This study aims to assess the performance of different machine learning algorithms in. predicting depression in a young sample using eye-tracking metrics. Eye-tracking data from 139 participants were recorded with an emotional induction paradigm in which each participant observed a set of positive and negative emotional stimuli. The data were analyzed to find differences between groups, where the most significant features were selected to train prediction models. The dataset was then split into training and testing sets using stratified sampling. Four algorithms support vector machines (SVM), random forest (RF), a multi-layer perceptron (MLP) neural network, and gradient boosting (GB …",en,0,cs.AI,False,cs.LG,cs.LG,5.871
498,"Thesaurus, taxonomies, and ontologies are created as a way to represent knowledge. In recent years, the efforts to create them are focused on automatic knowledge extraction. For this purpose, research in the extraction of concepts and semantic relations is needed. Concepts or entities extracted from unstructured data has a became a challenge for the research communities. Texts, specifically, scientific papers contain knowledge where experts express their contributions to the science, including: techniques, methods and claims. In order to describe them, experts use synonyms, which are relevant to consider whereas it is desirable to extract such type of contribution form scientific text. This paper describes a method based on patterns for semantic relations extraction from scientific texts. The semantic relations correspond to synonymy. We describe pattern acquisition and relations extraction as phases to data …",en,0,cs.AI,False,cs.CL,cs.CL,7.07
499,"Face recognition has become a fundamental biometric tool that ensures identification of people. Besides a high computational cost, it constitutes an open problem for identifying faces under ideal conditions as well as those under general conditions. Though the advent of high memory and inexpensive computer technologies has made the implementation of face recognition possible in several devices and authentication systems, achieving face recognition in real time is still a challenging task. This paper implements an evolutionary computer genetic algorithm for optimizing the number of interest points on faces, intended to get a quick and precise facial recognition using local analysis texture technique applied to CBIR methodology. Our approach was evaluated using different databases, getting an efficient facial recognition of up to considering only seven interest points from a total of 54 cited in the literature …",en,2,cs.CR,False,cs.CV,cs.CV,7.204
500,"Violence has reigned in Mexico for the last 12 years. There have been thousands of missing people in all the country, including students of higher education institutions. Violence has flourished in great part because of the corruption and impunity in Mexican institutions. There have been cases in which several of the problems of Mexican institutions arise simply because they do not obey the law or their own internal regulations. Higher education institutions are not free of violence. Even the biggest and most prestigious university of Mexico, the National Autonomous University of Mexico (UNAM) suffered violence in its main campus this year, which triggered demonstrations by hundreds of students and total work stoppage for several days. The Campus Azcapotzalco of the Metropolitan Autonomous University (UAM) has been without a President for one year and a half just because the Directive Board of the university …",en,7,cs.NA,False,cs.SY,"[from_thinking] trol if discussing institutional management or security systems. However, that's a stretch. Alternatively, perhaps it's more about social aspects, but again, not fitting into the given categories.

In",10.385
501,"In in vitro true dry matter degradability (IVTDMD), in situ dry matter degradability, and neutral detergent fiber degradability, both in vitro (IVNDFD) and in situ (ISNDFD) techniques were used with crossbred goats to determine dry matter and neutral detergent fiber (NDF) ruminal degradability in eight forages and four industrial byproducts. Total digestible nutrients (TDN) content obtained with five different summative models (summative equations) were studied to compare the precision of estimates. All these models included digestible fractions of crude protein, ether extract, and nonfiber carbohydrates that were calculated from chemical composition, but digestible NDF (dNDF) was obtained from IVNDFD (IVdNDF), ISNDFD (ISdNDF), or by using the Surface Law approach. On the basis of the coefficient of determination (R2) of the simple lineal regression of predicted TDN (y‐axes) and observed IVTDMD (x‐axes), the …",en,7,cs.NA,False,cs.NA,cs.NA,6.009
502,"In this study, we propose a novel methodology called Particle Dynamics Method (PDM) for identifying and quantifying influential nodes in complex networks. Inspired by Newton’s three laws of motion and the universal gravitation law, PDM is based on a mathematical programming method that leverages node degrees and shortest path lengths. Unlike traditional centrality measures, PDM is easily adaptable to different network sizes and models, making it a versatile tool for network analysis. Our updated version of PDM also considers the direction of each force, resulting in more reliable results. To evaluate PDM’s performance, we tested it on a set of benchmark networks with distinct characteristics and models. Our results demonstrate that PDM outperforms other methodologies in the literature, as removing the identified influential nodes results in a significant decrease in network efficiency and robustness. The key …",en,7,cs.NA,False,cs.SY,cs.SY,7.458
503,"Decision making in a nucleoelectric plant is a complex process, due to many elements involved in its operation, and the permanent attention demanded by its maintenance. Presently, the decision making process in the plant is analyzed and developed by a human operator, using diagrams whose main characteristic is a linear representation of events within a scenario. That is a slow process, and can lead to the generation of new failures. We propose the development of an expert system that will help in the decision making, In this paper our main objective will be the design of the of knowledge representation and the design of reasoning through the latter. The dominion is located in the failure events in a nuclear plant. To automate the decision making process, a representation of knowledge is developed using Fuzzy Cognitive Maps (FCM), which allow us to model an expert’s behavior, in decision making with uncertainty.",en,0,cs.AI,False,cs.AI,cs.AI,7.908
504,"For engineering students, Mathematics courses are fundamental for their studies, an appropriate background in this area is needed for later subjects of the engineering major. However, it is also known that these courses are the most difficult in any study plan. Having problems with Mathematics courses involves investing more time than the specified for finishing a bachelor degree. This problem grows when there exists a serial relationship between several courses, this means that for taking a later one, the previous one must have to be approved. Especially in engineering programs, a lot of courses have a Mathematics branch as a background, and when a student does not approve one of these, it is common that their options for taking other courses became limited. Even, when students take several opportunities for approving a course, it is possible, and very frequent, that some scholar periods they do not take any …",en,2,cs.CR,False,cs.NA,cs.NA,8.654
505,"Access to the magnetohydrodynamic (MHD) second stability regime has been achieved in the Advanced Toroidal Facility (ATF) torsatron [Fusion Technol. 10, 179 (1986)]. Operation with a field error that reduced the plasma radius and edge rotational transform resulted in peaked pressure profiles and increased Shafranov shift that lowered the theoretical transition to ideal MHD second stability to β 0≊ 1.3%; the experimental β values (β 0≤ 3%) are well above this transition. The measured magnetic fluctuations decrease with increasing β, and the pressure profile broadens, consistent with the theoretical expectations for self‐stabilization of resistive interchange modes. Initial results from experiments with the field error removed show that the pressure profile is now broader. These later discharges are characterized by a transition to improved (× 2–3) confinement and a marked change in the edge density fluctuation …",en,7,cs.NA,False,cs.NA,cs.NA,7.235
506,"Nonlinear regression is a statistical technique widely used in research which creates models that conceptualize the relation among many variables that are related in complex forms. These models are widely used in different areas such as economics, biology, finance, engineering, etc. These models are subsequently used for different processes, such as prediction, control or optimization. Many standard regression methods have been proved that produce misleading results in certain data sets; this is especially true in ordinary least squares. In this article three metaheuristic models for parameter estimation of nonlinear regression models are described: Artificial Bee Colony, Particle Swarm Optimization and a novel hybrid algorithm ABC-PSO. These techniques were tested on 27 databases of the NIST collection with different degrees of difficulty. The experimental results provide evidence that the proposed algorithm …",en,0,cs.AI,False,cs.NA,cs.NA,8.553
507,"Abstract On July 1, 2018, federal elections were held in Mexico and 300 deputies were elected across the country. However, the electoral process conducted by the National Electoral Institute of Mexico started one year before, with the apportionment of a different number of seats among states, according to its population, and the generation of 300 new electoral districts, one for each voting member. At that point, we proposed a population-based simulated annealing algorithm that is able to generate continuous, compact and equally populated districts. The performance of our algorithm was tested on 12 federal entities and proved to outperform the strategies used so far by the Electoral Institute. Therefore, our proposal was included in the redistricting system and applied in the federal redistricting process. In this paper, we describe the algorithm and present results that demonstrate its efficiency and accuracy.",en,4,cs.DS,False,cs.DS,cs.DS,7.0
508,"Mexican Universidad Autonoma Metropolitana Azcapotzalco (UAM-A) has an issue related with the time their students need for finishing their studies. It is expected, according the study programs, that a student must finish its studies in twelve scholar periods, a scholar period is a quarter (three months) with three quarters per year, meaning that these twelve scholar periods represents four years. However, the average of those students that end their studies is near 21 quarters (seven years) which mean almost twice the time needed for finishing. The amount of students that ends in the expected four years is very small, and there are not few cases, when students needed thirty or more scholar periods (ten years or more). All engineering programs, ten at UAM-A, are composed by different groups of courses called “branches”, these are: Leveling, General, Professional, Multidisciplinary and Consolidation. It is known …",en,9,cs.SY,False,cs.NA,"[from_thinking] but that seems off too.

Alternatively, maybe the user made a mistake and this isn't a CS paper at all. But since I have to assign one category, perhaps the best fit is none of them, but since I can't",10.495
509,"Feature extraction is a key issue in Content Based Image Retrieval (CBIR). In the past, a number of describing features have been proposed in literature for this goal. In this work a feature extraction and classification methodology for the retrieval of natural images is described. The proposal combines fixed and random extracted points for feature extraction. The describing features are the mean, the standard deviation and the homogeneity (form the co-occurrence) of a sub-image extracted from the three channels: H, S and I. A K-MEANS algorithm and a 1-NN classifier are used to build an indexed database of 300 images. One of the advantages of the proposal is that we do not need to manually label the images for their retrieval. After performing our experimental results, we have observed that in average image retrieval using images not belonging to the training set is of 80.71% of accuracy. A comparison with two …",en,0,cs.AI,False,cs.CV,cs.CV,5.661
510,"Pattern recognition has been evolving to include problems posed by new sceneries containing a high number of pattern components . Processing this volume of information allows a more exact classification in wider types of applications; however, some of the difficulties of this scheme is the maintenance of numerical precision and mainly the reduction of the execution time. During the last 15 years, several Machine Learning solutions have been implemented to reduce the number of pattern components to be analyzed, such as artificial neural networks. Deep learning is an appropriate tool to accomplish this task. In this paper, a convolutional neural network is implemented for recognition and classification of human activity signals and digital images. It is achieved by automatically adjusting the parameters of the neural network through genetic algorithms using a multiprocessor and GPU platform. The results obtained …",en,0,cs.AI,False,cs.CV,cs.CV,8.068
511,"Background
Medical experts in the domain of Diabetes Mellitus (DM) acquire specific knowledge from diabetic patients through monitoring and interaction. This allows them to know the disease and information about other conditions or comorbidities, treatments, and typical consequences of the Mexican population. This indicates that an expert in a domain knows technical information about the domain and contextual factors that interact with it in the real world, contributing to new knowledge generation. For capturing and managing information about the DM, it is necessary to design and implement techniques and methods that allow: determining the most relevant conceptual dimensions and their correct organization, the integration of existing medical and clinical information from different resources, and the generation of structures that represent the deduction process of the doctor. An Ontology Network is a collection …",en,0,cs.AI,False,cs.AI,cs.AI,8.163
512,"In this paper we present the design of a shared ontology, with the objective to translate a variety of negotiation primitives. Our approach focuses on facilitating communication among agents during negotiation process execution. Traditional negotiation systems impose several restrictions on the type and format of negotiation primitives that can be exchanged among agents. In contrast, we propose the incorporation of an ontology-based solution to overcome heterogeneity and provide communication facilities for participation in negotiations based in open environments such as Internet. To evaluate our ontology we implemented a Web service-oriented negotiation system, and incorporated a translation module that uses the ontology as a vocabulary of negotiation primitives. The experimental results show that the incorporation of the ontology improves the continuity of the execution of negotiation processes, resulting in …",en,0,cs.AI,False,cs.AI,cs.AI,7.364
513,"With the increasing development of Web services (WS) it is necessary to use tools capable of providing better and more efficient search and classification mechanisms. Bringing to users the facility to select a service or a set of services that satisfy the specified functional requirements of an application. However, the existing methods for classification and searching are developed with similar aims, but they use different input elements for its running, making them mutually incompatible among all approaches developed, avoiding their reusability. Therefore, we propose the representation of WS operations as N-ary trees for semantic and/or structural comparisons. Allowing independent comparison algorithms use N-ary trees as the same input, to making them compatible. Allowing Make more specific and focused algorithms, which can separate the semantic part of an operation with its structure by using a unique input …",en,0,cs.AI,False,cs.DS,cs.DS,6.049
514,"Among the primary current and future challenges for survival for universities is their relevance. The pertinence will depend on what kind of human resources prepare on one hand for industry, commerce and services and on the other for tackling societal problems of global change, inequality, lack of democracy, violence, migration, pandemics and others. Their significance will help them to obtain the funding from the governments in the case of public institutions and the income from fees, tuition and other services for students for private schools. Their finances might also strongly depend on external funding from services provided to the private, social and government sectors through contracts for research, consulting and advisory services, as well as of how broad their international outreach becomes because future worldwide competition could become stronger. For some temporary professors in developing countries …",en,7,cs.NA,False,cs.AI,"None of the provided categories (cs.AI, cs.CL, etc.) apply as the abstract discusses societal and educational challenges rather than technical Computer Science topics.

Answer: None",6.171
515,"The learning-teaching experiences during the covid-19 pandemic might transform higher education in a lot of countries. The pandemic showed that social and economic inequalities lead to inequality in learning and to student desertion. Private schools have suffered economically and a lot of them will close forever while public schools have continued their activities online the best they can. The pandemic showed that online education can be a useful tool which can save resources to teach only some groups of students. Some degrees have been easier to teach online and others could be taught only partially. It could be that future smaller campuses with less in-person professors, administrative workers and students flourish in some countries. Administrative workers could work in the future at their homes, reducing the expenses on utilities and the physical space needed in the higher education institutions at the same …",en,7,cs.NA,False,cs.LG,"[from_thinking] r education structures, maybe cs.SY? But that's more about control systems, not educational systems. Hmm.

I think the best fit might be none, but I have to choose one. Maybe cs.LG if online education",10.32
516,"Nowadays, biometric authentication has gained relevance due to the technological advances that have allowed its inclusion in many daily-use devices. However, this same advantage has also brought dangers, as spoofing attacks are now more common. This work addresses the vulnerabilities of automatic speaker verification authentication systems, which are prone to attacks arising from new techniques for the generation of spoofed audio. In this article, we present a countermeasure for these attacks using an approach that includes easy to implement feature extractors such as spectrograms and mel frequency cepstral coefficients, as well as a modular architecture based on deep neural networks. Finally, we evaluate our proposal using the well-know ASVspoof 2017 V2 database, the experiments show that using the final architecture the best performance is obtained, achieving an equal error rate of 6.66% on the evaluation set.",en,2,cs.CR,False,cs.CR,cs.CR,5.731
517,"This overview of Maya defensive barricades is organized into three sections: generalizations, case studies, and controversies/future directions in the study of Maya defensive barricades. Before discussing Maya defensive barricades, I provide the who, where, and when of Maya culture and history. Maya is a term that is used to define a culture that is primarily concentrated in Guatemala; Belize; the Mexican states of Yucatan, Quintana Roo, Tabasco, Campeche, Chiapas, and Veracruz; and the Western portions of the countries of Honduras and El Salvador. Despite popular narratives for the collapse of Maya society that resulted in vast empty jungle cities, millions of Maya currently live in various parts of the world and many speak one or several of 28 different languages that are linguistically classified as Mayan. Scholars of the Maya have long established affinities among extant Maya groups, the indigenous peoples …",en,2,cs.CR,False,cs.CV,"[from_thinking] o be cs.CV because of barricades and structures, but that seems too vague.

I think I'm overcomplicating this. The abstract doesn't mention any computer science topics, so none of the categories apply",10.487
518,"In several countries, public high education institutions use an entrance examination for choosing from all their candidates. The ones with higher marks are admitted at university and begin their professional education. It is supposed that students which obtain better results in this exam will have a better performance across their studies, but using the entrance examination as the only criteria could not assure, this and other factors could be considering as entrance criteria besides a single exam. In Mexican Autonomous Metropolitan University (UAM), students which aspire entering an engineering, must perform an admission exam, and the best marks are accepted, also, they must fulfill the following conditions: exam mark must be greater than 600 points (from a maximum of 1000) and their medium high level (the former level before high education) average must be at least 7.0. University expects that these students …",en,0,cs.AI,False,cs.SY,cs.SY,7.885
519,"Everyday, a lot of data is generated in a lot of different environments like economics, medicine, business or consumer preferences. Another environment that produces a lot of data and which analysis has grown in the last years is the educational one. The processing and analysis of educational data for finding aspects of interest and even, detecting problems and identifying their possible causes is known as Educational data mining. Another branch related with this analysis is using visual elements for presenting data in a way that allows finding useful information is known as Information Visualization, applying these techniques in an educational environment is called Visual Learning Analytics. Visual Learning Analytics also can be separated into different areas, one which considers both information visualization and the use of data mining techniques for finding patterns, the other one presents the data in a more …",en,0,cs.AI,False,cs.LG,cs.LG,7.013
520,"The fundamental concepts of electronic devices are generally taught in the initial courses of electrical and electronics engineering. For students, it is very important to grasp the basic concepts that make computers and digital systems possible. Among these concepts, boolean algebra and logic gates stand out. In this paper, a smartphone‐based augmented reality (AR) system is proposed which helps in the adequate learning of logic gate integrated circuits (ICs). The proposed system allows the automatic identification of ICs that enables basic logic operations. It uses a smartphone and a breadboard for the identification of 7 basic logic gate ICs that are: AND gate, OR gate, NOT gate, NAND gate, NOR gate, XOR gate, and XNOR gate. The smartphone takes a picture of the electronic circuit and digitally generates a layer of virtual objects which are then mixed with the original image. The markless paradigm identifies …",en,9,cs.SY,False,cs.CV,cs.CV,6.69
521,"The time domain topological gradient has recently been presented as a promising technique for imaging of complex structures [N. Dominguez, et al., Wave Motion 42 (1) (2005) 31–52], showing results obtained on simulated data. The method relies on the adequate combination of two computed ultrasonic fields, one forward and one adjoint. The adjoint field, that carries the information about the defects, is analogous to a time reversal operation. The forward field plays the role of a “photographic developer”. The great interest of the method is that the time reversal operation is not done experimentally but numerically, allowing implementation of low cost systems. The expected low sensitivity of the method to the presence of measurement or structure noise had been discussed in a former work. This paper shows results obtained on experimental data in the context of non-destructive testing, showing the efficiency of the …",en,7,cs.NA,False,cs.CV,cs.CV,6.232
522,"In Mexico, the covid-19 pandemic has hit hard on many students. Some of them have had their whole families infected and unfortunately a few of them lost close relatives. Some of the students infected with the virus asked for extensions in deadlines for homework and term papers. It has been noticed by one of the authors that in large groups with good virtual assistance to classes most of the students affected by the pandemic have complied with their course work. It was also noticed that students participated more when the professor used a blackboard in front of the camera to carry out some calculations to his engineering students. They also maintained their attention if the teacher did not lose time switching on and off at sharing the screen but instead, got help from a student to show the notes prepared beforehand by the professor. The conclusion has been that the basic and handy technology of in-person classes …",en,8,cs.RO,False,cs.AI,"None of the provided categories (cs.AI, cs.CL, etc.) are applicable as the abstract discusses educational methods during a pandemic rather than computer science topics.

Answer:",6.846
523,"Higher education in Mexico is a privilege, rather than a right. Its national coverage is only 35.8%. In some of the Mexican states its coverage is as low as 27%, while in Mexico City it is 90%. The Mexican society has fought for decades to have more educated people in order to develop the country. Since the 1970s, Mexican governments have promised to improve this coverage, quality and pertinence of higher education in Mexico, but their promises have ended in poor results. Additionally, employment for graduates is scarce and the salaries for graduates are low. This is an election year for Mexico and a leftist party might become the winner for the first time since 1988, whose presidential candidate is promising a huge raise in public higher education coverage. For the next several years, Mexico should not only increase its higher education coverage but also continuously educate people who will live in a knowledge …",en,2,cs.CR,False,cs.SY,cs.SY,6.542
524,"The mercury (Hg) is an element that is naturally present in air, water and soils, however it is one of the most toxic metals, so that severe damage to in the health of living organisms are cause by the exhibition of they whit at small amounts of Hg. The importance its timely detection in the environment is to avoid or lessen the damage to public health. One of the various devices for detecting pollutants are the so-called ion-selective electrodes, which offer advantages over traditional instrumental methods, such as: low prices, short response times, simple construction, among others.
In the present work, the design and development of efficient electrodes for the determination of mercury(II) in aqueous medium is addressed. We should be mentioned that the design and construction of electrodes is not an easy task, since the potential of the electrode is a function of several variables such as temperature, analyte …",en,7,cs.NA,False,cs.AI,"None of the provided categories (cs.AI, cs.CL, etc.) fit this abstract as it discusses chemical sensor design and mercury detection without computational aspects.

However, if forced to choose based on possible overlaps, maybe cs.NA (Numerical Analysis) could be considered due to potential mathematical modeling in electrode design. But since the focus is more on hardware and chemistry, none of the CS categories are a perfect fit.

But according to the rules, I must assign one category. Since it's about systems or devices, perhaps cs.SY? Or maybe not. Alternatively, if there's any computational method mentioned, but there isn't. So, perhaps no applicable category, but since I have to choose, maybe none. But the system requires a category.

Wait, looking again: The abstract doesn't mention any computation, algorithms, AI, ML, etc. It's purely about electrode design and chemistry. Therefore, none of the CS categories apply. However, if I must pick one, perhaps cs.NA (Numerical Analysis) if there are simulations involved, but it's not stated.

Alternatively, maybe cs.CV or cs.CV isn't relevant here. Hmm. Maybe cs.IT? No. Or cs.CR? No. Alternatively, perhaps none of the categories fit, but since I have to choose, perhaps cs.NA is a stretch.

But given that there's no computational focus, perhaps it doesn't belong in any",10.405
525,"The evaluation of the teaching-learning process is a conduct that poses great challenges from a modeling perspective. Tutor modules form part of intelligent systems that are applied to education, and should assess: when to interrupt, how to teach a given topic, and what to teach in a given moment. By considering the different types of errors, a good evaluation of the teaching-learning process allows the systems to adapt in an optimum form to different users. This paper proposes a design technique to model the conduct of an expert that evaluates the results of the teaching-learning process within a reactive learning environment. To achieve this, a fuzzy cognitive map, which is a representation recently proposed to model the conduct and operation of complex systems, is used. Bart Kosko introduced this type of maps in 1986 with the aim of describing the behavior of a system in terms of concepts and causal relations …",en,0,cs.AI,False,cs.AI,cs.AI,6.439
526,"Aiding the acquisition of cognitive abilities is an important issue within the teaching–learning process. The student should not only control his/her own learning process, but also the way he/she does it. One of the new developments in education, focused on achieving those goals, is the use of tools, models, and techniques derived from cognitive psychology to improve the design of course “curricula” within a specific knowledge domain. The paper presents a learning model that focuses on a specific topic, and uses a cognitive approach for building human expert mental models and schemes, partially based on the concepts of Forbus' qualitative theory. Regarding the didactic approach, the authors' experience is taken into account within a “student centered” learning approach, in which training or learning systems have a great significance. All these elements are integrated in the formulation of an intelligent learning …",en,0,cs.AI,False,cs.AI,cs.AI,8.425
527,"Social networks are a meeting point on the Internet; people use them to exchange opinions, help each other, or have fun. The growth and success of a social network are multifactorial phenomena but can be generalised into two factors: the quality of the content, and the User eXperience (UX) that the platform offers. Thus, the design of the GUI of a social network must come from the needs of its users. It is necessary to study the UX over time, before and after the development of the platform. Before, the Anticipated User eXperience (AUX) allows knowing the idealisations and desires of users. After, the UX is the measure of the actual system. We propose a UX over time evaluation method for user tools in social networks to have a way to contrast both results, improve the design of user tools, and finally increase participation. To test our evaluation method, we designed an experiment in which users had to devise on …",en,0,cs.AI,False,cs.SY,cs.SY,8.722
528,"Several study programs consider the scheme of succession or seriation courses, meaning that for taking one course, students must have approved at least one previous one. In this approach, it is expected that a student acquire the adequate knowledge for the next course. However, there are several factors that affect this approach. Consider for example the case when a student barely approves a previous course, it is possible that it does not acquire the sufficient knowledge for the later one. Consider now the influence of non academic factors, like a strike, could be considered that a strike could affect the immediate scholar period when it occurs, however, in a study plan with a scheme of seriated courses, this impact could be extended. In a previous work, it was analyzed the impact of a strike considering the academic performance of engineering students in the courses which were taken in the scholar period where …",en,2,cs.CR,False,cs.SY,cs.SY,9.4
529,"The advent of new technologies in modern networks demands the development of online algorithms that are adaptive to changes of a network. Ideally we want these algorithms to work in a local manner, that is, their decisions depend only on information stored at the current node of the network. An early example of this is Ore’s work characterizing arbitrarily traceable graphs [1], that is, Eulerian graphs G which have a vertex v such that any tour starting at v and always traversing a new edge is Eulerian. In this work we propose some online algorithms to approach the following problem: Let T be a tree with windy costs on its edges. How should a drone, or a team of drones, start at a base, cover all edges of T and return to the base at small cost? This problem has been studied before for general graphs from an offline, mixed integer programming point of view [2]. Another offline approach, where drones can enter and …",en,4,cs.DS,False,cs.SY,cs.SY,6.167
530,"An alternative Font Recognition (FR) methodology is proposedin this work; this methodology is based onthe global texture analysis of document text using invariant moments (invariant to scale, rotation and translation) and Principal Components Analysis. There is not necessary of confinedanalysis for each letter or word. In our method, the central moment features are extracted as a global characteristic from each font (from window estimation) and over the same window, the principal components analysis isapplied. An uniform text block with a unique font is suitable to provide the specific font properties necessary for the processof recognition. The proposed scheme weretested with the following fonts: Courier, Arial, Bookman Old Style, Franklin Gothic Medium, Comic Sans, Impact, Modern and Times New Roman; and their respective styles: regular, italic, bold, italic with bold. The invariant moment technique is used in …",en,8,cs.RO,False,cs.CV,cs.CV,7.352
531,"Design studies for a low-aspect-ratio, large next-generation stellarator, Advanced Toroidal Facility II (ATF-II), with high-current-density, high-field, stable NbTi/Cu helical windings are described. The design parameters are an average plasma radius of 0.52 m, a major radius of 2 m, and a field on axis of 4 to 5 T, with 10 to 15 MW of heating power. Such a device would be comparable in scope to other next-generation stellarators but would have roughly the same aspect ratio as the tokamaks without, however, the need for current drive to sustain steady-state operation. A number of low-aspect-ratio physics issues need to be addressed in the design of ATF-II, primarily compromises between high-beta capability and good confinement properties. A six-field-period Compact Torsatron is chosen as a reference design for ATF-II, and its main features and performance predictions are discussed. An integrated (beta capability …",en,9,cs.SY,False,cs.SY,cs.SY,6.95
532,"This analysis addresses the financial sustainability of Mexican public universities amidst budgetary challenges and the growth of bureaucracy [1]. It compares the economic and social impact of cutting student scholarships versus reducing administrative costs and proposes structural reforms to optimize resources, ensuring these institutions remain competitive and capable of producing professionals aligned with future needs. The research involved reviewing university budgets and resource allocation trends since 2018, along with a comparative cost-benefit analysis of scholarship cuts versus administrative reductions, based on historical data and case studies. A detailed study was also conducted on UAM and other public universities to evaluate their administrative structures and associated costs. Since 2019, public universities have not received significant budget increases, limiting their capacity for expansion and …",en,7,cs.NA,False,cs.SY,cs.SY,9.675
533,"Redistricting is the redrawing of the boundaries of legislative districts for electoral purposes in such a way that the generated districts fulfill federal and state requirements such as contiguity, population equality and compactness. Redistricting is a multi-objective problem which has been proved to be NP-hard. In Mexico, the redistricting process has been done using an aggregation function, considering a weighted sum of the objectives. However, if different weighting factors are used then a set of diverse, high quality solutions can be generated and a new problem arises: which solution should be implemented? In this paper we propose a novel alternative, called FuGA, to select the best solution for the redistricting problem using a fuzzyfication of the objective function. The proposed algorithm was applied in a real case, and its solutions were compared with those produced by VIKOR, a well-known algorithm for …",en,0,cs.AI,False,cs.SY,cs.SY,8.543
534,"To provide efficient support for collaborative writing to a community of authors is a complex and demanding task, members need to communicate, coordinate, and produce in a concerted fashion in order to obtain a final version of the documents that meets overall expectations. In this paper, we present the PIÑAS middleware, a platform that provides potential and actual collaboration spaces, as well as specific services customized to support collaborative writing on the Web. We start by introducing PIÑAS Collaborative Spaces and an extended version of Doc2U, the current tool that implements them, that integrate and structure a suite of specialized project and session services. Later, a set of services for the naming, identification, and shared management of authors, documents and resources in a replicated Web architecture is presented. Finally, a three-tier distributed architecture that organizes these services and a …",en,0,cs.AI,False,cs.SY,cs.SY,7.198
535,"The present work is dedicated to explain the development of a computational model for simulating the grain structure formed in a squared billet produced by continuous casting. During steel solidification, three different grain structures are formed as a function of the heat removal conditions. The solidification times previously calculated using a finite difference method were used as input data in order to simulate dynamically the evolution of the grain formation. Computational routines for grouping, counting and classifying have been programmed to evidence the influence of the solidification speed on the grain morphology resulted. Criterions based on solidification speed and time on mushy are used to establish the transitions zones between chill, columnar and equiaxed grains. Routines to simulate grain nucleation and growth based on chaos theory have been included to create a graphical cellular automaton on the …",en,7,cs.NA,False,cs.NA,cs.NA,6.602
536,"Emotion detection has been carried out using different channels and sensors, facial recognition being one of the most frequent. Likewise, physiological signals such as EEG, ECG, EMG, and GSR along with various artificial intelligence classification techniques, such as SVM and NN, are recurrent for this task. However, to achieve this, multiple devices are used, most are considered invasive, expensive, not very portable and require large computing capacity. Therefore, and supported by the literature that suggests that different cognitive states are reflected in behavior and body postures, this work proposes an emotional detection approach during the use of an Immersive Virtual Learning Environment (IVLE), using the information provided by the Immersive Virtual Reality (IVR) device in conjunction with data obtained during interactions and adapted self-report instruments. Since only the data extracted from the device …",en,0,cs.AI,False,cs.LG,cs.LG,5.598
537,"In Mexico the new leftist government has promised great changes as those that started with the Mexican Independence in 1810, the War of Reform in 1857 and the Mexican Revolution in 1910. It claims that this time the transformation of the country will be pacific. Some of these changes will be in education. On July 1, the Mexican President won with more than 30 million votes (53.1% of the ballots) and has very ambitious goals in education. The new Mexican President has announced the creation of one hundred single-career new universities in different parts of the country. He has also established that higher education will be obligatory in Mexico notwithstanding that the present national higher education coverage is of 38.4% and that the averaged educational level of the Mexican population is of 9.1 years. He has established that the careers in the single-career universities will be according to the specific needs of …",en,0,cs.AI,False,cs.SY,cs.SY,8.857
538,"We present a study about the Mathematics Education production in the Social Sciences Citation Index (SSCI) accessing through the Web of Science (WoS) database. We analyse the four journals specifically focused on Mathematics Education and indexed in the SSCI. We identify co-authorship patterns, diachronic production, the publication’s language and the universities’ productivity. This study has the aim to identify the international production of each country and university, as well as, to know the most important institutional collaboration networks.
The study showed a 429, 85% of production increment in 26 years, starting with 56 documents per year in the earlier stages up to 276 in the latter one. This increment rises up to 578, 94% if we only take into account research articles. The overall Latin-American production is slightly higher than the European one, which regarding international research we found atypical.",en,0,cs.AI,False,cs.IT,"[from_thinking] en cs.DS might be applicable. Or maybe cs.IT if information theory concepts were used in analyzing data flow or something, but that's a stretch.

Wait, the abstract doesn't mention any technical terms",10.369
539,"Intelligent learning systems (ILSs) have evolved in the last few years basically because of influences received from multi-agent architectures (MAs). Conflict resolution among agents has been a very important problem for multi-agent systems, with specific features in the case of ILSs. The literature shows that ILSs with cognitive or pedagogical agents are prone to arbitration methods, where as ILSs with reactive agents are much in favor of control mechanisms. For these kind of systems, different control types are proposed based on the different stimuli that these agents will receive. These stimuli are aspects to be evaluated during the teaching/learning process such as: (1) error analysis, (2) learning styles, (3) analogies, (4) social aspects, etc.
The paper reviews several ILSs, related to our work; different control mechanisms are proposed to solve the agents' intervention conflicts. Finally, the use of several …",en,0,cs.AI,False,cs.AI,cs.AI,5.724
540,"In Mexico, when students finish the Medium Level, which is the one before the Superior Level, look for Superior Educational Institutions where they can perform their professional studies. Public universities are the most requested for thousands of students who apply for a place in order to be accepted. Universidad Autonoma Metropolitana is one of the most asked institutions in Mexico, every entrance process, thousands of candidates look for a place, UAM is also recognized as one of the best universities in Mexico, however, sometimes different situations have an impact in its performance. One of these situations can be a strike, in 2019, UAM experienced the longest strike of its history, about 93 days, which in terms of the scholar calendar, represents a complete scholar period (12 weeks, almost three months). Academic activities stopped and continued after the strike finished. One of the activities interrupted was …",en,7,cs.NA,False,cs.CV,"The abstract discusses educational processes and a strike affecting academic activities but does not relate to any computer science domain.

cs.CV: No mention of vision or pattern recognition.
cs.LG: No machine learning content.
Other categories also don't fit the context.

No category applies, but since I must choose one, none are relevant. However, if forced, perhaps none, but per rules, pick the closest which is likely none. But as per instructions, I have to select one, so maybe cs.SY? No, it's about systems and control, not applicable here.

Wait, perhaps the strike could relate to systems disruption, but that's a stretch. Alternatively, since it's about educational institutions and their processes, maybe none of the CS categories fit. But according to the rules, I must choose one. The closest might be cs.SY if considering system disruptions, though it's not directly related.

But actually, none of the categories are appropriate here. However, following the examples where sometimes non-technical content is assigned a category, perhaps cs.CV or another? No, better to think again.

Wait, maybe the abstract isn't about CS at all. But since I have to choose one, perhaps it's best to say no applicable category, but",10.307
541,"Automatic validation of compositionality vs non-compositionality is a very challenging problem in NLP. A very small number of papers in literature report results in this particular problem. Recently, some new approaches have arised with respect to this particular linguistic task. One of these approaches that have called our attention is based on what authors call “lexical domain”. In this paper, we analyze the use of Pointwise Mutual Information for constructing thesauri on the fly, which can be further employed instead of dictionaries for determining whether or not a given phraseological unit is compositional or not. The experimental results carried out in this paper show that this dissimilarity measure (PMI), can effectively be used when determining compositionality of a given verbal phraseological unit. Moreover, we show that the use of thesauri improves the results obtained in comparison with those experiments …",en,0,cs.AI,False,cs.CL,cs.CL,3.808
542,"Recently, there has been a large amount of valuable information on various topics in social networks. For example, many worldwide appreciate clinical information about suffering, signs, symptoms, procedures, drugs or treatments related to diseases. However, this information needs to be more structured since it is in natural language, which makes it difficult for readers to find respected data manually. In addition, it is a tedious, expensive and time-consuming process. Clinical information of interest, such as disease names, is usually expressed in phrases, not just words. It requires computational methods based on Natural Language Processing for a phrasal textual analysis to find topics of interest from texts. Therefore, this paper presents an approach for automatic topic discovery from social media texts in Spanish about three prevalent diseases in Mexico: COVID, Diabetes, and Cancer. This approach introduces an …",en,0,cs.AI,False,cs.CL,cs.CL,7.431
543,"With the increase in the number of Web services and the value they are taking, discovery of services that meet the criteria of users becomes a major challenge. Currently the discovery process lacks of well-defined semantics, therefore it is difficult to obtain the non explicit meaning of services, such as functionality. In order to provide an accurate solution to the problem described above, in this paper we evaluate two Natural Language Processing (NLP) techniques to extract semantic information from textual descriptions of Web services: linguistic patterns and extraction rules. Both techniques are implemented and compared in order to select the best alternative to our problem. This information will be useful for enhancing semantically the discovery process of services. We implemented a simulation environment for experimentation, and designed a set of experiments to show the applicability of our solution approach …",en,0,cs.AI,False,cs.CL,cs.CL,5.175
544,"In this study, the hybrid simulation approach was adapted using the System Dynamics methodology to characterize continuous and discrete variables in the lightweight brick manufacturing process. Vensim® software was used to evaluate the effects of delays in production flows at specific time intervals, and the continuous impact of variability in the stages of the process was established. The results demonstrate that carrying out a continuous evaluation of the input flow of raw material does not impact the accumulation of material. However, when assessing the monitoring of delay times in a discrete approach, there is a direct impact on batch formation and production capacity fulfilment, resulting in an 8.54% increase. In conclusion, it is crucial to not only characterize the variables but also to assess their impact using an overarching indicator, such as production capacity, rather than focusing solely on subsequent …",en,9,cs.SY,False,cs.SY,cs.SY,6.086
545,"In this work we extend the study on the mass distribution of the spiral galaxy NGC 5278, performing 1D and 2D (GALFIT) bulge–disk decomposition to determine which components constitute the baryonic mass in this galaxy. Our analysis does not detect any bulge; instead we find a bright source probably related to the central active galactic nucleus and an exponential disk. We fix the stellar disk contribution to the rotation curve (RC) with broadband photometric observations and population synthesis models, to obtain the 2D mass distribution of the stellar disk. In the particular case of NGC 5278, we find that the typical assumption of considering the mass-to-luminosity ratio (M/L) of the disk as constant along the galactocentric radius is not valid. We also extract a baryonic RC from the mass profile to determine the inability of this baryonic RC and also the baryonic RC with more than and less than 30% disk mass (in …",en,7,cs.NA,False,cs.NA,cs.NA,7.531
546,"A novel approach to generation of geographic knowledge from robot views is presented. It is implemented in a pilot software where a virtual robot operates in a static 2D-environment. The robot sensor scans with rays an angular field of view and produces a 1D view of distances to the closest obstacle. By processing such views,‘heavy changes’ are detected to trigger switching local maps in an atlas that represents geography of the robot environment. To detect heavy changes, firstly, each plot is transformed to a string of singular points; then, in time-scale, a pair of such strings is subjected to a treatment based on application of the distance of Levenshtein, which leads to so-called Editorial Prescription (EP); a heavy change is detected if EP shows a considerable distinction between strings. This approach is applied in automatic construction of an atlas for non-Cartesian navigation, while robot explores the scene.",en,8,cs.RO,False,cs.RO,cs.RO,6.058
547,"Software design based on agents represents a new perspective for computer science and more specifically, for Artificial Intelligence. It is a new theory that has innovated the analysis, design and implementation of system software. The design of agents poses problems related with: (1) autonomous decision-making process, (2) co-ordination, (3) negotiation, and (4) handling of mental states and communication. In a reactive multi-agent system, the group of agents is subject continually to local changes. These changes are designed by means of behavior rules whose results are influenced by the behavior of the rest of the agents. The design of these rules is inspired by the biological or cognitive sciences. Particularly, the design of cognitive rules corresponds with the principle of rationality; its perspective is focused on the interaction among the agents. One of the objectives of artificial intelligence refers to the …",en,0,cs.AI,False,cs.AI,cs.AI,5.882
548,"Many electromagnetic devices operate under sinusoidal excitation, in which case a time-harmonic (TH) analysis may be applied; in particular, a TH field solution is much more economic than a time-transient field solution. Although the material nonlinearity cannot be strictly taken into account in the TH case, it determines the true operating condition of the device, together with the external circuit connections. In this paper, an efficient finite-element (FE) formulation to solve the 2D TH circuit-field (CF) problem posed by low-frequency (LF) electromagnetic devices is presented, approximately taking into account the effect of the material nonlinearity. Consideration is given to theoretical aspects that had not been previously studied: the resulting nonlinear complex equation does not possess an exact Jacobian, because one of its terms involves a nonanalytic function. This is circumvented by using pseudo-Jacobians …",en,9,cs.SY,False,cs.NA,cs.NA,6.287
549," It is increasingly common for internet users to have access to blogs and social networks, and common for them to express opinions on such sites. This research work is framed within the scope of opinion mining. Opinions allow us to measure people’s perception of a specific topic or product. Knowing the opinion that a person has towards a product or service is of great help for decision making, since it allows, between other things, that potential consumers to verify the quality of the product or service before using it. This research work is framed within the scope of opinion mining.
When the number of opinions is very large the analysis gets more complicated and generally resort to tools that allow this task to be performed automatically are sought out. The present work performs an automatic categorization of textual opinions corresponding to four products: books, DVDs, kitchens, and electronics. Both negative and …",en,0,cs.AI,False,cs.CL,cs.CL,6.072
550,"We study the algorithmic problem of optimally covering a tree with k mobile robots. The tree is known to all robots, and our goal is to assign a walk to each robot in such a way that the union of these walks covers the whole tree. We assume that the edges have the same length, and that traveling along an edge takes a unit of time. Two objective functions are considered: the cover time and the cover length. The cover time is the maximum time a robot needs to finish its assigned walk and the cover length is the sum of the lengths of all the walks. We also consider a variant in which the robots must rendezvous periodically at the same vertex in at most a certain number of moves. We show that the problem is different for the two cost functions. For the cover time minimization problem, we prove that the problem is NP-hard when k is part of the input, regardless of whether periodic rendezvous are required or not. For the …",en,4,cs.DS,False,cs.DS,cs.DS,8.264
551,"The joint influence of numerical parameters such as the number of particles N, the gravitational softening length ε and the time-step is investigated in the context of galaxy simulations. For isolated galaxy models we have performed a convergence study and estimated the numerical parameters ranges for which the relaxed models do not deviate significantly from its initial configuration. By fixing N, we calculate the range of the mean interparticle separation  along the disc radius. Uniformly spaced values of λ are used as ε in numerical tests of disc heating. We have found that in the simulations with particles λ varies by a factor of 6, and the corresponding final Toomre's parameters Q change by only about 5 per cent. By decreasing N, the λ and Q ranges broaden. Large ε and small N cause an earlier bar formation. In addition, the numerical experiments indicate, that for a given set of parameters the disc heating is …",en,7,cs.NA,False,cs.NA,cs.NA,5.536
552,"Data mining techniques used to analyze and discover data and correlations already present in databases, showed to be very reliable and useful especially when large volumes of data are processed. These techniques have been applied to many areas, such as marketing, medicine, diagnosis, business, biology, astronomy and others. In particular, astronomy requires techniques that allow the recognition or classification of astronomical objects, for example galaxies, stars or quasars, from databases that contain millions of objects. Due to this, astronomers often deal with the analysis of large amounts of data obtained from telescopes, seeking for several characteristics for their interpretation. Decision tree is one of the most used techniques in data mining because of its simplicity to explain the results. Besides, there are decision tree algorithms that work with parallel and incremental techniques, which help to process …",en,4,cs.DS,False,cs.LG,cs.LG,6.241
553,"The Mexican International Conference on Artificial Intelligence (MICAI) is a yearly international conference series that has been organized by the Mexican Society of Artificial Intelligence (SMIA) since 2000. MICAI is a major international artificial intelligence forum and the main event in the academic life of the country’s growing artificial intelligence community.
MICAI conferences publish high-quality papers in all areas of artificial intelligence and its applications. The proceedings of the previous MICAI events have been published by Springer in its Lecture Notes in Artificial Intelligence series, vol. 1793, 2313, 2972, 3789, 4293, 4827, 5317, 5845, 6437, 6438, 7094, 7095, 7629, 7630, 8265, 8266, 8856, 8857, 9413, 9414, 10061, 10062, 10632, and 10633. Since its foundation in 2000, the conference has been growing in popularity and improving in quality. The proceedings of MICAI 2018 are published in two volumes …",en,0,cs.AI,False,cs.AI,cs.AI,6.162
554,"A novel approach to generation of geographic knowledge from robot views is presented. It is implemented in a pilot software where a virtual robot operates in a static 2D-environment. The robot sensor scans with rays an angular field of view and produces a 1D view of distances to the closest obstacle. By processing such views, ‘heavy changes’ are detected to trigger switching local maps in an atlas that represents geography of the robot environment. To detect heavy changes, firstly, each plot is transformed to a string of singular points; then, in time-scale, a pair of such strings is subjected to a treatment based on application of the distance of Levenshtein, which leads to so-called Editorial Prescription (EP); a heavy change is detected if EP shows a considerable distinction between strings. This approach is applied in automatic construction of an atlas for non-Cartesian navigation, while robot explores the scene.",en,8,cs.RO,False,cs.RO,cs.RO,5.464
555,"Nowadays, the preferred devices to characterize electrochemical reactions are cells with a rotating disk electrode and by virtue of its advantages these devices are being employed to face non-traditional problems. In this system, simple analytical expressions can be used to interpret the information obtained from physical experiments. These equations assume that the velocity field near the electrode active face is in accordance with the ideal behavior described by von Kármán. In this work, the flow pattern inside the electrochemical cell is numerically reproduced by using fully three-dimensional models with one-phase and two-phases. Multiple electrode rotation speeds and several cell sizes were analyzed. It was obtained that the flow pattern inside the electrochemical cell is not symmetric and by comparing with previous works, it was shown that the liquid flow pattern around the electrode was incorrectly interpreted …",en,7,cs.NA,False,cs.NA,cs.NA,5.595
556,"In computational fluid dynamics a lot of theoretical and numerical effort is made to have a method with the ability to correctly simulate fluid-structure interaction, free surfaces, as well as evolve multiple components and phases within a system. Traditionally, commercial and open source software is based on meshes where the implementation of open boundaries and interfaces is not trivial. A particle method, the Smooth Particle Hydrodynamics (SPH), has the advantage of being mesh free and the ability to treat open surfaces. This paper presents a study of the characteristics and capacity of the GPUSPH open source software to simulate a fluid injection through a fork injector submerged in a tank. The objective of this system is to study the formation of vortices and the oscillations of the free surface in the tank, an open problem in continuous metal casting industry. A system similar to that described by and has been …",en,7,cs.NA,False,cs.NA,cs.NA,7.321
557,"Among the main benefits of service-oriented architectures is the reutilization of software components that may solve specific tasks for complex problems, requiring the composition of multiple Web services. Currently Internet is largely populated with Web services offered by different providers and published in various Web repositories. However, public available Web services still suffer from problems that have been widely discussed, such as the lack of functional semantics. This lack of semantics makes very difficult the automatic discovery and invocation of public Web services, even when the system integrator can obtain a copy of the WSDL file. This paper describes an ontological model representation of public Web service descriptions. The objective of this work is to automatically parse public Web service descriptions and represent extracted data into ontological representations. Experimental results show that the …",en,0,cs.AI,False,cs.AI,cs.AI,9.97
558,"We review the planning of higher education in Mexico in the last decades. Mexico has increased its enrolment in higher education institutions from 10 000 students in 1930 up to more than 3.733 million students in 2014. The coverage in higher education in Mexico is around 33% and the Federal Government is planning to increase it up to 40% by the year 2018. The percentage of students in public universities in Mexico decreased; in 1980 half of the students studied in public universities, currently 4/10 of the students study in public universities and 3/10 in private universities. The Mexican government does not build enough public higher education institutions. Because of that, low quality private higher education institutions have proliferated. Most of the students cannot afford to study in good quality private higher education institutions. The Federal Government does not provide constant yearly increments in funding …",en,0,cs.AI,False,cs.SY,cs.SY,9.475
559,"The species of the genus Opuntia (prickly pear) are edible cacti, native to America; its leaves, transformed into spines, make its handling difficult. In this research, we measured the area of Opuntia cladodes using 3D photographs in order to avoid the handling of the spinous plant. The proposed in situ method is ""non-destructive"", it generates immediate results, it is low cost, employs cutting edge technology, and solves the problems that occur with the leaf area measuring methods cited in the references when applied to this spinous plant. Unlike 2D images, 3D images consider the inclination and curvature of the sample to determine its area. By applying multiple linear regression, we can calculate the inclination from a sample to the center of the image. The measurement of cladodes allows us to evaluate the yield of a crop, decide the time for harvest, or survey and characterize wildlife specimens. To evaluate this …",en,7,cs.NA,False,cs.CV,cs.CV,7.069
560,"Scholar desertion is a main issue in superior educational institutions, analyzing the data of students for determining if certain patterns or behaviors can be found for determining possible cases of students which are or could be in risk for dropping their students could be very important for both, students and institutions. At Mexican Universidad Autónoma Metropolitana, each scholar period (quarter), for different purposes, is prepared the Students General File (AGA by its spanish acronym) data set that permits the analysis of historical data of students. It contains personal information, grades of each registered subject, year of admission, accumulated credits, and a state, among several other data. The state of a student can be enrolled with registered subjects, enrolled without registered subjects, not enrolled, decommissioned for six quarters not enrolled, decommissioned for more than ten years as a student, and …",en,7,cs.NA,False,cs.LG,cs.LG,7.547
561,"Currently Internet is largely populated with Web services offered by different providers and published in various Web repositories. However, public available Web services still suffer from problems that have been widely discussed, such as the lack of functional semantics. This lack of semantics makes very difficult the automatic discovery and invocation of public Web services, even when the system integrator can obtain a copy of the WSDL file. This paper describes an ontological approach for discovering similarity relations between public Web services. The objective of this work is to extract relevant data that is coded into service descriptions, calculate similarity measures between them, represent discovered similarities in an ontological form, and execute inference. Experimental results show that the overall process towards the automation of public Web services discovery based on ontology population and structural …",en,0,cs.AI,False,cs.AI,cs.AI,6.042
562,"Confinement properties of l-2 torsatron/heliotron configurations with number of toroidal field periods, M, in the range of 10 to 14 are studied. This involves the calculation of zero-current and flux-conserving equilibria; stability against Mercier modes and low-n ideal modes, with n denoting the toroidal mode number; and orbit confinement of deeply trapped energetic particles. Optimization of both mag-netohydrodynamic (MHD) and transport properties is pursued under the condition of plasma aspect ratio A = R/a ≥ 7, with R denoting the major radius and a the average plasma radius. For configurations with M ≤ 12, an average MHD beta limit of 4 to 5% is possible. The addition of a quadrupole field improves the confinement of trapped particles at zero pressure, but particle losses increase with increasing beta. This loss is less severe if the vacuum magnetic axis is shifted slightly inward. A configuration with M = 10, a …",en,7,cs.NA,False,cs.AI,"None of the provided Computer Science categories (cs.AI, cs.CL, etc.) fit this abstract as it pertains to plasma physics and magnetic confinement fusion rather than computer science topics.",6.458
563,"In this study we present scanning Fabry-Perot Hα observations of the isolated interacting galaxy pair NGC 5278/79. We derived velocity fields, various kinematic parameters and rotation curves for both galaxies. These kinematical results together with the fact that dust lanes have been detected in both galaxies, as well as the analysis of surface brightness profiles along the minor axis, allowed us to determine univocally that both components of the interacting pair are trailing spirals. We have also estimated the mass of NGC 5278 fitting its rotation curve with a disk-halo component. We have tested three different types of halo (pseudo-isothermal, Hernquist and Navarro Frenk White) and we have obtained that the rotation curve can be fitted either with a pseudo-isothermal, an Hernquist halo or a Navarro Frenk White halo component, although in the first case the amount of dark matter required is about ten times smaller …",en,7,cs.NA,False,cs.NA,cs.NA,9.256
564,"Chaotic invariants like the fractal dimensions are used to characterize non-linear time series. The fractal dimension is an important characteristic of systems, because it contains information about their geometrical structure at multiple scales. In this work, three algorithms are applied to non-linear time series: spectral analysis, rescaled range analysis and Higuchi's algorithm. The analyzed time series are associated with natural phenomena. The disturbance storm time (Dst) is a global indicator of the state of the Earth's geomagnetic activity. The time series used in this work show a self-similar behavior, which depends on the time scale of measurements. It is also observed that fractal dimensions, D, calculated with Higuchi's method may not be constant over-all time scales. This work shows that during 2001, D reaches its lowest values in March and November. The possibility that D recovers a change pattern arising …",en,7,cs.NA,False,cs.SY,cs.SY,8.236
565,"Peirce-Smith converters (PSC) are chemical reactors where copper matte reacts with air. A conventional PSC is a long horizontal cylinder where air is injected laterally into the cooper bath through submerged tuyeres. In these PSC, air is injected at high velocities to obtain an adequate mixing of the copper bath and to avoid tuyere blockage. An alternative PSC configuration uses top blowing of air accompanied by gentle nitrogen bottom stirring. In this work, the direct bottom injection of air at low inlet velocity was studied by means of transient multiphase 3D CFD numerical simulations considering three blowing conditions. The ?-? turbulence model and the volume of fluid model (VOF) were used in order to model the turbulent nature of the flow and to deal with the multiphase flow. Special attention was paid to the air bubbles formation and its effect on the copper bath mixing. The dynamic behavior of turbulent kinetic …",en,7,cs.NA,False,cs.NA,cs.NA,7.367
566,"Natural systems apply learning during the process of adaptation, as a way of developing strategies that help to succeed them in highly complex scenarios. In particular, it is said that the plans developed by natural systems are seen as a fundamental aspect in survival. Today, there is a huge interest in attempting to replicate some of their characteristics by imitating the processes of evolution and genetics in artificial systems using the very well-known ideas of evolutionary computing. For example, some models for learning adaptive process are based on the emulation of neural networks that are further evolved by the application of an evolutionary algorithm. In this work, we present the evolution of a kind of neural network that is collectible known as associative memories (AM’s) and which are considered as a practical tool for reaching learning tasks in pattern recognition problems. AM’s are complex operators, based …",en,0,cs.AI,False,cs.LG,cs.LG,5.509
567,"The MHD equilibrium and stability stellarator calculations are complex because of the intrinsic 3-D character of these configurations. The stellarator expansion can be applied to low n stability for modes which varies along field lines and is slow compared with the variation of the stellarator terms. A reduced set of MHD stellarator equations was derived by Strauss, and was implemented in different stability codes. The accuracy of the method was tested and demonstrated by comparing with 3-D stability results. The averaging method was applied to an equilibrium represented in a straight field line coordinate system. This will allow the extension of the low n stability calculations to helical axis systems and hopefully improve the accuracy of the low n stability for any type of configuration. The exact 3-D equilibrium is taken as the lowest order of the expansion, and it is assumed that this equilibrium is given in Boozer …",en,7,cs.NA,False,cs.NA,cs.NA,8.225
568,"Unsupervised learning enables classifier models to be built quickly and inexpensively in comparison with supervised approaches because the labeling task is eliminated. On the other hand, to assess the quality of a classifier, the only parameter to consider is usually accuracy, treating incorrect predictions like if they had the same importance when in reality the consequences of diagnosing a healthy patient as sick (Type I Error), or diagnosing a sick patient as healthy (Type II Error) are different. That is why, depending on the application, it is preferable to avoid a specific type of error, even if the accuracy decreases. The present work shows a model based on clustering methods that take into account Type I and II Errors to solve medical and business instances using three techniques: k-means, Spectral and Gauss. Based on representative and well-studied datasets for socioeconomic applications, the results show that …",en,0,cs.AI,False,cs.LG,cs.LG,7.028
569,"We present a kinematical study of the nearly edge-on galaxy ESO 379–006 that shows the existence of extraplanar ionized gas. With Fabry–Perot spectroscopy at Hα, we study the kinematics of ESO 379–006 using velocity maps and position–velocity diagrams parallel to the major and to the minor axis of the galaxy. We build the rotation curve of the disk and discuss the role of projection effects due to the fact of viewing this galaxy nearly edge-on. The twisting of the isovelocities in the radial velocity field of the disk of ESO 379–006 as well as the kinematical asymmetries found in some position–velocity diagrams parallel to the minor axis of the galaxy suggest the existence of deviations to circular motions in the disk that can be modeled and explained with the inclusion of a radial inflow probably generated by a bar or by spiral arms. We succeeded in detecting extraplanar diffuse ionized gas in this galaxy. At the same …",en,0,cs.AI,False,cs.NA,"The abstract discusses a kinematical study of a galaxy using spectroscopy and velocity maps, which is related to astronomy rather than computer science. None of the provided CS categories apply.

cs.NA",7.892
570,"In this paper, we derive a novel circular velocity relation for a test particle in a 3D gravitational potential applicable to every system of curvilinear coordinates, suitable to be reduced to orthogonal form. As an illustration of the potentiality of the determined circular velocity expression, we perform the rotation curves analysis of UGC 8490 and UGC 9753 and we estimate the total and dark matter mass of these two galaxies under the assumption that their respective dark matter haloes have spherical, prolate, and oblate spheroidal mass distributions. We employ stellar population synthesis models and the total H i density map to obtain the stellar and H i+He+metals rotation curves of both galaxies. The subtraction of the stellar plus gas rotation curves from the observed rotation curves of UGC 8490 and UGC 9753 generates the dark matter circular velocity curves of both galaxies. We fit the dark matter rotation curves …",en,7,cs.NA,False,cs.NA,"None of the provided Computer Science categories are relevant to this abstract, which focuses on astrophysics and galaxy dynamics.

However, since I must choose from the given options, none apply. But if forced, perhaps cs.NA (Numerical Analysis) could be a stretch due to the mathematical derivations involved, but it's not a perfect fit.

But according to the rules, I should pick the most likely category. Since there's no direct match, and considering the lack of CS content, none of the categories are appropriate. But since I have to choose one, perhaps cs.NA is the closest, though it's not ideal.

cs.NA",7.664
571,"This paper presents the design and implementation of a virtual pet with educational purposes. Because owners experience a wide range of emotions as a result of interactions with their virtual pets, the goal of this software is capture the attention of children by taking advantage of the emotional ties which form, using playtime to introduce educative elements. With this in mind, it is possible to make conscious the process whereby children are most likely to quit eating candy to achieve healthy eating habits. It models a virtual pet using Ortony, Clore and Collins’ theory as a framework to implement a cognitive structure of emotions and a Behavior Cognitive Task Analysis to elucidate the components necessary to simulate behaviors. The designed system utilizes a fuzzy cognitive map like engine inference. The latter is the product of a causal matrix that takes into account all the elements included in the behavior we want …",en,9,cs.SY,False,cs.AI,cs.AI,7.187
572,"Whit the aim more information about the student's personality, a model of reference profiles of the student's thinking style is proposed These data will be integrated into the model student component of the system (where the student's information is concentrated) ProgEst This article describes the proposal of a model of profiles that represent the student's style of thinking The style of thinking in our work is one of the aspects that we consider that affect the learning process Information about the type of motivation and locus of control present in the student forms the profile of the style of thinking: 1) learning guided by principles, 2) learning depending on the environment, 3) learning guided by commitment On the other hand, the student's learning style was related to the profile of your thinking style in order to propose and/or adapt the current didactic activities and strategies that support the student's learning",en,0,cs.AI,False,cs.SY,cs.SY,6.171
573,"This article describes the analysis, design and development of an Intelligent Learning System (ILS). The design of the ILS is based on a multi-agent architecture. This architecture includes reactive agents which represent the expertise of each of the necessary sub-skills in learning the application domain, which in the case study is structured programming. The ILS utilizes artificial intelligence techniques to implement the teaching-learning process using an inference engine based on a general didactic model. As a result, this system is termed “Intelligent Learning System with Learning Objects (ProgEst)”. ProgEst is carried out with the objective of providing the user with self-regulated learning strategies in addition to the knowledge of a determined domain. The case study includes situations related to: learning styles, knowledge domain (errors made) and affective-motivational state. The assessments shall determine: 1 …",en,0,cs.AI,False,cs.AI,cs.AI,7.62
574,"Three cylinder‐based geometries were evaluated at five different rotating speeds (ω = 20.94, 62.83, 94.25, 125.66, and 157.08 rad·s−1) to obtain the fluid flow pattern in nonsteady conditions. Two of the models were modified at the lower region, also known as tip section, by means of inverted and right truncated cone geometries, respectively. The experimental technique used a visualization cell and a Particle Imaging Velocimetry installation to obtain the vector field at the central plane of the volume. The Line Integral Convolution Method was used to obtain the fluid motion at the plane. In addition, the scalar kinetic energy and the time series were calculated to perform the normal probability plot. This procedure was used to determine the nonlinear fluid flow pattern. It was also used to identify two different flow regimens in physical and numerical results. As the rotation speed increased, the turbulent regions were …",en,7,cs.NA,False,cs.NA,cs.NA,9.253
575,"The following paper describes scenarios resulting from the application of the exercise or task the user performs in an Intelligent Learning System (ILS). The scenarios are linked to the type of error whose domain is located in structured programming. The ILS uses techniques of artificial intelligence to implement the teaching-learning process. Two representative scenarios are described. The interaction of the system is based on an inference engine. The system uses a combination of techniques from artificial intelligence, in order to create systems that give the user, in addition to knowledge in a given domain, the opportunity to acquire self-regulatory learning strategies. The study case involves scenarios that are linked to errors to associate them with styles of learning, domains of knowledge, and affective-motivational states. These assessments must determine what to explain, at what level of detail, and when to do it …",en,0,cs.AI,False,cs.AI,cs.AI,4.989
576,"Redistricting is the process of partitioning a set of basic units into a given number of larger groups for electoral purposes. These groups must follow federal and state requirements to enhance fairness and minimize the impact of manipulating boundaries for political gain. In redistricting tasks, one of the most important criteria is equal population. As a matter of fact, redistricting plans can be rejected when the population deviation exceeds predefined limits. In the literature, there are several methods to balance population among districts. However, further discussion is needed to assess the effectiveness of these strategies. In this paper, we considered two different strategies, mean deviation and overall range. Additionally, a compactness measure is included to design well‐shaped districts. In order to provide a wide set of redistricting plans that achieve good trade‐offs between mean deviation, overall range, and …",en,4,cs.DS,False,cs.DS,cs.DS,5.67
577,"This paper proposes a Markov observation based model where the transition matrix is constructed using air quality monitoring data for specific pollutant. The primary objective of this model is to analyze the corresponding stationary distributions and evaluate sceneries for the air quality impact of pollution control policies. The model is non predictive and could be applied to every pollutant included in air monitoring data. Two cases of study are presented, ozone and sulfur, over central zone of Mexico City for a seven years span from 2000 to 2006. For analysis purposes, each year were divided in two semesters. For the ozone case, the stationary distribution of both semesters shows a probability diminution of the higher ozone concentrate levels. This tendency along with increasing probabilities of medium levels has been previously observed as"" piston effect"". In the sulfur case, the first semester displays an oscillatory …",en,9,cs.SY,False,cs.SY,cs.SY,6.945
578,"There are several categories of criminal events. However, one of them is focused on people: criminal events against people. It directly affects some of the guarantee of a person or a family. These events are reported in digital media and, without neglecting, digital news media in Spanish. It is relevant to recognize criminal events against people to get useful information about the public security of citizens. Natural Language Processing has techniques that can be possible their identification. However, fine-grained linguistic analysis is required in order to carry out such task. This paper considers the enhancing the discovered patterns with linguistic information (morphological and POS categories) to recognize criminal events against people from Spanish newspapers. Six categories of criminal events are considered: killing, violation, assault, suicide, kidnapping and sexual exploitation. An experimentation is carried out …",en,0,cs.AI,False,cs.CL,cs.CL,4.833
579,"Soft skills are essential traits that companies consider for employment, including problem-solving, teamwork, and communication expertise. This paper explains how students practice these soft skills during class and analyze problems using quality control tools. The students primarily identify issues in their jobs or broader national problems that impact their lives. Working in teams of two, they choose a problem to analyze, agree on objectives and scope, and then propose the quality control tools they plan to use to analyze or solve it. During project development, other classmates can propose additional aspects to study related to the problems. To conduct a thorough analysis, students must research and analyze a vast amount of information related to the topics at hand. They are required to periodically present their progress to the class and, if proposing solutions, estimate the cost-benefit of these solutions. This paper …",en,9,cs.SY,False,cs.SY,cs.SY,7.766
580,"Online social networks provide technological support for making up virtual groups of any size, whose members share common interests and interact through the Internet. A person joins a social network not only owing to its popularity and the quality of its contents, but also thanks to the User Experience (UX) that the platform offers. A crucial factor in the growth and survival of any virtual social group is participation, which should be facilitated by suitable user tools supplied by the platform. However, this is not always the case. Anticipated User eXperience (AUX) allows knowing the idealisations, hopes, and desires of the users in a very early stage of any development. In this paper, we propose an AUX and UX evaluation method for user tools of social networks, whose goal is to improve their design, and through it, the participation of people. We tested our method by an experimental design that included the construction …",en,0,cs.AI,False,cs.SY,cs.SY,8.206
581,"The behavior of a rainwater harvesting system depends on some variables that cannot be controlled, such as rainfall, building roof size and water consumption. The selection regarding rainwater tank-size will affect the performance of the system and the cost–benefit ratio. The criterion employed for this selection is based on the need for volume-storage and typically, yield large-sized rainwater tanks, especially when the amount of rainwater is higher during rainy seasons. This article presents a methodology for modelling rainwater harvesting, storage, and water consumption, for different configurations of a set of buildings, called clusters, where all buildings collect, store and consume water. This methodology allows for analyzing with different indicators, what is the best recommended configuration and tank-sizing, based on configuration and storage ratio exhibited, thus avoiding the situation of being underutilized. The …",en,9,cs.SY,False,cs.NA,cs.NA,10.092
582,"Most individuals pursue formal education at higher education institutions, while others gain expertise through informal education. Examples of the latter include free online courses, training materials for professional certifications, professional or semi-professional activities or projects, hobbies, and on-the-job experience. Platforms like ChatGPT may become increasingly relevant for informal education in the future. While certain fields (such as medicine) require formal professional training, informally trained individuals have been able to secure high-paying jobs in other fields that require specialized knowledge and skills. In this paper, an analysis is made of the methods used to informally acquire knowledge and skills, as well as the careers that could be studied with the help of ChatGPT or similar tools in the future. Informally trained individuals are sought not only by private companies but also by government and …",en,2,cs.CR,False,cs.LG,cs.LG,5.173
583,"In this work, we present scanning Fabry–Perot (FP) Hα observations of the isolated interacting galaxy pair NGC 5278/79 obtained with the PUMA FP interferometer. We derived velocity fields and rotation curves for both galaxies. For NGC 5278 we also obtained the residual velocity map to investigate the non-circular motions, and estimated its mass by fitting the rotation curve with disk+ halo components. We test three different types of halos (pseudo-isothermal, Hernquist, and Navarro–Frenk–White) and obtain satisfactory fits to the rotation curve for all profiles. The amount of dark matter required by the pseudo-isothermal profile is about 10 times smaller than that for the other two halo distributions. Finally, our kinematical results together with the analysis of dust lane distribution and of surface brightness profiles along the minor axis allowed us to determine univocally that both components of the interacting pair are …",en,7,cs.NA,False,cs.NA,"[from_thinking]  cs.CV if they used image processing, but no, it's about galaxy observations, not images. Alternatively, cs.NA could involve numerical methods in fitting models, but it's a stretch.

I'm really unsure",10.383
584,"Higher Education Institutions (HEI) have study plans which specify the topics its students must approve for obtaining the necessary knowledge across their professional education. These programs are divided according periods of time (semesters, quarters, etc.) that compose the study plan. Ideally, if a student follows the topics per period established in a study plan, could finish its studies in the established time, however this it's not very common, so the students finished their studies in a longer period. One of the problems in HEI is that students don't finish their studies in the time established in the study plan. Many reasons can cause this phenomena, like personal, family, labor between many others, and there are several studies on effects and impact. However, it's not considered that a study plan affects the performance on student achievement, so we are interesting in studying the distribution of subjects over the …",en,0,cs.AI,False,cs.SY,"None of the provided categories directly apply to this abstract as it discusses educational systems and student performance rather than a technical or computational topic.

However, since I must choose from the given categories, none are appropriate. If forced, perhaps cs.SY (Systems and Control) could be loosely considered due to discussing system structures (study plans), but it's not a perfect fit.

But strictly speaking, none of the categories match. Since I have to pick one, maybe cs.NA or another, but honestly, this doesn't fit any category provided.

Wait, perhaps the closest is cs.SY as it deals with systems and control, which could relate to managing study plans and student progression. But I'm not confident.

Alternatively, since none of the categories are a good match, perhaps the correct response is that no category applies. However, per instructions, I must choose one.

I think the best fit might be cs.SY, but I'm uncertain.

But upon reflection, maybe it's better to say none apply, but since I have to pick, perhaps cs.NA? No, that doesn't make sense.

Alternatively, perhaps cs.LG if there's any mention of algorithms or data analysis, but the abstract doesn't indicate that.

Wait, the abstract mentions studying the distribution of subjects over time. Maybe it's about scheduling or optimization, which could relate to Data Structures and Algorithms (cs.DS). But I'm not sure",10.355
585,"The rise of digital communication systems provides an almost infinite source of information that can be useful to feed classification algorithms, so it makes use of an already categorized collection of opinions of the social network Twitter for the formation and generation of a model of classification of short texts; which aims to categorize the emotional tone found in an author’s Spanish-language digital text. In addition, linguistic, lexicographic and opinion mining computational tools are used to implement a series of methods that allow to automatically finding coincidences or orientations that allow determining the polarity of sentences and categorize them as positive, negative or neutral considering their lemmas. The results obtained from the analysis of emotions and polarity of this project, on the test phrases allow to observe a direct relationship between the categorized emotional tone and it is positive, negative or …",en,0,cs.AI,False,cs.CL,cs.CL,5.77
586,"Consider an undirected network with traversal times on its edges and a set of commodities with connection requests from sources to destinations and release dates. The non-stop disjoint trajectories problem is to find trajectories that fulfill all requests, such that the commodities never meet. In this extension to the NP-complete disjoint paths problem, trajectories must satisfy a non-stop condition, which disallows waiting at vertices or along arcs. This problem variant appears, for example, when disjoint aircraft trajectories shall be determined or in bufferless packet routing. We study the border of tractability for feasibility and optimization problems on three graph classes that are frequently used where space and time are discretized simultaneously: the path, the grid, and the mesh. We show that if all commodities have a common release date, feasibility can be decided in polynomial time on paths. For the unbounded mesh …",en,4,cs.DS,False,cs.SY,cs.SY,6.55
587,"The method of musical composition (MMC) is a metaheuristic based on sociocultural creativity systems. Within the MMC, models of social influence and social learning are used and integrated in a social network, which is composed of a set of individuals with links between them and involves a set of interaction rules. In this paper, a comparative study on the performance of the MMC with different network structures is proposed. Sixteen benchmark nonlinear optimization problems are solved, taking into account nine social topologies, which are: (a) linear, (b) tree, (c) star, (d) ring, (e) platoons, (f) von Neumann, (g) full connection, (h) random and (i) small world. In addition, the update of each topology structure was tested according to four different strategies: one static, two dynamic and one self-adaptive states. An exhaustive statistical analysis of the obtained numerical results indicates that the social dynamics has no …",en,0,cs.AI,False,cs.DS,cs.DS,8.464
588," Inverse parameterizations of length 12 orthogonal wavelet filters are presented, which allow to determine parameter values from filter coefficients. Its applicability is shown in a case of study of image processing where the optimization of five parameters is required. The parameterization of length N filters involves parameters, and it is easier to optimize shorter filters once they explore a subset of the search space. Under this approach, the optimization of length 12 filters is accelerated based on a nested optimization of length 4, 6, 8, and 10 filters by exporting the best solutions from shorter to larger filters via inverse parameterizations. Experimental results support the success of the nested optimization when exploring the search space. The conclusions are that the use of the inverse formulas accelerates the convergence and that parameterized filters provide better results as their length increases and achieve a …",en,7,cs.NA,False,cs.NA,cs.NA,7.779
589,"Educational institutions generate a lot of information about many aspects, being one of the most relevant the performance of their students in different courses, however, this data is most of the times presented in a textual or numerical way which difficult its understanding. Consider, for example, the historical registry of students in a certain group of courses, finding how the students are behaving along these ones could be a difficult task looking only the raw data. However, an appropriate graphic representation would help for finding patterns in a simpler way. For example, finding a course that it is presenting more problems to the students could be a difficult task just reviewing textual data, also, looking just numbers or percentages, sometimes does not give a clear idea of what is really happening. So, it is necessary a different approach of presenting data for its analysis. Nowadays, the amount of information that is …",en,0,cs.AI,False,cs.CV,"[from_thinking] g about graphical representations to find patterns, which could involve data visualization techniques. If those techniques are implemented using computational methods, maybe it's related to algorithms",10.307
590,"The analysis of academic data looking for patterns of interest has increased in the last years. However, this is not a simple process, especially considering the amount of data that is generated in an educative environment. With thousands of data, it is complicated searching for patterns that can simplify or improve an analysis. However, humans have an innate capacity for understanding images better than data, using this ability simplifies the process of finding patterns for its later analysis. This work shows the analysis of admission features for determining their impact in finishing or not of university studies using Educational Data Mining and Information Visualization. Results show that first approaches obtained from visualizing the data and finding patterns simplify the process of determining the effect of these features. It is also shown that a student with an older admission age is prone for not finishing their studies.",en,0,cs.AI,False,cs.DS,cs.DS,6.128
591,"English. Interest in the Sentiment Analysis task has been growing in recent years due to the importance of applications that may benefit from such kind of information. In this paper we addressed the polarity classification task of Italian tweets by using a supervised machine learning approach. We developed a set of features and used them in a machine learning system in order to decide if a tweet is subjective or objective. The polarity result itself was then used as an additional feature to determine whether a tweet contains ironical content or not. We faced the lack of resources in Italian by translating (mostly automatically) existing resources for the English language. Our model obtained good results in the SentiPolC 2014 task, being one of the best ranked systems.
Italiano. L’interesse nell’analisi automatica dei sentimentie continuamente cresciuto negli ultimi anni per via dell’importanza delle applicazioni in cui questo …",en,0,cs.AI,False,cs.LG,cs.LG,8.871
592,"Mexico stands as a country characterized with one of the richest cultural heritages and ethnical diversity, maintained for more that five centuries after the discover of the new world. General consensus, among different world institutions, exists about the important advances of the country and its contribution in the globalization process. Its entry in the OECD in 1994 and the recent 2000 democratic elections highlights important progress in the economical development of the country and the wealth of its population. However an important part of the population, mainly of non Spanish background, still suffers great amount of marginalization in different domains. After the Spanish conquest a relevant part of the indigenous population was decimated but fortunately, many important ethnical groups still remain, constituting almost ten percent of the country’s population. The objective of this paper is to present a statistical image …",en,0,cs.AI,False,cs.NA,cs.NA,9.66
593,"Trapped electron modes could play an important role in enhancing losses in a toroidal confinement device. However, no direct evidence of these instabilities has been found in such devices. The dissipative trapped electron modes [Sov. Phys. Dokl. 14, 470 (1969)] in l=2 torsatrons using the high‐n ballooning formalism and considering the full three‐dimensional geometry are studied. Using a perturbative analysis, it is found that there are toroidally localized as well as helically localized eigenfunctions in the ballooning space for these nonaxisymmetric devices. The helically localized eigenfunctions give the largest growth rates. It is shown that the helical symmetric limit gives a very good description of the helically induced modes for stellarators such as the Advanced Toroidal Facility [Fusion Technol. 10, 179 (1986)]. In this limit, the criteria for the density gradient and the temperature gradient for the existence of the …",en,7,cs.NA,False,cs.AI,"None of the provided categories (cs.AI, cs.CL, cs.CR, cs.CV, cs.DS, cs.IT, cs.LG, cs.NA, cs.RO, cs.SY) are applicable to this abstract as it pertains to plasma physics in toroidal confinement devices rather than computer science topics.

However, since the user has instructed to assign exactly one category from the given list and no other option is available, I must choose the closest possible. Since the abstract involves mathematical analysis (perturbative methods, eigenfunctions), which could relate to numerical methods or algorithms, but it's not directly a CS topic. 

Given that none of the categories fit perfectly, but considering the mention of ""criteria for density gradient and temperature gradient,"" which might involve computational modeling, I'll tentatively assign cs.NA (Numerical Analysis) as it relates to mathematical computations.

cs.NA",9.568
594,"An overview of recent experimental results from the Advanced Toroidal Facility (ATF) is presented. Beam-heated plasmas with {bar n}{sub e} of 10{sup 20} m{sup {minus}3} and {tau}{sub E}{asterisk} of {approx} 20 ms have been achieved. Thermal collapse of the plasmas is mitigated by wall conditioning and particle fueling. Confinement time scales positively with density and magnetic field, offsetting deterioration with power. Results fit the Large Helical Device (LHD) scaling and the drift wave turbulence scaling. Bootstrap currents observed during electron cyclotron heating agree with neoclassical theory in magnitude and parameter dependences. Fast reciprocating Langmuir probe measurements show that edge fluctuations in ATF have many similarities to those in the Texas Experimental Tokamak (TEXT). The location of {tilde B} instabilities has shifted outward in radius, consistent with the broader pressure profiles. 14 refs., 6 figs.",en,7,cs.NA,False,cs.SY,"The abstract discusses experimental results in plasma physics, specifically related to magnetic confinement devices. It doesn't involve any computational methods or computer science topics.

cs.SY",9.869
595,"To identify the field of velocities of a fluid, the postprocessing stage in the analysis of fluids using PIV images associates tracers in two consecutive images. Statistical methods have been used to perform this task and investigations have reported models of artificial neural networks, as well. The Self-Organized Map (SOM) model stands out for its simplicity and effectiveness, additionally to presenting areas of opportunity for exploring. The SOM model is efficient in the correlation of tracers detected in consecutive PIV images; however, the necessary operations are computationally expensive. This paper discusses the implementation of these operations on GPU to reduce the time complexity. Furthermore, the function calculating the learning factor of the original network model is too simple, and it is advisable to use one that can better adapt to the characteristics of the fluid’s motion. Thus, a proposed 3PL learning factor …",en,7,cs.NA,False,cs.DS,cs.DS,8.837
596,"This paper reviews several important techniques applied to the design of Intelligent Tutoring Systems using artificial intelligence. We analyze the different techniques related to the four components of a traditional architecture: 1) domain or expert module, 2) student model, 3) tutorial module and 4) user interface. We also explain the various types of control used in practice, including a control for reactive teaching systems. Aiding the acquisition of cognitive abilities is an important issue within the teaching-learning process. The student should not only control his own learning process, but also the way he/she does it. In other words, it is important the student regulates how and when to use a cognitive strategy as part of a learning domain, and this drive us to intelligent learning systems. The analysis is complemented with the description of some examples of intelligent tutoring systems and intelligent learning systems.",en,0,cs.AI,False,cs.AI,cs.AI,5.771
597,"In the year 1929 a German psychiatrist, named Hans Berger, demonstrated for the first time that the electric activity of the human brain was related to the person’s mental state. He also announced the possibility of registering such type of electric activities without opening the human head, i.e. non invasive procedure, and that such electric activities could be plotted on a graph. Berger called such type of registration as electroencephalogram (EEG). EEG signals research has been growing over the years due to the their increasing use to control electronic devices in all sorts of contexts. The present work developed a prototype to control a differential robot by means of EEG signals using the detection of movement intention of the right and left hand. The study covered on one hand, the analysis and design of the teleoperation system, and on the other hand, the robot tele operational tests. It is important to point out that the …",en,8,cs.RO,False,cs.RO,cs.RO,7.62
598,"Qualitative simulation (QS) is an area of artificial intelligence that represent continuos and discrete aspects like space, time and quantity with little information, and makes inferences using symbolic data to represent physical quantities. Tradicionally, QS uses a global statebased representation to represent the behavior of the system. To qualitative simulate a system, some initial values are normally given, along with qualitative differential equations (QDEs). With this information, a qualitative simulation algorithm evaluates all possible combinations of qualitative values and filters out inconsistent states considering qualitatives constraints. This is a combinational process which normally requires exponential time. In this paper, a new algorithm is described which simulates individual components independently and joins their behavioral graphs together until a global behavioral graph is obtained. This algorithm achieves …",en,0,cs.AI,False,cs.AI,cs.AI,5.699
599,"Scholar desertion is one of the aspects that most concern educational institutions, there are many studies that show many situations which can be factors that cause, in a higher or lower grade, that a student drop its studies. In Mexico, this problem results in that approximately 34% of the students drop their middle school (three years after secondary school). This work presents the use of Data Mining techniques applied to statistics of students that have or haven't concluded their middle school in Mexico. The main goal of this work is to obtain and presenting a group of models which allow to identify the main factors that cause the desertion of students at this level and based on this, take the appropriate action to prevent this situation. Based in statistical information, Data Mining techniques are applied for generating models which allow to classify and predict the possible behavior of students compared with data of other …",en,0,cs.AI,False,cs.LG,cs.LG,7.003
600,"Scholar desertion is one of the biggest problems in Mexican educative system, it is common that more than a half of the students that enter the medium level (the one before superior education) drop out their studies. There are several causes for this, some of them are personal, familiar, laboral or educative. When a student drop out their studies, it not only affects it, but all the family environment and the reasons of this failure could be seen from different perspectives. A student could have a certain vision about the aspects that affect their academic performance causing it has to drop out their studies; however, this point of view is not always the same that its parents could have. A lot of data related with this issue can be found in the National Poll about Scholar Desertion in Medium Level in Mexico, whose questions can be divided in three general categories: Personal, Laboral and Familiar. This poll was applied to more …",en,7,cs.NA,False,cs.SY,cs.SY,9.817
601,"Currently, in the Mexican Universidad Autónoma Metropolitana Azcapotzalco (UAM-A), especially in the Engineering and Basic Sciences Division, there is a problem related to the abandonment of courses. This is related to the dropping of courses, meaning that the students stop attending the classes and delivering evaluation activities, causing them to fail. It is common that students start their course and suddenly, they stop attending without any warning and there are even cases when they enroll in the course and never attend it. As professors lose (or even never had) contact with them, it is difficult to know the reasons for this. This is a problem that affects the students in different ways, it stops, or at least, slows down their progress in their studies, and can cause, due to UAM-A regulations, their official withdrawal. Considering this problem, it is important to identify the reasons that students have for abandoning their …",en,9,cs.SY,False,cs.LG,"[from_thinking] s cs.SY if they're looking at system-level issues in education, but I'm not entirely sure. Alternatively, since it's about identifying reasons and possibly using data analysis, cs.DS or cs.LG could be",10.393
602,"We present several numerical simulations of the collision of two spiral galaxies. A spiral galaxy is modelled with a spherical bulge and halo and a Freeman disc. The bulge is composed of a collisionless collection of stars; the halo is composed of a set of collisionless particles of unknown nature, we only need to know their gravitational influence and that the halo particles do not collide among them; and the disc is composed of stars only, gas or dust are not considered in this work. A bar is usually formed due to tidal effects after the first encounter of the spirals and we have found that this was the case in all the numerical experiments we did. The bar morphology is then studied during the evolution of the collision process. Here the morphology is the bar formation in the spiral discs, its geometry, i.e., minor and major axis length; and also we show how one of the collision galaxy partners change its disc geometry due to …",en,7,cs.NA,False,cs.NA,cs.NA,6.154
603,"In Mexico, students of some private universities might get better job positions than students of some public universities in their first jobs. This could be in part because students of public universities are not proficient in English, and in this globalized world that language is necessary to get a good job because many of the high paid jobs are offered by transnational companies. It could also be because students of public universities have not developed certain soft skills which are now considered necessary for many employers. Public universities should increase the teaching of English. English could be practiced daily by the students if the professors of public universities spoke it but most of these do not. The courses in some public universities are solid in mathematics, physics and engineering, and students learn to master them and some of the most brilliant students are hired regardless of deficiencies in soft skills. Soft …",en,0,cs.AI,False,cs.AI,"None of the provided categories (cs.AI, cs.CL, cs.CR, cs.CV, cs.DS, cs.IT, cs.LG, cs.NA, cs.RO, cs.SY) are relevant to this abstract, which discusses education and job prospects rather than computer science topics.

However, since I must choose one category from the list, none of them fit appropriately. But according to the rules, I need to assign exactly one category. Since it's not related to any CS area, perhaps cs.NA (Numerical Analysis) is the closest, but that still doesn't make sense. Alternatively, maybe no category fits, but since I have to choose, I'll go with cs.NA as a default.

cs.NA",7.747
604,"The attributes of a software product such as usability and accessibility are crucial, they allow the user to reach his/her goals, and additionally they give a better user experience. The first of them, usability, is oriented to satisfy the needs of the user with average capabilities and the second, accessibility is related to the users with disabilities. There is a lot of work published about web accessibility but, it is not the same case for mobile accessibility. This paper focuses on mobile accessibility guidelines, its overall aim consists of a set of unified mobile accessibility guidelines, based on guidelines such as Android, the British Broadcasting Corporation (BBC) and the World Wide Web Consortium (W3C). The method consisted of: Examine and organize the existent guidelines; find elements/components and properties/attributes related to them; verify if the guideline applies to the mobile environment then, unify guidelines if …",en,2,cs.CR,False,cs.SY,cs.SY,9.1
605,"This paper describes a new EEG pattern recognition methodology in Brain Computer Interface (BCI) field. The EEG signal is analyzed in real time looking for detection of “intents of movement”. The signal is processed at specific segments in order to classify mental tasks then a message is formulated and sent to a mobile device to execute a command. The signal analysis is carried out through eight frequency bands within the range of 0 to 32 Hz. A feature vector is conformed using histograms of gradients according to 4 orientations, subsequently the features feed a Gaussian classifier. Our methodology was tested using BCI Competition IV data sets I. For"" intents of movements"" we detect up to 95% with 0.2 associated noise, with mental task differentiation around 99%. This methodology has been tested building a prototype using an Android based mobile telephone and data gathered with an EPOC Emotive headset, showing very promising results.",en,0,cs.AI,False,cs.LG,cs.LG,6.261
606,"Form only given, as follows. In stellarators, external coil currents rather than internal currents are used to produce the confinement fields. This allows for greater flexibility in the design and operation of a stellarator. This flexibility can be exploited in a series of experiments on one device, such as the ATF. MHD stability boundaries will be tested by varying the vertical field. Access to the second stability regime has been observed in initial experiments on ATF. In this regime, the relationship between stabilization of pressure-driven modes and transport improvement can be studied. The density profile peaking factor can be varied using pellet injection in order to understand the role of eta /sub j/ modes. As an example, the ATF-TEXT collaboration on edge fluctuations will compare the levels of resistive-gradient-driven fluctuations observed in the two devices. In addition, global confinement and local transport comparisons …",en,7,cs.NA,False,cs.NA,cs.NA,8.847
607,"We present the classical Bondi accretion theory for the case of non-isothermal accretion processes onto a supermassive black hole (SMBH), including the effects of X-ray heating and the radiation force due to electron scattering and spectral lines. The radiation field is calculated by considering an optically thick, geometrically thin, standard accretion disc as the emitter of UV photons and a spherical central object as a source of X-ray emission. In our analysis, the UV emission from the accretion disc is assumed to have an angular dependence, and the X-ray radiation from the central object is assumed to be isotropic. This allows us to build streamlines in any angular direction. The influence of both types of radiation is evaluated for different flux fractions of the X-ray and UV emissions with and without the effects of spectral line driving. We find that the radiation emitted near the SMBH interacts with the infalling matter and …",en,7,cs.NA,False,cs.NA,cs.NA,7.701
608,"There exist multiple online collections and data bases of scientific articles publicly available, to take full advantage of these resources, it is necessary to process, arrange and correlate texts with respect to a classification or ontology. To achieve an efficient organization and a more relevant correlation between texts, it is necessary to use a similarity measure for short texts. However, determining the best method to calculate the similarity between texts is an arduous task, since there are many similarity measures reported in literature. Additionally, the collection of texts to which the similarity measures are applied should be considered; while some measures are useful for some types of information sources, they fail when the collection of data changes. Therefore, it is necessary to count with a method to evaluate the performance of similarity measures from a statistical perspective and in terms of the accuracy achieved by …",en,0,cs.AI,False,cs.CL,cs.CL,5.624
609,"Academic performance of students of superior educational institutions could be affected by several factors like personal, laboral or even, those related with the institution. An institution could be affected also by several factors, like internal policies, if it is a public institution, government decisions, budgets and others. It is common than laboral factors like strikes, affect the behavior of an institution, in this case, it is considered as an internal issue for the institution, but an external one for students because the strike was related to workers, not students. Mexican institution Universidad Autonoma Metropolitana (UAM) in 2019 suffered the longest strike in its history, about 93 days, which considering the scholar calendar of the institution represents a complete scholar period (almost three months). Scholar periods at UAM are composed of 12 weeks, the strike began at the beginning of the 2nd week and in that moment the …",en,7,cs.NA,False,cs.SY,cs.SY,8.701
610,"The main goal of this paper is to present a novel formal approach to the verification of cognitive task analysis (CTA), an analytic tool that has been successfully used in the design of reactive behaviours, on multi-agent architectures. To achieve this, a formal logical system is developed, whose purpose is to formally check the possible success or failure of the resulting implementation. This logic's focus is on modelling an agent's behaviour based on her goals, perceptions and actions. The article starts by giving a brief introduction to current research in reactive systems and cognitive task analysis. Simple definitions are offered of the basic concepts in these fields: agent, object, reactive behaviour, control, etc. As illustration, the paper offers the results of applying CTA to a simple model of postal delivery. Then, the syntax and semantics of the proposed logic are defined. Finally, the logic is applied to the verification of …",en,0,cs.AI,False,cs.AI,cs.AI,5.454
611,"This research work analyzes the yields of the exchange rate parities of the American dollar, Canadian dollar, Euro, and Yen; estimates the basic statistics and the α-stables; carries out the Kolmogorov–Smirnov, Anderson–Darling, and Lilliefors goodness of fit tests; estimates the self-similar exponents and carries out the t and F tests, ruling out that the series of parities are multifractal. It also estimates the confidence intervals of the exchange rate parities and concludes that the estimated α-stable distributions are more efficient than the Gaussian distribution to quantify the risks of the market, and that the series are self-similar. Through the ℵ index, we can infer the risk of the events, indicating that the parities are anti-persistent and thus have short-term memory, mean reversion, and a negative correlation with the high risk in the short and medium term. The estimation and validation of the α-stable distributions and the …",en,7,cs.NA,False,cs.IT,cs.IT,6.488
612,"A Constraint Satisfaction Problem (CSP) is defined by a set of variables X1, X2,..., Xn, and a set of constraints c1, c2,..., cm. Each variable Xi has a domain Di of possible values, and each constraint ci involves a subset of variables and specifies the allowed combinations of values for each subset. A state of the problem is defined by an assignment of values to some or all of the variables; an assignment that does not violate any constraint is called a valid assignment, and a complete assignment includes all the variables. A solution to a CSP is a complete assignment that satisfies all the constraints. The set of all possible assignments for a CSP is represented using a search tree. Algorithms differ in how they traverse the search tree to find solutions: backtracking, backjumping, conflict-directed backjumping, and so on. Different natural language processing problems that have utilized this methodology for their resolution will be presented.",en,0,cs.AI,False,cs.DS,cs.DS,6.607
613,"The use of pedagogical agents in intelligent systems applied to education is acquiring more relevance with each passing day. This paper introduces a pedagogical agent that forms part of the interface used by an intelligent learning system. The agent handles two types of interventions: cognitive and affective. The cognitive strategies are established from the different errors that a student can make within the specific domain of the system. In the case of the affective tactics, the objectives are keeping the student from feeling alone and motivating the student to stay logged on to the system, in such way that the time spent within the system is productive to the teaching-learning process. The inference mechanism for both types of interventions is discussed in detail. In summary, this mechanism is based in a conceptual framework that allows the extraction of the student’s emotions through the evaluation of the cognitive process in the specific domain.",en,0,cs.AI,False,cs.AI,cs.AI,5.709
614,"We study the decomposition of the complete graphs of odd order into trails of given lengths. A decomposition of graph G into trails is a set of its trails such that each edge belongs to one and only one of these trails. For a graph G of order s, we shall say that a decomposition of G into trails C1, C2,…, C5, is a factorization of G into trails if we can direct the edges of G in such a way that every trail becomes a directed walk and every point of G becomes the origin of one directed walk and the extremity of one directed walk.
We shall say that G is universally factorizable into trails if for every sequence of non-negative integers l1,l2,…,ls (s = |(G)) such as l1 +l2+…+ls, = E(G), there is a factorization of G into trails of lengths equal to l1, l2,…,1s. It is proved that the complete graphs of odd order are universally factorizable into trails. This result is used in another work to study the achromatic number of trees with at most one vertex of …",en,4,cs.DS,False,cs.DS,cs.DS,7.436
615,"In this paper, we present a hybrid method between the Ant System (AS) and the Harmonic Search (HS), which was used to solve vehicle routing problem with time-windows (VRP-TW). This method has been called AS-HS. In this sense, both metaheuristics are intertwined. The AS technique guides the behavior through changes in the pheromone matrix, and takes advantage of information from a number of HS executions stored in the harmonic memory (HM). In the proposed procedure, the best solutions are taken to update the pheromone level. This allows the ants to intensify in a promising region and the elements of diversity in the techniques avoid the premature convergence of the algorithm.
On the other hand, for a more efficient construction of the solutions, we took advantage of the structure of the problem that used the time window, the distance between the customers to visit and the load assigned to each vehicle as factors within the update of the pheromone level.",en,0,cs.AI,False,cs.AI,cs.AI,8.389
616,"This article addresses the issue of improving user experience while redesigning Moodle for mobile use. We propose to use UCD for redesign along with usability guidelines, visual design and mobile web best practices. Students were asked to participate in a questionnaire aimed to gather their experience as a Moodle user. Questionnaire results allows us to validate the relevance of Moodle redesign for mobile devices. We conducted a usability test. Usability testing revealed that desktop version of Moodle present several problems related to visual design, accessibility, information architecture, navigation, simplicity and consistency. We propose to document the concrete design criteria, navigation map, and specifications for the mobile version of Moodle. These documents allowed the programmer to implement Moodle for mobile use. Our finding is that using UCD along with usability guidelines, visual design and mobile web practices we can improve user experience.",en,2,cs.CR,False,cs.SY,cs.SY,7.594
617,"The studies magnetic configurations in the URAGAN-2M torsatron (the construction of it is in its final stage) make it possible to distinguish some the most specific configurations from the viewpoint of plasma confinement. The magnetic configuration in torsatron is formed by the fields of 16 toroidal field coils, l=2 helical winding with m=4 field periods, 4 pairs of compensating and 2 pairs of correcting coils. Depending on the current ratios in all coil systems the different configurations are realized. For convenient classification of configurations two parameters are used: K[sub [phi]] = B[sub [phi]h]/B[sub 0] and B[sub ]/B[sub 0], where B[sub 0] = B[sub [phi]h] + B[sub [phi]t]. Here B[sub [phi]h] and B[sub [phi]t] are the longitudinal magnetic fields of helical windings and the toroidal field coils, respectively; B[sub ] is the resulting transverse; fields are taken as the average at the major radius position R[sub 0]. (author) 4 refs., 3 figs., 1 tab.",en,9,cs.SY,False,cs.AI,"None of the provided categories (cs.AI, cs.CL, etc.) fit this abstract as it discusses magnetic configurations and plasma confinement in a physical device, not computer science topics.

But according to the rules, I must choose one category. Since there's no match, perhaps the closest is cs.NA (Numerical Analysis) if simulations are involved, but the abstract doesn't mention that. Alternatively, maybe none fit, but since I have to pick, perhaps cs.NA.

Wait, the user might expect a different approach. Maybe they think it's about data analysis or something computational? But no, it's purely experimental physics.

I think the correct category is none of them, but since I must choose, perhaps cs.NA as numerical methods could be used in simulations, though not explicitly mentioned.

Alternatively, maybe cs.CV if images are involved, but there's no mention of that either. Hmm, this is tricky. Maybe it's better to say none, but the rules require one category. Perhaps cs.NA.

But I'm not confident. Alternatively, perhaps cs.SY (Systems and Control) as it involves controlling systems with coils and parameters. That might be a stretch, but closer than others.

I think I'll go with cs.NA because numerical analysis could relate to simulations or calculations of magnetic fields.
</think>

cs.NA",9.996
618,"Different methods can be adopted in the analysis process of the supply chain in order to assess the factors involved in the production-distribution process of the final product, where material and information flows are implicated. One of these methods includes simulation tools, where efforts have been made to standardize data output [1]. Tako and Robinson [2] asserted that the dynamic system simulation is used more on a strategic level compared to the discrete event simulation, attesting its utility for decisions making and for the feedback system effect analysis.
With the aim to assess the dynamic behavior of the process of the load supply and distribution of cleaning products from a factory, a dynamic model is developed in which the cargo transport operations are analyzed from a production plan. This model takes into consideration the impact of time delays in the different stages of the process, as well as the lack of feedback with the production program.",en,9,cs.SY,False,cs.SY,cs.SY,5.213
619,"The development of question answering (QA) systems involves methods and techniques from the areas of Information Extraction (EI), Natural Language Processing (NLP), and sometimes speech recognition. A user interface that involves all these tasks requires deep development to improve the interaction between a user and a device. This paper describes a Spanish QA system for an academic domain through a multi-platform user interface. The system uses a voice query to be transformed into text. The semi-structured query is converted into SQWRL language to extract a system of ontologies from an academic domain using patterns. The answer of the ontologies is placed in templates classified according to the type of question. Finally, the answer is transformed into a voice. A method for experimentation is presented focusing on the questions asked in voice and their respective answers by experts from the academic domain in a set of 258 questions, obtaining a 92% accuracy.",en,0,cs.AI,False,cs.CL,cs.CL,5.576
620,"The Advanced Toroidal Facility (AFT) is a stellarator designed to have stable access to the second stability (or beta self- stabilization) regime, which should be reached when the deeping magnetic well, caused by an increase in the Shafranov shift with increasing beta, stabilizes pressure-driven (interchange) instabilities. During its initial operating phase, ATF was operated with magnetic islands that resulted from field errors (which have since been corrected). The resulting peaked pressure profiles actually facilitated access to the second stability regime. The highest central beta (approx.3%) achieved in the experiment is well above theoretical values (less than or equal to1.3%) for the transition to the second stability regime. Measured magnetic fluctuations decrease with increasing beta, and the pressure profiles broaden. This behavior is consistent with theoretical predictions for beta self-stabilization of resistive interchange modes. 9 refs., 8 figs.",en,7,cs.NA,False,cs.SY,cs.SY,8.957
621,"According to various authors, the surface quality of steel depends on the dynamic conditions that occur within the continuous casting mold’s upper region. The meniscus, found in that upper region, is where the solidification process begins. The liquid steel is distributed into the mold through a submerged entry nozzle (SEN). In this paper, the dynamic behavior inside the SEN is analyzed by means of physical experiments and numerical simulations. The particle imaging velocimetry technique was used to obtain the vector field in different planes and three-dimensional flow patterns inside the SEN volume. Moreover, large eddy simulation was performed, and the turbulence model results were used to understand the nonlinear flow pattern inside the SEN. Using scaled physical and numerical models, quasi-periodic behavior was observed due to the interaction of two three-dimensional vortices that move inside the SEN lower region located between the exit ports of the nozzle.",en,7,cs.NA,False,cs.NA,cs.NA,6.641
622,"Fusion devices operating in the second stability regime are very attractive because there is no limit to the amount of plasma pressure contained in the device. Second stability regime has been predicted theoretically for tokamaks and stellarators; moreover self-stabilization has been observed experimentally in the first operation of the ATF device. In this paper we try to understand the self-stabilization behavior to Mercier modes of some TJ-II configurations whose equilibria were obtained using the 3D VMEC code. The Flexible Heliac TJ-II, under construction in Spain is characterized by a high degree of flexibility: changing the ratio of currents in its two central coils, different magnetic configurations can be achieved with a wide range of parameters (0.22{le}iota/4{le}0.628, -1%{le} magnetic well {le}6%). We studied the behavior of three configurations to Mercier modes belonging to two different rotational transform 'families'. (author) 5 refs., 4 figs., 1 tab.",en,7,cs.NA,False,cs.NA,cs.NA,9.461
623,"OBJECTIVE: To identify the levels of antibiotic utilization and the resistance profiles of nosocomial bacteria, as well as the strategies to diminish resistance to antibiotics. MATERIAL AND METHODS: A descriptive, retrospective (1994-1995) study was conducted in six tertiary level hospitals in Mexico City. RESULTS: A total of 86% antibiotic resistance was observed in these hospitals. The overall consumption of antibiotics per hospital ranged between 44 and 195 Defined Daily Doses/100 day-beds. CONCLUSIONS: We identified the components to frame an integral surveillance system aimed at improving the use of antibiotics and the quality of the bacterial resistance assessment in these hospitals.",en,7,cs.NA,False,cs.DS,cs.DS,8.884
624,"The effects of the radial electric field E/sub r/ on the bootstrap current in ATF-type configurations are studied with the Drift Kinetic Equation Solver (DKES). It is found that there is a range of E/sub r/ values over which the bootstrap current does not depend on E/sub r/. The effects of E/sub r/ on the bootstrap current are due to the resonance between the parallel velocity and the poloidal E /times/ B drift. The poloidal coil system of a stellarator can be used to modify the /vert bar/B/vert bar/ spectrum and, as a consequence, change the magnitude of the bootstrap current. The addition of a small l = 1 field component to a stellarator field can cancel or reverse the direction of the bootstrap current. It is shown that currentless operation in the collisionless regime is not impaired by the bootstrap current, because the effects of the bootstrap current can be eliminated by an appropriate external coil system. These results can be tested in ATF. 15 refs., 11 figs.",en,7,cs.NA,False,cs.NA,cs.NA,9.03
625,"Associative Memories (AMs) are useful devices designed to recall output patterns from input patterns. Each input-output pair forms an association. Thus, AMs store associations among pairs of patterns. An important feature is that since its origins AMs have been manually designed. This way, during the last 50 years about 26 different models and variations have been reported. In this paper, we illustrate how new models of AMs can be automatically generated through Genetic Programming (GP) based methodology. In particular, GP provides a way to successfully facilitate the search for an AM in the form of a computer program. The efficiency of the proposal was conducted by means of two tests based on binary and real-valued patterns. The experimental results show that it is possible to automatically generate AMs that achieve good results for the selected pattern recognition problems. This opens a new research area that allows, for the first time, synthesizing new AMs to solve specific problems.",en,0,cs.AI,False,cs.LG,cs.LG,7.701
626,"Recent advances in the theory of trapped particle pressure gradient driven turbulence are summarized. A novel theory of trapped ion convective cell turbulence is presented. It is shown that nonlinear transfer to small scales occurs, and that saturation levels are not unphysically large, as previously thought. As the virulent saturation mechanism of ion Compton scattering is shown to result in weak turbulence at higher frequencies, it is thus likely that trapped ion convective cells are the major agent of tokamak transport. Fluid-like trapped electron modes at short wavelengths (k{sub {theta}} {rho}{sub i} > 1) are shown to drive an inward particle pinch. The characteristics of convective cell turbulence in flat density discharges are described, as is the stability of dissipative trapped electron modes in stellarators, with flexible magnetic field structure. The role of cross-correlations in the dynamics of multi-field models of drift wave turbulence is discussed. 32 refs., 7 figs., 1 tab.",en,7,cs.NA,False,cs.SY,"[from_thinking] stems and Control. Although the abstract discusses systems (like tokamak transport), it's more about the physical system itself rather than control theory or systems analysis in an engineering context",10.279
627,"Nowadays, a very small number of lexical resources that can be employed in the particular task of determining polarity for Spanish verbal phrases exist in literature and linguistic resource databases. Therefore, it is needed to increase efforts towards the construction of this kind of lexical resources since they will have a very positive impact when creating computational modules for the automatic understanding of Spanish language. In this paper, we present a new manual annotated corpus for the news genre, made up of sentences containing each a verbal phrase. The supervised corpus has been annotated with respect to polarity and the verbal phrase compositionality or non-compositionality, thus leading to have a very interesting lexical resource for identifying polarity in Spanish verbal phrases, so as to determine whether or not a given verbal phrase has a figurative or literal meaning. In addition, we present a lexicon of verbal phrases which indicates the estimate of it to be compositional.",en,0,cs.AI,False,cs.CL,cs.CL,4.496
628,"Machine learning (ML) techniques have been used to classify cancer types to support physicians in the diagnosis of a disease. Usually, these models are based on structured data obtained from clinical databases. However valuable information given as clinical notes included in patient records are not used frequently. In this paper, an approach to obtain information from clinical notes, based on Natural Language Processing techniques and Paragraph Vectors algorithm is presented. Moreover, Machine Learning models for classification of liver, breast and lung cancer patients are used. Also, a comparison and evaluation process of chosen ML models with varying parameters were conducted to obtain the best one. The ML algorithms chosen are Support Vector Machines (SVM) and Multi-Layer Perceptron (MLP). Results obtained are promising and they show the best model for classification is the MLP model with a precision 0.89 and f1-score 0.87, although the difference in precision between models is minimal (0.02).",en,0,cs.AI,False,cs.LG,cs.LG,6.649
629,"High school institutions are very demanded, thousands of students desire entering to them and universities are looking for the best candidates considering several criteria like admission tests, former level average or extra curricular activities. Educational Data Mining is a branch of Data Mining which processing a lot of educative data, allows finding interesting patterns which allow taking decisions for solving or improving educative aspects. This work presents the use of Data Mining Association Rules technique for finding rules related with students preadmission characteristics and their first scholar year performance. Goal of the paper is analyzing if using as single criteria the highest mark in an admission test allows the Mexican Autonomous Metropolitan University choosing students which will have the best performance. Results show that even if admission test mark is relevant, there exist other factors, specially the former level average, which should be considered in the admission process.",en,0,cs.AI,False,cs.DS,cs.DS,7.223
630,"the absorbed ionizing radiation outside of the permissible limits, can cause biological damages e, therefore it must necessarily be monitored. The dosimetry thermoluminescent is a technique very used to detect expositions in operators, therefore they are sensible crystals the ionizing radiation and allows to evaluate if the dose of radiation is or not below of the restriction levels. In scientific literature many information do not exist on the exposition of a medical veterinarian, with this do not have many data of the individual monitoração of these workers, becoming the work it important for posterior studies. Ahead of this, it was carried through measured of the doses, using the termoluminescences dosemeters LiF: Mg, Cu, P (TLD-100H) in the position of the crystalline lens, thyroid, hand and thorax, in three clinics of radiology veterinary medicine, different, having the objective to determine the dose distribution that the workers of radiology veterinary medicine are submitted in one day of work.",en,9,cs.SY,False,cs.NA,cs.NA,10.081
631,"The influence of surface bulges and cavities within metals is an important metallurgical-mechanical problem that has not been fully solved and motivates multiple discussions. This is not only related to the generation of interfaces, but also to the distribution of alloying components and elements. In this study, Laplace’s equation was used to develop a set of equations to describe these kinds of defects in plates, which arise during the development of metallurgical processes, and this can be used for the prediction of pipeline failures subjected to internal pressure. In addition, the stability conditions of a cavity under an internal pressure are analyzed. The developed method allows to identify the stress state in the generation of the cavity and its propagation. In addition to this, finite element analyses were carried out in order to show first the stress distribution around a cavity subjected to a series of theoretical operation conditions and second to show the crack growth on the tip of the cavity.",en,7,cs.NA,False,cs.NA,cs.NA,8.149
632,"Design studies for a low-aspect-ratio, large next-generation stellarator, ATF-II, with high-current-density, high-field, stable NbTi/Cu helical windings are described. The design parameters are an average plasma radius of 0.52 m, a major radius of 2 m, and a field on axis of 4-5 T, with 10 to 15 MW of heating power. Such a device would be comparable in scope to other next-generation stellarators but would have roughly the same aspect ratio as the tokamaks without, however, the need for current drive to sustain steady-state operation. A number of low-aspect-ratio physics issues need to be addressed in the design of ATF-II, primarily compromises between high-beta capability and good confinement properties. A six-field-period Compact Torsatron is chosen as a reference design for ATF-II, and its main features and performance predictions are discussed. An integrated (beta capability and confinement) optimization approach and optimization of superconducting windings are also discussed. 36 refs., 13 figs., 2 tabs.",en,9,cs.SY,False,cs.NA,cs.NA,7.752
633,"The investigation determined the location to build a graphite commercial warehouse (GCW), derived from the fact that the only place of production of the input is the state of Sonora, the above complicates satisfying the internal and external market of consumers due to the times and the distances. The methodology applied to determine the location for the construction of the warehouse was by means of a macro and micro analysis of location, both contemplate the diagnosis of variables through the methods of critical factors and center of gravity. The results allowed obtaining the order of alternatives for the GCW are Querétaro, followed by San Luis Potosí, Guanajuato, Tamaulipas, Aguascalientes, and Durango. The conclusion is that the GCW must be built in the location of georeferenced coordinates (20 ° 49´40.32 ""N, 100 ° 18´32.38"" W) or its equivalent (20.827, -100.308), specifically in the municipality of Marquez for have optimal communication channels and be a strategic point for the distribution of the product.",en,9,cs.SY,False,cs.SY,cs.SY,7.479
634,"Verbal Phraseological Units are expressions made up of two or more words in which at least one of these words is a verb that plays the role of the predicate. Their main attribute is that this form of expression has taken on a more specific meaning than the expression itself. The automatic recognition of this type of linguistic structures is a very important task, since they are the standard way of expressing a concept or idea. This paper describes the outgoing advances of a PhD research work in which it is attempted to construe a methodology which allows to automatically identify these linguistic structures for the Mexican Spanish language. It is presented a set of hypotheses which will allow to produce novel proposals in the way of automatically identifying a verbal phraseological unit in a raw text. Additionally, we have presented experiments carried out in this sense, for example, by employing machine learning methods. Finally, we show a lexical resource which is product of the current advances in this PhD thesis.",en,0,cs.AI,False,cs.CL,cs.CL,5.359
635,"This paper presents an exploring analysis of the research activity of a country using ISI web of Science Collection. We decided to focus the work on Mexican research in computer science. The aim of this text mining work is to extract the main direction in this scientific field. The focal exploring axe is: clustering. We have done two folds analysis: the first one on frequency representation of the extracted terms, and the second, much larger and difficult, on mining the document representations with the aim of finding clusters of documents, using the most used terms in the title. The cluster algorithms applied were hierarchical, kmeans, DIANA, SOM, SOTA, PAM, AGNES and model. Experiments with different number of terms and with the complete dataset were realized, but results were not satisfactory. We conclude that the best model for this type of analysis is model based, because it gives a better classification, but still it needs better performance algorithms. Results show that very few areas are developed by Mexicans.",en,0,cs.AI,False,cs.LG,cs.LG,5.612
636,"The interfaces have gradually become important because they are a conjectural point to achieve antropoformization of the spaces used by humans. Under this perspective, it is essential to have a certain degree of intelligence that allows autonomy during decision-making. Now, the interfaces appear in our lives being able of certain intimacy; this implies an implicit knowledge; even if it is a general form of human behavior and its vulnerability to certain events. This article presents a first version of what is intended to be the inference engine of an interface for an autonomous car. The mental models that represent the conducts of the interface are designed, which will be responsible for the continuous monitoring of the environment. The interface will make a decision considering its affects, that is, what does the interface feel as a conscious part within a context, in the case of study driving a car. In order to achieve this, is used a methodology that allows to take into account the emotions within a cognitive model.",en,0,cs.AI,False,cs.AI,cs.AI,5.958
637,"In this paper we describe an ontology model that was designed and implemented to represent academic and institutional contexts related with a research center in Mexico City. The ontology model aims at supporting logicbased query answering and reasoning regarding contexts such as geographical areas, time, persons, libraries, cultural and academic events, teaching and tutoring schedules. The type of questions that the ontology model is capable of answering range from academic issues such as tutoring and thesis supervision; those concerning the location of people, libraries, buildings, roads; those regarding time such as class schedules, event schedules; and even those about the food menu offered at the cafeteria of the institution. In order to evaluate the ontology model, a set of competency questions were translated into SQWRL rule-based query language. Results of queries show the feasibility of using ontological models as the supporting technology to implement ubiquitous and pervasive systems for academic environments.",en,0,cs.AI,False,cs.AI,cs.AI,4.64
638,Some of the most recent technologies that improves the performance in continuous casting process has installed infrastructure outside the mold to modify the natural fluid flow pattern to obtain a quasi-steady condition and promote a uniform solidified shell of steel. The submerged entry nozzle distributes the liquid steel in the mold and can be used to obtain the flow symmetry condition with external geometry improvements. The fluid flow conditioners were located near the outlet ports of the nozzle. The aim of the modifiers is to impose a pseudo symmetric pattern in the upper zone of the mold by inhibiting the fluid exchange between the zones created by conditioners. This work evaluates the effect of the thickness and length of the fluid-flow modifiers on the overall performance of the submerged nozzle. These properties of the fluid-flow modifiers were normalized based on two of the geometric dimensions of the standard equipment. Numerical and physical simulations suggest that the flow modifier should be as thin as possible.,en,7,cs.NA,False,cs.NA,cs.NA,7.386
639,"The four-field-period device TJ-II has a major radius of 1.5 m and an average plasma radius of 0.10--0.25 m, with a typical plasma aspect ratio A{sub P} of 10. In the infinite aspect ratio, helically symmetric limit, the region of the stability to low-n modes has been shown to extend to average betas of at least 40%, for a relatively highly indented plasma. It is possible to approximate the helically symmetric limit from the actual TJ-II parameters increasing the number of toroidal periods N{sub T} and choosing the major radius R{sub O} such as to obtain a constant helical pitch h = N{sub T}/R{sub O}. In this way the aspect ratio per period is fixed. In this work we analyze a shear-less TJ-II configuration with a rotational transform per period of 0.36 and a vacuum magnetic well of 3.5%. By taking for N{sub T} the values N{sub T} = 3, 4, 5, 8, 10, 11, 12, 19 and 100 a sequence of equilibria is generated. These equilibria are calculated with the fixed boundary version of the VMEC code. The Mercier stability properties are then analyzed.",en,7,cs.NA,False,cs.SY,cs.SY,9.363
640,"The two-volume set LNAI 8265 and LNAI 8266 constitutes the proceedings of the 12th Mexican International Conference on Artificial Intelligence, MICAI 2013, held in Mexico City, Mexico, in November 2013. The total of 85 papers presented in these proceedings were carefully reviewed and selected from 284 submissions. The first volume deals with advances in artificial intelligence and its applications and is structured in the following five sections: logic and reasoning; knowledge-based systems and multi-agent systems; natural language processing; machine translation and bioinformatics and medical applications. The second volume deals with advances in soft computing and its applications and is structured in the following eight sections: evolutionary and nature-inspired metaheuristic algorithms; neural networks and hybrid intelligent systems; fuzzy systems; machine learning and pattern recognition; data mining; computer vision and image processing; robotics, planning and scheduling and emotion detection, sentiment analysis and opinion mining.",en,0,cs.AI,False,cs.AI,cs.AI,6.097
641,"The two-volume set LNAI 8265 and LNAI 8266 constitutes the proceedings of the 12th Mexican International Conference on Artificial Intelligence, MICAI 2013, held in Mexico City, Mexico, in November 2013. The total of 85 papers presented in these proceedings were carefully reviewed and selected from 284 submissions. The first volume deals with advances in artificial intelligence and its applications and is structured in the following five sections: logic and reasoning; knowledge-based systems and multi-agent systems; natural language processing; machine translation; and bioinformatics and medical applications. The second volume deals with advances in soft computing and its applications and is structured in the following eight sections: evolutionary and nature-inspired metaheuristic algorithms; neural networks and hybrid intelligent systems; fuzzy systems; machine learning and pattern recognition; data mining; computer vision and image processing; robotics, planning and scheduling and emotion detection, sentiment analysis and opinion mining.",en,0,cs.AI,False,cs.AI,cs.AI,6.344
642,"Violent behavior in our society has been studied from many points of view, yet many cause-effect relations remain unexplained. Security personnel are normally trained to be alert and recognize potential violent behavior, but they cannot be 100% effective in recognizing it due to the monotonous nature of their job. This paper presents the first results of a work in progress detecting violence from the analysis of words in conversations. We used a set of videos with two person conversations in Spanish and classified them as violent and non violent. The audio of the conversations was extracted and converted to text. We used “Ward”,“K-means” and “PAM”(clValid, 2014) to group words, performing a clValid analysis we found that the hierarchical technique was the best. The percentages of frequency were computed for each term and the SVM (Meyer, 2014) technique was applied, from which we found that there were unclassifiable terms. In three of the tests the prediction was erroneous and in another three we obtained good predictions with respect to the test set.",en,2,cs.CR,False,cs.CL,cs.CL,6.258
643,"Verbal Phraseological Units are phrases made up of two or more words in which at least one of the words is a verb that plays the role of the predicate. One of the characteristics of this type of expression is that its global meaning rarely can be deduced from the meaning of its components. The automatic recognition of this type of linguistic structures is a very important task, since they are a standard way of expressing a concept or idea. In this paper we present the results obtained when different supervised machine learning methods are employed for determining whether or not a verbal phraseological unit is present in a given story of a newspaper. The experiments have been carried out using a supervised corpus of news stories (written in Mexican Spanish). Beside the results obtained in the experiments aforementioned, we provide access to a new lexicon having phrases as entries (instead of single words), in which each entry is associated to a real value (normalized between zero and one) indicating its probability of being a verbal phraseological unit.",en,0,cs.AI,False,cs.LG,cs.LG,5.629
644,"A novel morphing activation function is proposed, motivated by the wavelet theory and the use of wavelets as activation functions. Morphing refers to the gradual change of shape to mimic several apparently unrelated activation functions. The shape is controlled by the fractional order derivative, which is a trainable parameter to be optimized in the neural network learning process. Given the morphing activation function, and taking only integer-order derivatives, efficient piecewise polynomial versions of several existing activation functions are obtained. Experiments show that the performance of polynomial versions PolySigmoid, PolySoftplus, PolyGeLU, PolySwish, and PolyMish is similar or better than their counterparts Sigmoid, Softplus, GeLU, Swish, and Mish. Furthermore, it is possible to learn the best shape from the data by optimizing the fractional-order derivative with gradient descent algorithms, leading to the study of a more general formula based on fractional calculus to build and adapt activation functions with properties useful in machine learning.",en,7,cs.NA,False,cs.LG,cs.LG,7.398
645,"In this paper we test the purchasing power parity principle (PPP) with a sample of 17 Latin American countries and data from 1960 to 2016. For this purpose, we used two relatively new panel tests proposed by Pesaran (2007) and Hadri and Rao (2008). The first test allows the PPP to be tested on all possible pairs of real exchange rates of the currencies belonging to the countries studied herein. The second test allows us to identify the type of PPP hypothesis that characterizes each country’s bilateral real exchange rate vis-à-vis the US dollar. This latter test takes into account that the series in the panel may contain a breakpoint or structural break and show cross-section dependency, that residuals are serially correlated, and that structural breaks can have diverse forms for each bilateral real exchange rate. Results from the Pesaran (2007) test suggest that the PPP is fulfilled for all possible pairs of real exchange rates studied here. In addition, the results of the Hadri and Rao (2008) test validate distinct versions of the PPP for countries in the region.",en,7,cs.NA,False,cs.NA,"[from_thinking] antic image segmentation, it went to cs.CV. In this case, since there's no mention of any computer science topic, perhaps none fit, but I have to choose one. Maybe cs.NA is the closest because they're",10.438
646,"Urban landfill leachates are characterized by high ammonium concentrations, high amounts of organic matter with very low biodegradable fraction and high salinity. Treatments based on a partial biological autotrophic oxidation of ammonium to nitrite (PANI-SBR process), followed by an autotrophic anaerobic ammonium oxidation via nitrite (Anammox process), were studied as a more sustainable and cheaper alternative for the nitrogen removal from urban landfill leachates. After that, thermal drying treatment using biogas as an energy source was applied in order to keep all the salinity in the dry powder produced. This innovative biological treatment allowed the reduction of 98% of initial ammonium from leachate. Then, after drying the effluent obtained from this process, the full process showed an environmental cost reduction of 48% in relation with conventional processes. Both combined technologies, PANI-SBR-ANAMMOX with THERMAL DRYING, represent a technical, economical and environmental alternative for leachate treatment with important advantages of present treatments.",en,9,cs.SY,False,cs.NA,cs.NA,8.741
647,"This article describes the analysis, design and development of an Intelligent Learning System (ILS). The design of the ILS is based on a multi-agent architecture. This architecture includes reactive agents which represent the expertise of each of the necessary sub-skills in learning the application domain, which in the study case is structured programming. The ILS utilizes artificial intelligence techniques to implement the teaching-learning process using an inference engine based on a general didactic model. As a result, this system is termed as Intelligent Learning System with Learning Objects (ProgEst). ProgEst is carried out with the objective of providing the user with self-regulated learning strategies in addition to the knowledge of a determined domain. The case study includes situations related to: learning styles, knowledge domain (errors made) and affective-motivational state. The assessments shall determine: 1) what is to be explained, 2) level of detail and timing, 3) how and when to interrupt the student, and 4) the information to provide during the interaction.",en,0,cs.AI,False,cs.AI,cs.AI,5.376
648,"In low-collisionality plasmas confined in tokamaks and stellarators, instabilities driven by particles trapped in inhomogeneities of the magnetic fields could be important in increasing plasma transport coefficients. In the Advanced Toroidal Facility (ATF), an {ell} = 2, M = 12 field-period stellarator device with major radius R = 2.1 m, average plasma minor radius a = 0.27 m, central and edge rotational transforms {chi}{sub 0} {approx} 0.3, {chi}{sub a} {approx} 1, the effects of electron trapping in the helical stellarator field are expected to be important in plasmas with {bar n}{sub e} {approx} 5 {times} 10{sup 12} cm{sup {minus}3}, T{sub e0} {approx} 1 keV. Such plasmas have already been sustained for long-pulses (20 s) using 150--400 kW of 53.2-GHz ECH power at B = 0.95 T. Transport analysis shows that for {rho} = r/a {le} 1/3, the electron anomalous transport is {le}10 times the neoclassical value, while at {rho} = 2/3 it is 10--100 times neoclassical; this is compatible with expectations for transport enhancement due to dissipative trapped-electron modes. 4 refs., 3 figs.",en,9,cs.SY,False,cs.AI,"None of the provided categories (cs.AI, cs.CL, etc.) apply as the abstract discusses plasma physics and magnetic confinement devices, which falls outside the scope of computer science.",7.284
649,"During the construction and development of graphical interfaces, it is important to decide among a huge number of possible feedbacks (colors, sounds, etc.) with graphical variants (circular or rectangular shapes) and graphical behaviors (Close-and X-Button in title-bar eg to close a window). In this paper, the results of a long-term experiment comparing mouse-and touch-based interaction are presented. The aim of this work is to compare design variables of interaction in order to explore the influence of these variables on the interactions performance. The obtained results, for mouse interaction, reveal that only one studied design variable (clicking or not when reaching a target) is independent from target size. Color feedback showed to have negative influence for large objects and positive influence for small objects. For small targets circle-shaped targets and sound feedback proved to be negative, on the contrary to touch interaction. Here sound feedback saves for small objects 14.5% of interaction time. Finally the best results obtained are condensed to simple to apply design rules.",en,0,cs.AI,False,cs.SY,cs.SY,8.9
650,"The flow patterns prevailing at the free-surface in a water model of a slab continuous casting mold using several water flow rates and entry nozzle submergence depths are experimentally and numerically studied in this work. The experimental study was carried out using an one-third scale cold water model, constructed in accordance with the Froude similarity criterion. Water level measurements were carried out with ultrasonic distance sensors and recorded in a computer. Numerical simulations were made with a commercial computational fluid dynamics software. It was found that free-surface oscillations are composed by several periodic components. There exists a fundamental periodic frequency of 1.2 Hz. Besides, there exist two other frequencies of 1.8 and 2.1 Hz whose contribution to the free surface dynamic behavior depend on the spatial position and on the process parameters, namely, the volumetric flow rate and the submerged entry nozzle (SEN) submergence depth. In accordance with the obtained results, several recommendations about operating policies of actual industrial casters are made.",en,7,cs.NA,False,cs.NA,cs.NA,8.05
651,"Emotions play an important role in the decision making process, as coherent behavior is impossible if they are not considered as a basic element in that process. In this paper we develop a cognitive model that takes into consideration the emotions of a fighter pilot and how they relate to specific behavioral actions of the Red Baron in combat situations. To accomplish this we follow a procedure in order to get a cognitive model. We implement a cognitive structure of emotions based on the theory of Ortony, Clore, and Collins, in order to create the emotional model. Finally, the two models, cognitive and emotional, are combined in a single model, which we will call the EmoCog model. In the last part, we present a representation of knowledge using fuzzy cognitive maps. This representation permits a validation of the EmoCog model, using hypothetical scenarios that simulate the Red Baron’s behavior in combat situations. The principal goal is get a model that can include emotions like part of the environment evaluation. Later make possible the inclusion of emotions in the decision making-process.",en,0,cs.AI,False,cs.AI,cs.AI,7.643
652,"Studies of energy confinement and bootstrap current are described, with emphasis on the role of magnetic configuration control in transport studies in the ATF torsatron. Long pulse plasma operation up to 12 s has been achieved with electron cyclotron heating (ECH). With neutral beam injection power of≥ 1 MW, global energy confinement times of 25 ms have been obtained with line average densities up to 1.2× 1020 m³. Energy confinement in ATF is roughly the same as that in tokamaks of similar size and field. Favourable density and field dependences offset an unfavourable power dependence. The empirical scaling observed is similar to gyro-reduced Bohm scaling. The toroidal current measured in ECH-only discharges is identified as bootstrap current. The observed currents agree well with predictions of neoclassical theory in magnitude and parametric dependence, as determined by systematic scans of quadrupole (shaping) and dipole (magnetic axis shift) moments of the poloidal magnetic field. Plasma transport responds to variations of the magnetic configuration and is compared with theoretical models.",en,9,cs.SY,False,cs.LG,"[from_thinking] egory is cs.CV or cs.LG if there are any image processing or machine learning aspects, but again, nothing in the abstract suggests that.

Wait, perhaps I'm overcomplicating. The user might have made a",10.562
653,"Abstract The Multidimensional Assignment Problem (MAP) is a natural extension of the well-known assignment problem. The most studied case of the MAP is the 3-dimensional Assignment Problem (3AP), though in recent years some local search heuristics and a memetic algorithm were proposed for the general case. Until now, a memetic algorithm has been proven to be the best-known option to solve MAP instances and it uses some procedures called dimensionwise variation heuristics as part of the improvement of individuals. We propose a new local search heuristic, based on ideas from dimensionwise variation heuristics, which consider a bigger space of neighborhoods, providing higher quality solutions for the MAP. Our main contribution is a generalization of several local search heuristics known from the literature, the conceptualization of a new one, and the application of exact techniques to find local optimum solutions at its neighborhoods. The results of computational evaluation show how our heuristic outperforms the previous local search heuristics and its competitiveness against a state-of-the-art memetic algorithm.",en,4,cs.DS,False,cs.DS,cs.DS,8.353
654,"Within cognitive science we are looking to figure out how the mind works. With this objective, cognitive scientists have developed an impressive variety of empirical methods that encompass studies that use observations and data correlation; experimentation with humans and animals; case studies of patients with brain damage; physiological records; and more recently, neuro-imaging techniques. We here are interested in using models that allow us to improve cognition knowledge. This work develops the design of a behavior involving a methodology that allows us to build a cognitive model that also takes into consideration the cognitive structure of emotions. The case of study is about the complex stockbrokers (traders) behavior and by extension the relation between senior and junior, including the emotions. The use of ad-hoc graphics allows us to visualize the relationship between the two behaviors belonging to the two levels of expertise, and the impact that emotions have on them. The above in order to visualize and formalize the possible next state of behavior of a trader Sr., through a behavioral pattern of emotions.",en,0,cs.AI,False,cs.AI,cs.AI,9.939
655,"The pandemic caused by the SARS-CoV-2 virus has generated numerous scientific texts on the subject, including symptoms, drugs, treatments, and vaccines. These documents are written in natural language and lack a computer-processable structure, which causes a tedious and time-consuming manual analysis. Thus, Information Retrieval (IR) approaches are increasingly necessary to analyse Spanish scientific texts. Therefore, this paper presents approaches based on text analysis levels to retrieve relevant documents about COVID-19 from the Spanish literature. The approaches include preprocessing scientific texts, recovering relevant documents using text analysis levels (probabilistic, similarity, and semantic), and an evaluation process. The main aim of the approaches is to rank the scientific documents considering their relevance to the input question. The evaluation task is done with 100 COVID-19 questions and a dataset of 249,000 scientific texts in Spanish. The results show that the probabilistic approach achieved an F-measure of 85%, supported by document filtering using the Latent Dirichlet Allocation (LDA) algorithm.",en,0,cs.AI,False,cs.CL,cs.CL,5.692
656,"Confinement properties of l= 2 torsatron/heliotron configurations with number of toroidal field periods, M, in the range 10 to 14 are studied. This involves the calculation of zero-current and flux conserving equilibria; stability against Mercier modes and low-n ideal modes, with n denoting the toroidal mode number; and orbit confinement of deeply trapped energetic particles. Optimization of both magnetohydrodynamic (MHD) and transport properties is pursued under the condition of plasma aspect ratio A= R/a≥ 7, with R the major radius and a the average plasma radius. For configurations with M≤ 12, an average MHD beta limit of 4% to 5% is possible. The addition of a quadrupole field improves the confinement of trapped particles at zero pressure, but particle losses increase with increasing beta. This loss is less severe if the vacuum magnetic axis is shifted slightly inward. A configuration with M= 10, a coil pitch parameter pc in the range 1.25 to 1.30, and an added quadrupole field satisfies the beta and energetic particle confinement requirements for the next generation of large torsatron/heliotron devices.(author)",en,9,cs.SY,False,cs.AI,"None of the provided Computer Science categories (cs.AI, cs.CL, etc.) apply here as the abstract discusses plasma physics and magnetic confinement devices, which is outside the scope of CS.",7.255
657,"Many quality problems that originate during continuous casting can be directly attributed to poor control of fluid flow conditions, fluctuations on flow rate from the ladle into the mold cavity and changes on nozzle exit port flow patterns. The objective of this study is to characterize the dynamical behavior of the mold Submerged Entry Nozzle (SEN) based on computational models. The numerical results validation was performed by direct comparison with experimental data. A commercial code based on the finite volume method was used to solve this problem. The Large Eddy Simulation (LES) turbulence model was used in this work. It was observed that numerical solution is sensible to variations on solution method parameters and modifications of the nozzle bottom geometry. For instance, when the gradient calculation was based on the cell, the solution converges to a stable stationary point. On the other hand, when the gradient calculation was based on the node, the solution converges to a limit cycle. Additionally, it was observed that slight variations in the nozzle pool geometry leads to different mold entrance flow patterns.",en,7,cs.NA,False,cs.NA,cs.NA,7.149
658,"The technology of power electronic systems has diversified into industrial, commercial, and residential areas. Developing a strategy to improve the performance of the electrical energy of an electric vehicle (EV) requires an analysis of the model that describes it. EVs are complex mechatronic systems described by nonlinear models and, therefore, its study is not an easy task. It can improve the performance of a battery bank by creating new batteries that allow for greater storage or by developing a management energy system. This article shows the development of a power supply management system based on fuzzy logic for an electric vehicle, in order to minimize the total energy consumption and optimize the battery bank. The experimental result is shown using the fuzzy controller under standard operating conditions. An increase in battery performance and overall performance of energy consumption is shown. Speed signals acquired show improvements in some dynamic, such as overshoot, settling time, and steady-state error parameters. It is shown that this fuzzy controller increases the overall energy efficiency of the vehicle.",en,9,cs.SY,False,cs.SY,cs.SY,7.339
659,"This research work analyzes the yields of the exchange rate parities of the American dollar, Canadian dollar, Euro, and Yen; estimates the basic statistics and the a-stables; carries out the Kolmogorov–Smirnov, Anderson–Darling, and Lilliefors goodness of fit tests; estimates the self-similar exponents and carries out the t and F tests, ruling out that the series of parities are multifractal. It also estimates the confidence intervals of the exchange rate parities and concludes that the estimated a-stable distributions are more efficient than the Gaussian distribution to quantify the risks of the market, and that the series are self-similar. Through the index, we can infer the risk of the events, indicating that the parities are anti-persistent and thus have short-term memory, mean reversion, and a negative correlation with the high risk in the short and medium term. The estimation and validation of the a-stable distributions and the self-similar exponent are important in the evaluation and creation of innovative investment instruments through financial engineering, risk administration, and the evaluation of derived products.",en,7,cs.NA,False,cs.NA,cs.NA,10.065
660,"Engineers make things, make things work, and make things work better and easier. This kind of knowledge is crucial for innovation, and much of the explicit knowledge developed by engineers is embodied in scientific publications. In this paper, we analyze the evolution of publications and citations in Engineering in a middle-income country such as Mexico. Using a database of all Mexican publications in Web of Science from 2004 to 2017, we explore the characteristics of publications that tend to have the greatest impact; this is the highest number of citations. Among the variables studied are the type of collaboration (no collaboration, domestic, bilateral, or multilateral), the number of coauthors and countries, the language of the article, controlling for a coauthor from the USA and the affiliation institution of the Mexican author (s). Our results emphasize the overall importance of joint international efforts and suggest that publications with the highest number of citations are those with multinational collaboration (coauthors from three or more countries), written in English, and when one of the coauthors is from the USA.",en,0,cs.AI,False,cs.LG,"[from_thinking] LG might be involved if they used algorithms for analysis. However, the abstract doesn't mention any specific algorithm or machine learning techniques applied to the data.

Given all this uncertainty,",10.905
661,"When building a Graphical User Interface, designers need to decide for the intended direction when moving from one interaction element to another. Traditionally this decision is often taken by following the writing direction of the intended users’ culture. That means, in Latin script a general left-to-right direction or in Arabic script, a right-to-left direction. The question is open whether this approach yields the best performance or if there are better suggestions for the choice of the general direction of the interaction. In this work, the results of a long-term experiment comparing mouse-based and touch-based interaction are presented. Especially, the influence of the two-dimensional direction of the interaction is investigated. The results reveal a difference between mouse-based and touch-based interactions: Whereas mouse-based interaction works best with diagonal and left-to-right movements, touch-based interaction prefers bottom-up and top-down movements and punishes left-to-right movements. For touch-based interaction, a mean difference in interaction times of as much as 10.8% between best and worst case were measured.",en,8,cs.RO,False,cs.DS,cs.DS,7.734
662,"Currently, higher educational institutions integrate cognitive skills curriculum to prepare future graduates to provide the student with the process of adaptation in society, assimilation of new technologies and entry into the labor market. In Mexico, universities offer various types of education to traditional and mixed or remotely in order to develop the skills, knowledge and attitudes (competencies) in students through the use of technological advances. In this sense, teachers are challenged to create virtual learning spaces that allow efficiently transmit the message to students and meet the demands of society. For example, planning and organization of multimedia interactive products usable and accessible on the Internet allow college students develop the skills that require the XXI century society through various communication channels such as voice or text to suit styles theoretical learning, pragmatic, thoughtful and active. The objective of this paper is to describe the benefits of designing and implementing Web sites accessible and usable for higher level courses related to Information Technology (Programming Languages).",en,0,cs.AI,False,cs.IT,"[from_thinking] ation. However, none of the categories directly relate to educational technology or e-learning platforms. The closest would be cs.IT since information theory deals with the transmission and processing",10.317
663,"Seedlings of selected tree species were grown in small benchtop rhizotrons filled with fine- and coarse-textured soils representing 2 different urban edaphic conditions in Mexico City. Bulk density was significantly higher and porosity was significantly lower in the coarse-textured soil. The maximum depth of root penetration visible behind the glass was significantly greater in the fine-textured soil for each of the 3 species after 5 months. Roots of Fraxinus uhdei penetrated deeper than roots of both Quercus crassipes and Q. crassifolia in both soils. Fraxinus uhdei root and shoot dry weight were significantly reduced in coarse-textured soil compared to the fine-textured soil, but both Quercus species were unaffected by soil type. In the fine-textured soil, F. uhdei root and shoot dry weight was significantly greater than both Quercus species, but not in the coarse-textured soil. At the end of the study, F. uhdei growing in fine-textured soil were taller than F. uhdei growing in coarse-textured soil and taller than both Quercus species in both soils, though the difference took 6 weeks longer to develop in the coarse-textured soil.",en,7,cs.NA,False,cs.NA,"[from_thinking] ave clear indicators. Since there are none here, perhaps I should respond with cs.NA as a default? Or maybe the user expects me to recognize that none fit and choose accordingly.

But according to the",10.436
664,"Ideal Mercier and ballooning modes for three-dimensional (3-D) equilibria of the Advanced Toroidal Facility (ATF) are studied in detail. These modes are found to introduce instability limits at modest beta values for pressure profiles for which previous results, based on a two-dimensional (2-D) equilibrium approximation, predicted the existence of a second stability region. This absence of second stability is in agreement with an analysis by Cooper et al. who used a simplified model for the ATF plasma boundary. The increased instability is found to result from the 3-D feature of the Pfirsch-Schlueter current. Furthermore, a strong quadrupole field is found to decrease the beta limit of these modes, contrary to the results obtained using the 2-D equilibria. Although direct comparison with measured beta values is not possible owing to the absence of profile data for ATF plasmas, pressure profiles used previously to model ATF data as well as in the 2-D analysis are used to obtain the results. The details of the pressure profiles and the plasma configurations strongly influence the stability limits on average beta which remains below 3%.",en,7,cs.NA,False,cs.NA,cs.NA,9.227
665,"We collected information using the Electroencephalograph (EEG) EmotivEpoc, and the software complement of the Eye Tracking system SMI RED250mobile. As a first step, it was stored in text files, the readings of each EEG sensor during the time the presentation of 5 violent images and 5 non-violent images were observed. The database was collected with 50 volunteers, consisting of 25 men and 25 women. The database was later loaded into R, for the execution of the algorithms of data mining, K-means, K-medoids, Hierarchical Clustering, Naive Bayes, Support Vector Machines, Adaboost and Decision trees. In the clustering methods, a random clustering was presented and with little information, with the Naive Bayes, SVM and Adaboost models, a classification with a high percentage of error was obtained using the Decision Trees method, we obtained one of the worst results, with the highest error rates in the classification performed with the test data of selected method. Based on the results obtained, no significant difference was found in the individual's gender, which affected his reaction when viewing images with violent and non-violent content.",en,0,cs.AI,False,cs.LG,cs.LG,6.371
666,"One of the main concerns in institutions of higher education is the time their students need to finish their studies. Students tend to invest more time than the established in approving a particular course or a group of them. This problem is more evident when there exists a sequence of related courses that are related through a prerequisite schema, because it is not clear whether the knowledge acquired in a previous course is appropriate for the next one. This work considers this problem and presents the use of Educational data mining for determining if there is an influence of some academic performance aspects in previous courses over the tries needed for approving a later one in a sequence of mathematics subjects. The performance of different measures for the predictive generated models using decision trees was not very high, and results shown that considering only the immediate previous course before the analyzed had little better results than considering all the ones in the sequence. Analyzing all the course sequence, many of the courses had as essential variables the performance not in the immediate, but two or three previous ones.",en,0,cs.AI,False,cs.LG,cs.LG,7.633
667,"Artificial intelligence is a real driver of scientific and technological development with a difficult horizon to assess. This article aims to provide a concise review of this science and technology to somehow explain their current situation and future prospects. The article tries to analyze the various paradigms, trends, models and approaches for which has been discoursing artificial intelligence. To this end the symbolic current, the connectionist model of neural networks and the fuzzy cognitive maps are studied to then move on to analyze the socalled Computational Intelligence and the sub-symbolic current. From a chronological point of view two stages in the development of artificial intelligence are considered: the initial or mono block stage and the current stage of distributed artificial intelligence; the first led the expert systems of great practical use, and the second multi-agent systems. Several examples are included to easily understand the use and effectiveness of these systems and models. Finally, some details are given concerning the efforts being made to try to unify all existing approaches and a brief forecast is included.",en,0,cs.AI,False,cs.AI,cs.AI,4.112
668,"The automatic analysis of suicide data (texts) has become a challenge for the computational linguistics research field, increasingly, tools are needed to help reduce suicide rates, for example, by extracting the suicide causes in order to support their early detection. Linguistic aspects in Spanish texts, such as cue phrases or parts of speech, can help in this task. Therefore, this paper presents a computational approach to the extraction and analysis of suicide causes from news reports in Spanish. The automatic extraction of suicide causes is carried out through linguistic markers based on verbs, connectors, prepositions and conjunctions. On the other hand, the analysis of the suicides causes is performed in two approaches: a) an analysis focused on verbal and noun phrases, studying the presence of the negation; b) an analysis on the frequency about unigrams or bigrams of words. Both analyzes show promising and correlated results, which are useful for recognizing the suicide causes reported in Mexico in a given period. Finally, a corpus is obtained with a collection of 581 suicide causes.© 2019 Universidade do Minho. All rights reserved.",en,0,cs.AI,False,cs.CL,cs.CL,5.017
669,"In this work is characterized the periodic behavior of the liquid level inside a scaled cold-model of the mold section of a steel continuous casting machine, which uses water as working fluid. The models are designed in order to simulate the dynamic forces acting on the molten steel inside a mold of continuous casting. The force magnitude can induce choppy flow, waves and vortex formation in the mold. The experimental model uses a closed-loop hydraulic configuration. In the mold, the inlet and the outlet water flow rates are the same. This configuration resembles a perfect control of the liquid level inside the water model. A high-speed video camera was used to get several video clips of the movement of the water level profile. Several techniques were tested in order to obtain the best lighting conditions for recording the water movement. The edge-detection technique of Sobel was used to determine the profile of the liquid level in each one of the images recorded. The analysis of the dynamic behavior of the water profile showed that the fluctuations of the liquid level inside the mold have a complex structure, which is repeated over large time periods.",en,7,cs.NA,False,cs.CV,cs.CV,5.899
670,"A robust Font Recognition (OFR) is proposed in this work; this is based on the analysis of texture characteristics of document text using invariant moments (invariant to scale, rotation and translation). There is not need of explicit local analysis in our method since the central moments features are extracted as a global characteristic from each font. A printed text block with a unique font is suitable to provide the specific texture properties necessary for the process of recognition. The used fonts were: Courier, Arial, Bookman Old Style, Franklin Gothic Medium, Comic Sans, Impact, Modern and Times New Roman; and their respective styles: regular, italic, bold, italic with bold. The invariant moment technique is used in this study to extract the font characteristics by window size estimation; from an entry text set a data base was build for the learning stage, and then standard statistical classifiers were applied for the identification stage (combining Gaussian and KNN classifiers). We found that the invariant moments change significantly when the textures are rotated and scaled as digital images; good recognition rate was obtained in font recognition with noise.",en,8,cs.RO,False,cs.CV,cs.CV,5.881
671,"Autonomous agents are an important area of research in the sense that they are proactive, and include: goal-directed and communication capabilities. Furthermore each goals of the agent are constantly changing in a dynamic environment. Part of the challenge is to automate the process corresponding to each agent in order that they find their own objectives. Agents do not have to work individually, but can work with others and develop a coordinated group of actions. These agents are highly appreciated, when real time problems are involved, meaning that an agent must be able to react within a specific time interval, considering external events. Our work focuses on the design of a multi-agent architecture consisting of autonomous agents capable of acting through a goal-directed with: a) constraints, b) real-time, and c) with incomplete knowledge of the environment. This paper shows a model of collaborative agents architecture that share a common knowledge source, allowing knowledge of the environment; where we analyze it and its changes, choosing the most promising way for achieving the goals of the agent, in order to keep the whole system working, even if a fault occurs.",en,0,cs.AI,False,cs.AI,cs.AI,5.344
672,"This article presents a method to design a splint from the MRI (Magnetic Resonance Imaging) of the dried fruit of a tropical plant called Luffa (Luffa cylindrica (L.) M. Roem), which shows the possibility of using synthetic forms in Nature to reproduce and apply them in the development of products, a concept known as bio-design. This fruit–similar to a cucumber-, when dried it becomes a fibrous and imbricated structure that confers interesting stiffness and lightness properties, which were used to design a splint for a human foot, different from the conventional plaster, through a reverse engineering process. Such structure was copied, with the help of a 7T MRI scanner (Magnetic Resonator of seven Tesla Varian). The images of the Luffa processed with the OSIRIX® and AMIRA® programs then converted to the STL (STereo Lithography) format for manipulated with CAD/CAM (Computer-Aided Design/Computer-Aided Manufacturing) programs. The results have been successful since it was possible to print by FDM (Fused Deposition Modeling) a scale model of the splint in ABS (Acrylonitrile butadiene styrene), from a module that extracted from the MRI, which tested in a model of a human foot.",en,8,cs.RO,False,cs.CV,cs.CV,8.429
673,"This work presents an evaluation of the predictive techniques decision trees using CART algorithm, Naıve Bayes Classifier, Gradient Boosting Machine and Support Vector Machine for predicting whether a student will successfully complete a programming course or not. Factors considered for prediction were university-entrance and personal criteria like entrance age, gender, scholarship, high school GPA, mark in admission exam and other related with student’s performance in a prerequisite introductory programming course. The predicted variable takes two values,‘Approved’or ‘Not Approved’, and the data record contains an unbalanced portion of the class’ Approved’. For the analysis were considered two data sets, unbalanced and balanced. Evaluation of algorithms was performed considering the concepts of accuracy and ROC area. Results show that accuracy is bigger for the unbalanced data set, but its ROC area was very poor. Using the balanced data set, results were more reliable because accuracy and ROC area are closer. Best results were obtained with Naıve Bayes and Support Vector Machine algorithms. The most important factor in the prediction was whether a student had a scholarship or not.",en,0,cs.AI,False,cs.LG,cs.LG,6.071
674,"This paper introduces SDWS (Semantic Description of Web Services), a Web tool which generates semantic descriptions from collections of Web services. The fundamental approach of SDWS consists of the integration of a set of ontological models for the representation of different Web service description languages and models. The main contributions of this proposal are (i) a general ontological model for the representation of Web services,(ii) a set of language-specific ontological models for the representation of different Web service descriptions implementations, and (iii) a set of software modules that automatically parse Web service descriptions and produce their respective ontological representation. The design of the generic service model incorporates the common elements that all service descriptions share: a service name, a set of operations, and input and output parameters; together with other important elements that semantic models define: preconditions and effects. Experimental results show that the automatic generation of semantic descriptions from public Web services is feasible and represents an important step towards the integration of a general semantic service registry.",en,0,cs.AI,False,cs.AI,cs.AI,8.197
675,"A question answering system that receives as input a question in Spanish and returns the answer is presented. Preguntas y Respuestas {questions and answers} (PryRe) has two main components: 1) An information retrieval component that identifies the meaning of the question using its semantic properties. This component transforms the question into a triplet: R (C, V), where R is the relation or link, C is the concept or main idea, and V is the value of the concept. Example: ¿Cuál es la hierba que mejora la digestión? {What is the herb that improves digestion?} becomes R(C, V) = mejora (hierba, digestión) {improves(herb, digestion)}. This component uses natural language processing modules; 2) a component that uses the triplet to carry out a query analysis on PryRe's ontology, to identify the answer, which in the example is Manzanilla {Chamomile}. This component performs the semantic identification of the question while traveling on parts of the ontology. Details of the PryRe system are given, as well as tests on herbalism and Coronavirus. It shows an acceptable accuracy (82%). Resources used in this work are (A) a notation used to describe ontologies, and (B) the deductive capability of PryRe.",en,0,cs.AI,False,cs.CL,cs.CL,5.508
676,"The results of experimental studies of fluctuations and transport in ECH plasmas in the ATF torsatron and the IMS stellarator are presented. In ATF, a variety of diagnostics have been used to measure turbulence amplitudes and spectral characteristics throughout the plasma. In the plasma core, density fluctuations with characteristics like those expected for drift waves (possibly connected with trapped electron effects) are seen. In the gradient region, the density fluctuation levels are consistent with those expected for resistive interchange turbulence. In the edge, fluctuations appear to be correlated with density gradients, and the fluctuation-induced particle flux and global particle confinement can be influenced by positive limiter biasing. In IMS, whose parameters model those in the edge of larger devices, two-dimensional (2-D) probe measurements show substantial poloidal variations in the fluctuation-induced particle flux that are most pronounced at the plasma edge; as in ATF, the particle flux can be reduced by positive limiter biasing. The 2-D probe measurements also show good agreement between the plasma poloidal flow velocities determined from the Reynolds stress and force balance.",en,7,cs.NA,False,cs.NA,"[from_thinking]  a bit stuck. Maybe the closest category would be none of them, but since I have to choose, perhaps it's cs.NA if they're using numerical methods for data analysis or simulations, even though it's not",10.803
677,"Among the main benefits of service-oriented architectures is the reutilization of software components that may solve specific tasks for complex problems, requiring the composition of multiple Web services. Currently Internet is largely populated with Web services offered by different providers and published in various Web repositories. However, public available Web services still suffer from problems that have been widely discussed, such as the lack of functional semantics. This lack of semantics makes very difficult the automatic discovery and invocation of public Web services, even when the system integrator can obtain a copy of the WSDL file. This paper describes an ontological approach for discovering similarity relations between public Web services. The objective of this work is to extract relevant data that is coded into service operations descriptions, calculate similarity measures between them, represent the discovered similarities in an ontological form, and execute inference. Experimental results show that the overall process towards the automation of public Web services discovery based on ontology population and structural similarity measures is feasible and can be completely automated.",en,0,cs.AI,False,cs.SY,cs.SY,8.099
678,"A Web service composition is an interconnected set of multiple specialized Web service operations, which complement each other to offer an improved tool capable of solving more complex problems. Manual design and implementation of Web service compositions are among the most difficult and error prone tasks. To face this complexity and to reduce errors at design time, the developer can alternatively search and reuse existing compositions that have solved similar problems. Thus the problem of designing and implementing Web service compositions can be reduced to the problem of finding and selecting the composition closest to an initial specification. To achieve this goal, there is the need to define and use similarity measures to determine how close is a given composition with respect to any given specification. Comparison of Web service compositions can be done using two possible sources: composition designs (models), and execution logs of compositions. In particular, in this paper a set of similarity measures are described for Web service composition models. The main objective is to measure and assess the degree of closeness between two given compositions of Web services regardless of their modelling language.",en,0,cs.AI,False,cs.SY,cs.SY,8.447
679,"Engineers make things, make things work, and make things work better and easier. This kind of knowledge is crucial for innovation, and much of the explicit knowledge developed by engineers is embodied in scientific publications. In this paper, we analyze the evolution of publications and citations in engineering in a middle-income country such as Mexico. Using a database of all Mexican publications in Web of Science from 2004 to 2017, we explore the characteristics of publications that tend to have the greatest impact; this is the highest number of citations. Among the variables studied are the type of collaboration (no collaboration, domestic, bilateral, or multilateral), the number of coauthors and countries, controlling for a coauthor from the USA, and the affiliation institution of the Mexican author(s). Our results emphasize the overall importance of joint international efforts and suggest that publications with the highest number of citations are those with multinational collaboration (coauthors from three or more countries) and when one of the coauthors is from the USA. Another interesting result is that single-authored papers have had a higher impact than those written through domestic collaboration.",en,0,cs.AI,False,cs.IT,cs.IT,7.868
680,"Information Technologies have generated large amounts of documents available for analysis and use. Information systems can provide the user with the necessary data for a specific purpose without human intervention, saving time in providing the response expected by the user. Some traditional models of topic discovery provide essential information in the literature, but it is still necessary to incorporate the knowledge that a person can use when reading a document. In this work, an analysis of the behavior of the techniques of Latent Dirichlet Analysis, Latent Semantic Analysis, and Probabilistic Latent Semantic Analysis is carried out incorporating the semantic relationships of the type hypernym, hyponym, synonymy, holonymy, and meronymy extracted from an external source of knowledge as WordNet. In order to improve the results obtained by applying the three mentioned techniques in a set of documents without adding external knowledge. Compared to the initial results, our experimental results improved when incorporating semantic relationships, such as hypernyms and synonyms. The best result was obtained when using the Lesk algorithm for word sense disambiguation and subsequently applying Latent Dirichlet Analysis.",en,0,cs.AI,False,cs.CL,cs.CL,6.366
681,"Motivated by the importance of studying the relationship between habits of students and their academic performance, daily activities of undergraduate participants have been tracked with smartwatches and smartphones. Smartwatches collect data together with an Android application that interacts with the users who provide the labeling of their own activities. The tracked activities include eating, running, sleeping, classroom-session, exam, job, homework, transportation, watching TV-Series, and reading. The collected data were stored in a server for activity recognition with supervised machine learning algorithms. The methodology for the concept proof includes the extraction of features with the discrete wavelet transform from gyroscope and accelerometer signals to improve the classification accuracy. The results of activity recognition with Random Forest were satisfactory (86.9%) and support the relationship between smartwatch sensor signals and daily-living activities of students which opens the possibility for developing future experiments with automatic activity-labeling, and so forth to facilitate activity pattern recognition to propose a recommendation system to enhance the academic performance of each student.",en,0,cs.AI,False,cs.LG,cs.LG,5.501
682,"In in vitro true dry matter degradability (IVTDMD), in situ dry matter degradability, and neutral detergent fiber degradability, both in vitro (IVNDFD) and in situ (ISNDFD) techniques were used with crossbred goats to determine dry matter and neutral detergent fiber (NDF) ruminal degradability in eight forages and four industrial byproducts. Total digestible nutrients (TDN) content obtained with five different summative models (summative equations) were studied to compare the precision of estimates. All these models included digestible fractions of crude protein, ether extract, and nonfiber carbohydrates that were calculated from chemical composition, but digestible NDF (dNDF) was obtained from IVNDFD (IVdNDF), ISNDFD (ISdNDF), or by using the Surface Law approach. On the basis of the coefficient of determination (𝑅 2) of the simple lineal regression of predicted TDN (𝑦axes) and observed IVTDMD (𝑥-axes), the precision of models was tested. The predicted TDN by the National Research Council model exclusively based on chemical composition only explains up to 1% of observed IVTDMD values, whereas the model based on IVdNDF had a high precision (96%) to predict TDN from forage and byproducts fiber when used in goats.",en,7,cs.NA,False,cs.NA,cs.NA,7.754
683,"In vertical continuous casting machines the liquid steel from the tundish is poured into the mold through the Submerged Entry Nozzle (SEN). The shape and direction of the SEN exit jets affect the liquid steel dynamics inside the mold. This work quantifies the effect of the SEN pool on the principal characteristics of the jets emerging from it, precisely, the shape, the spread angles, and the mold impact point. Experimental and numerical simulations were carried out using a SEN simplified model, a square-shaped bore nozzle with square-shaped outlet ports whose length is minimal. These experiments showed two well-defined behaviors. When a single vortex dominates the hydrodynamics inside the simplified SEN, the exit jets spread out and are misaligned about the mold’s central plane. On the contrary, when the inner flow pattern shows two vortexes, the exit jets are compact and parallel to the mold wide walls. The measured difference on the jet’s falling angles is 5°, approximately, which implies that in an actual casting machine, the impingement point at the narrow mold wall would have a variation of 0.150 m. This hydrodynamic analysis would help design new SENs for continuous casting machines that improve steel quality.",en,7,cs.NA,False,cs.NA,cs.NA,7.961
684,"The genetic microarrays give to researchers a huge amount of data of many diseases represented by intensities of gene expression. In genomic medicine gene expression analysis is guided to find strategies for prevention and treatment of diseases with high rate of mortality like the different cancers. So, genomic medicine requires the use of complex information technology. The purpose of our paper is to present a multi-agent system developed in order to improve gene expression analysis with the automation of tasks about identification of genes involved in a cancer, and classification of tumors according to molecular biology. Agents that integrate the system, carry out reading files of intensity data of genes from microarrays, pre-processing of this information, and with machine learning methods make groups of genes involved in the process of a disease as well as the classification of samples that could propose new subtypes of tumors difficult to identify based on their morphology. Our results we prove that the multi-agent system requires a minimal intervention of user, and the agents generate knowledge that reduce the time and complexity of the work of prevention and diagnosis, and thus allow a more effective treatment of tumors.",en,0,cs.AI,False,cs.LG,cs.LG,5.68
685,"Current forest management approaches require management strategies that identify where and when to carry out harvest activities that satisfy the demand for wood products while forest ecosystem services are conserved. This work makes the TRIAD zoning approach operational through a mathematical model to optimize the forestry planning process. This approach proposes dividing the forest under management into an intensive harvesting area, an extensive harvesting area, and a conservation area, according to the production objectives established. A mixed integer nonlinear optimization model was formulated to maximize the present value of gains derived from timber production, while satisficing operative and biodiversity conservation restrictions associated with the forest community of San Pedro El Alto, Oaxaca, Mexico. The model was solved through a genetic algorithm, in their simple version (GNS), and two variants of it (GN2 and GN3). The process allowed completing three objectives: 1) to propose and validate a model capable of generating comparable solutions to the current management scenario in the community, 2) to compare three different solution algorithms, and 3) to offer an efficient algorithm to solve similar optimization problems.",en,9,cs.SY,False,cs.DS,cs.DS,5.696
686,"Due to the pandemic that is currently being experienced worldwide, educational institutions (HEIs) have had to reinvent and innovate the mode of teaching, in order to continue the process of training students at all educational levels. Higher education has not been immune to this situation, the institutions of this educational level face various challenges in remote teaching: one of them, perhaps the most important, was to answer the question: How to get the student to continue their undergraduate studies remotely? In this sense, it was necessary, on the part of the students and the teachers, a preparation to go from the face-to-face to the virtual mode. This paper addresses the specific case of the analysis of the teaching-learning process of the Teaching-Learning Unit (UEA for its acronym in Spanish) of Structured Programming and Numerical Methods for Engineering at the undergraduate level, at the Universidad Autónoma Metropolitana, Unidad Azcapotzalco (UAM-A) and its relation to the student’s way of thinking. Likewise, the analysis will be carried out if the way of thinking of the students of the sample influences their academic performance when studying the subject of Structured Programming and Numerical Methods for Engineering.",en,7,cs.NA,False,cs.NA,cs.NA,9.236
687,"The development of numerical N -body simulations have allowed to study formation process and evolution of galaxies at different scales. This paper presents the fundamental concepts of N-body systems applied to the cosmological evolution of the -Cold Dark Matter (CDM) model. In order to perform structure formation in the Universe, we provide an introduction to the basic equations and their implementation on the GADGET-2 software. We also present a simple guide to modify this code. First, we briefly describe the dark matter in the Universe as well as the theoretical and experimental basis of the CDM model. Then, we focus on the simulation codes and provide the equations that govern most of the N-body simulations to model the dark matter. We describe the Smoothed Particle Hydrodynamics method used for simulating the gas, star dynamics and structure formation in these simulations. Then, cautiously, we guide the reader to the installation of GADGET-2 on a Linux-based computer, as well as to carry out a couple of examples to operate the code. Finally, by using a computational cluster, we show several results of a large structure simulation, analyse the outputs to display the matter power spectrum, and compare the outcome with theoretical predictions.",en,7,cs.NA,False,cs.NA,cs.NA,6.739
688,"We investigate the non-isothermal Bondi accretion onto a supermassive black hole (SMBH) for the unexplored case when the adiabatic index is varied in the interval 1<γ≤1.66 and for the Paczyński–Wiita γ=5/3 regime, including the effects of X-ray heating and radiation force due to electron scattering and spectral lines. The X-ray/central object radiation is assumed to be isotropic, while the UV emission from the accretion disc is assumed to have an angular dependence. This allows us to build streamlines in any desired angular direction. The effects of both types of radiation on the accretion dynamics is evaluated with and without the effects of spectral line driving. Under line driving (and for the studied angles), when the UV flux dominates over the X-ray heating, with a fraction of UV photons going from 80% to 95%, and γ varies from 1.66 to 1.1, the inflow close to the gravitational source becomes more supersonic and the volume occupied by the supersonic inflow becomes larger. This property is also seen when this fraction goes from 50% to 80%. The underestimation of the Bondi radius close to the centre increases with increasing γ, while the central overestimation of the accretion rates decreases with increasing γ, for all the six studied cases.",en,7,cs.NA,False,cs.NA,cs.NA,7.342
689,"HUMANS LIVE IN A 3D PERCEPTION WORLD. THE THIRD DIMENSION IS PRODUCED BY VISUAL PERCEPTION THROUGH TWO IMAGES OF THE SAME OBJECT, ONE IMAGE MINIMALLY DISPLACED RESPECT TO THE OTHER DUE TO EYES SEPARATION. IT MAKES THE HUMAN BRAIN TO CONSTRUCT ONE SINGLE IMAGE WITHIN A 3D SPATIAL CONTEXT. ACCORDING TO STUDIES, UP TO 65% OF HUMAN KNOWLEDGE COMES FROM THE VISION. CONSEQUENTLY, IT IS EXTREMELY IMPORTANT TO KEEP CONTINUOUS RESEARCH IN AUTOMATIC VISION AND PERCEPTION SYSTEMS. THE MOST LOGICAL IDEA TO CONSTRUCT 3D IMAGES, NAMED ANAGLYPH IMAGE SYSTEM, CONSISTS IN SIMULATING EYES PERCEPTION WITH TWO IMAGES. MORE SOPHISTICATED SYSTEMS SUCH AS REALD FOR VIDEO AND CINEMA PURPOSES ARE USED CURRENTLY. THE ANAGLYPH IS THE SYSTEM FOR THE PRODUCTION AND REPRODUCTION OF 3D IMAGES WITH THE LOWEST COST, BUT IT REQUIRES THE ANALYSIS OF TWO IMAGES. OUR PROPOSAL CONSISTS IN THE GENERATION OF 3D IMAGES WITH ONLY ONE SINGLE IMAGE. IT CONSIDERS IMAGES IN RGB FORMAT. THE 3D PERCEPTION IS REACHED WITH DIGITAL IMAGE PROCESSES IN THE RGB CHANNELS OF THE IMAGE, AND THE USE OF SIMPLE RED-BLUE POLARIZED GLASSES. WE OBTAINED EXCELLENT RESULTS IN THREE DIFFERENT BACKGROUNDS: NATURAL LIGHT, MEDIUM LIGHT AND ARTIFICIAL LIGHT. THE PARAMETERS USED IN THE EXPERIMENTS WERE SET MANUALLY.",en,0,cs.AI,False,cs.CV,cs.CV,5.516
690,"Image recognition and classification have been widely used for research in computer vision systems. This paper aims to implement a new strategy called Wiener-Granger Causality theory for classifying natural scenery images. This strategy is based on self-content images extracted using a Content-Based Image Retrieval (CBIR) methodology (to obtain different texture features); later, a Genetic Algorithm (GA) is implemented to select the most relevant natural elements from the images which share similar causality patterns. The proposed method is comprised of a sequential feature extraction stage, a time series conformation task, a causality estimation phase, causality feature selection throughout the GA implementation (using the classification process into the fitness function). A classification stage was implemented and 700 images of natural scenery were used for validating the results. Tested in the distribution system implementation, the technical efficiency of the developed system is 100% and 96% for resubstitution and cross-validation methodologies, respectively. This proposal could help with recognizing natural scenarios in the navigation of an autonomous car or possibly a drone, being an important element in the safety of autonomous vehicles navigation.",en,0,cs.AI,False,cs.CV,cs.CV,5.673
691,"Time Series Analysis in Seismology: Practical Applications provides technical assistance and coverage of available methods to professionals working in the field of seismology. Beginning with a thorough review of open problems in geophysics, including tectonic plate dynamics, localization of solitons, and forecasting, the book goes on to describe the various types of time series or punctual processes obtained from those systems. Additionally, the book describes a variety of methods and techniques relating to seismology and includes a discussion of future developments and improvements. Time Series Analysis in Seismology offers a concise presentation of the most recent advances in the analysis of geophysical data, particularly with regard to seismology, making it a valuable tool for researchers and students working in seismology and geophysics. Presents the necessary tools for time series analysis as it relates to seismology in a compact and consistent manner Includes a discussion of technical resources that can be applied to time series data analysis across multiple disciplines Describes the methods and techniques available for solving problems related to the analysis of complex data sets Provides exercises at the end of each chapter to enhance comprehension",en,7,cs.NA,False,cs.DS,cs.DS,6.886
692,"In this paper we present a methodology for ontology design and construction which incorporates the most outstanding design principles and a thorough evaluation process. An ontology provides logical formulation of complex problems of decision sciences like risk management, decision making under uncertainty, statistics and forecasting, negotiation and financial analysis. The main stages of this methodology are: requirements specification, formal design, construction, and evaluation. At each stage of the methodology a series of tasks are defined together with methods and techniques to build the ontology considering quality characteristics. Description logics is used as the formal language during design, a set of informal competency questions is used to support ontology conceptualization; at the evaluation stage, the set of questions are translated to a formal reasoning language and are used for evaluation purposes. Many methodologies and tools have been reported in literature, but little attention has been paid in the creation of consistent, modular, coherent, usable and reusable ontologies as an objective from the beginning of the design process. A comparative analysis with other methodologies is discussed and an Ontological Model for Medical Diagnosis is presented.",en,0,cs.AI,False,cs.AI,cs.AI,7.213
693,"An Ambient Intelligence responds to user requests based on several contexts. A relevant context is related to what has happened in the ambient; therefore, it focuses a primordial interest on events. These involve information about time, space, or people, which is significant for modeling the context. In this paper, we propose an event-driven approach for context representation based on an ontological model. This approach is extendable and adaptable for academic domains. Moreover, the ontological model to be proposed is used in reasoning and enrichment processes with the context event information. Our event-driven approach considers five contexts as a modular perspective in the model: Person, temporal (time), physical space (location), network (resources to acquire data from the ambient), and academic events. We carried out an evaluation process for the approach based on an ontological model focused on (a) the extensibility and adaptability of use case scenarios for events in an academic environment, (b) the level of reasoning by using competence questions related to events, (c) and the consistency and coherence in the proposed model. The evaluation process shows promising results for our event-driven approach for context representation based on the ontological model.",en,0,cs.AI,False,cs.AI,cs.AI,9.462
694,"The results of dimensionless-parameter modulation and configuration control experiments in the Advanced Toroidal Facility (ATF) are presented. The global energy confinement time fits gyro-Bohm scaling better than Bohm-like scaling. An additional dependence was detected by modulation of single dimensionless parameters (collisionality {nu}* and beta {beta}), yielding {tau}{sub E}/{tau}{sub gB}{proportional_to}{nu}* {sup {alpha}v}{beta}{sup {alpha}{beta}}, where {alpha}{sub v} = 0. 1 8 {plus_minus} 0.03 and {alpha}{sub {beta}} = 0.3 {plus_minus} 0. 1. Application of this formula to NBI and ECH data significantly improves the fit, implying that improved confinement will result from increasing the heating power. Little change in confinement occurred for wide variations in the confined trapped particle fraction at constant magnetic well radius and shear. This may be explained by reduction of the helically trapped panicle loss region due to the radial electric field. Configuration modulation experiments showed that the energy confinement time improves as the magnetic well radius expands, the result expected from some stabilization of resistive interchange instabilities. This is consistent with fluctuation measurements and may explain the positive dependence of confinement on {beta}.",en,7,cs.NA,False,cs.SY,cs.SY,8.675
695,"The hard-core winding of the four period heliac TJ-II is composed of a circular coil and a helical winding with separately controllable currents. This feature gives a great flexibility to the device which allows an independent control of the rotational transform and the magnetic well. Heliacs have in common high iota values, low shear and a vacuum magnetic well, providing a potential for high {beta} limits. This potential can be endangered by magnetic islands induced by low order rational values of the transform. The iota control through the hardcore currents is a very effective way to avoid rational values and the large range of iota available in TJ-II, going from 0.15 to near 0.8 per period, makes it possible to obtain configurations with very different MHD properties. Previously we have studied the stability of configurations with iota=0.36 and 0.30 per period. Beta limits higher than <{beta}>{similar to}6% have been obtained and in the case of lower iota self-stabilization effects typical of a second stability regime have been observed. In this work we explore the equilibrium and stability properties of configurations having higher transforms, selecting a case having iota{sub 0}=0.55 in vacuum and comparing it with the lower transform cases. (author) 7 refs., 5 figs., 1 tab.",en,9,cs.SY,False,cs.SY,cs.SY,10.167
696,"We report the detection of the 1.3 mm continuum and the molecular emission of the disks of the young triple system SR24 by analyzing ALMA (The Atacama Large Millimeter/Submillimter Array) subarcsecond archival observations. We estimate the mass of the disks (0.025 solar masses and 4E-5 earth masses for SR24S and SR24N, respectively) and the dynamical mass of the protostars (1.5 and 1.1 solar masses). A kinematic model of the SR24S disk to fit its C18O (2-1) emission allows us to develop an observational method to learn what is the tilt of a rotating and accreting disk. We derive the size, the inclination, the position angle and the sense of rotation of each disk, finding that they are strongly misaligned (108 degrees) and possibly rotate in opposite directions as seen from Earth, in projection. We compare the ALMA observations with 12CO SMA archival observations, which are more sensitive to extended structures. We find three extended structures and estimate their masses: a molecular bridge joining the disks of the system, a molecular gas reservoir associated with SR24N and a gas streamer associated with SR24S. Finally we discuss on the possible origin of the misaligned SR24 system, pointing out that a closer inspection of the northern gas reservoir is needed to better understand it.",en,7,cs.NA,False,cs.AI,"None of the provided categories (cs.AI, cs.CL, etc.) fit as the abstract is about astrophysical observations and data analysis, not computer science.",6.365
697,"Why we have emotions and how they influence human behavior are two questions we constantly ask ourselves. According to researchers in the field, there are two kinds of information that the person receives to make a decision. This information is integrated to generate a whole. One comes from ourselves it is proprioceptive and refers to emotions; the other one is external, it comes from the environment. Thus, emotions are immersed in different areas of a person's life, including social, functional, and cognitive aspects. It has an important role in the decision-making process. It is on this last point that this paper focuses its approach, which consists of including a cognitive structure of emotions in a reactive behavior in order to enrich behavior, including the information generated through internal evaluation of the external physical stimuli. Our work is based on the OCC theory (named after the name of its authors: Ortony, Collins and Clore). This theory proposes that a decision-making process is affected through different perspectives: a) goals and events, b) agents and their actions, and c) objects and their capacity for attraction. The case study is situated within a scenario that represents an approach that seeks to include a module of emotions within the design of the architecture of a videogame.",en,0,cs.AI,False,cs.AI,cs.AI,8.166
698,"To minimize the product imperfections due to slag entrapment and surface defects, the fluid flow pattern inside the mold must be symmetric, commonly named double-roll flow. Thus, the liquid steel must enter into the mold evenly distributed. The submerged entry nozzle (SEN) is crucial in product quality in vertical steel slab continuous casting machines because it distributes the molten steel from the tundish into the mold. This work evaluates the performance of a novel bifurcated nozzle design named “SEN with flow divider”. The symmetry at the outlet ports is obtained by imposing symmetry inside the SEN. The flow divider is a solid barrier attached at the SEN bottom inner wall, the height of which slightly surpasses the upper edges of the outlet ports. The performance analysis is done first using numerical simulations, where the Computational Fluid Dynamics (CFD) technique and the Smoothed Particle Hydrodynamics (SPH) approach are used. Then, experimental tests on a scaled model are also used to evaluate the SEN performance. Numerical and physical simulations showed that the flow divider considerably reduces the SEN outlet jets’ broadness and misalignment, producing compact, aligned, and symmetric jets. Therefore, the SEN design analyzed in this work is a promising alternative to improve process profitability.",en,7,cs.NA,False,cs.NA,cs.NA,8.531
699,"Identifying the polarity of a given text is a complex task that usually requires an analysis of the contextual information. This task becomes to be much more complex when, in such analysis, we consider smaller textual components than paragraphs, such as sentences, phraseological units or single words. In this paper, we consider the automatic identification of polarity for linguistic units known as idioms based on their contextual information. Idioms are a phraseological unit made up of more than two words in which one of those words plays the role of the predicate. We employ three lexicons for determining the polarity of those words surrounding the idiom, ie, in its context and using this information we infer the possible polarity of the target idiom. The lexicons we are using are: ElhPolar dictionary, iSOL and ML-SentiCON Sentiment Spanish Lexicon, all of them containg the polarity of different words. One of the aims of this research work is to identify the lexicon that provides the best results for the task proposed, which is to count the number of positive and negative words in the idiom context, so that we can infer the polarity of the idiom itself. The experiments carried out show that the best combination obtain results close to 57.31%, when the texts are lemmatized and 48.87%, when they are not lemmatized.",en,0,cs.AI,False,cs.CL,cs.CL,4.977
700,"Skin cancer is the most frequent malignant neoplasm in the world, it is a public health problem, which has increased in recent years due to environmental changes, different lifestyles, sun exposure, among others. One way to detect skin cancer is through the analysis of medical images, the analysis of these images can allow the detection of any abnormality. In this work, several block programming models with classifiers for the recognition of medical images of skin cancer are implemented. Pre-processing, manipulation, and machine vision to extract relevant features from images are the starting point for obtaining proper classification values. The main objective of this project is to carry out the analysis of a set of classification techniques, as well as verify that the combination of image processing operations and classification tools provide better performance compared to the classification values of the original images. Images of three types of skin cancer were used: melanocytic nevus, melanoma, and benign keratosis lesions. Each category contains 200 images. The images were subjected to a set of filters, to later use different classification algorithms. Six types of filters and five different classification techniques were implemented. The results obtained allow us to see the viability of the proposed method.",en,0,cs.AI,False,cs.CV,cs.CV,9.976
701,"Pressure-driven MHD instabilities in Heliotron E were studied by shifting the vacuum magnetic axis position outward ({Delta}{sub v} > 0) or inward ({Delta}{sub v}), and/or applying an additional toroidal field additively or subtractively. The global behavior of experimental results are consistent with theoretical studies using the ideal and the resistive MHD model based on the stellarator expansion approximation. The pressure profile was also changed systematically by the above control of the vertical magnetic field and/or the toroidal field. Stability improvement was obtained for the {beta}(0) {approx lt} 1% regime in the case where the additive toroidal field was (3--8)% of the toroidal component from the helical coils for {minus}2cm {le} {Delta}{sub v} {le} 0cm. It is believed that the pressure profile was unintentionally adjusted to improve stability; however this improvement was not clear for {beta}(0) {approx gt} (2--3)%. A new type of ideal low-n stability code was developed which relies on an averaging procedure in the toroidal direction of a three dimensional finite beta MHD equilibrium. This approach seems to include realistic finite beta configuration in the stability calculation better than the usual stellarator expansion method. For the Heliotron E the difference between both results is fairly small.",en,7,cs.NA,False,cs.NA,"[from_thinking] ions.

I think the most uncertain part is whether the development of the stability code falls under Numerical Analysis (cs.NA) since it's about computational methods for solving MHD equations. So I'll",17.181
702,"Currently, cancer is a worldwide public health problem. Machine and deep learning techniques hold great promise in healthcare by analyzing Electronic Health Records (EHR) that contain a large collection of structured and unstructured data. However, most research has been done with structured data, and valuable data is also found in doctor’s plain-text notes. Thus, this paper proposes an approach to classify breast, liver, and lung cancer based on structured and unstructured data obtained from the MIMIC-II clinical database by using machine and deep learning techniques. In particular, the Paragraph Vector algorithm is used as a deep learning approach to text representation. The goal of this work is to help physicians in early diagnosis of cancer. The proposed approach was tested on a balanced dataset of breast, liver, and lung cancer patient records. Pre-processing is done with structured and unstructured data, and the result is used as input variables to three machine learning models: Support Vector Machines, Multi Layer Perceptron, and Adaboost-SAMME. Then, the scoring metrics for these models are calculated in different training data configurations to choose the best performing model for classification. Results show that the best performing model was obtained with MLP, achieving 89% precision using unstructured data.",en,0,cs.AI,False,cs.LG,cs.LG,8.692
703,"This work studies how the sliding-gate valve (SGV) modifies the features and the dynamic behavior of the outlet jets for flat-bottom and well-bottom bifurcated submerged entry nozzles (SENs) used in continuous casting machines. Three conditions for the SGV were studied: no obstruction, moderate obstruction, and severe obstruction. The experimental study used a scaled model, employing cold water as the working fluid. A high-frequency analysis of the flow inside the SEN’s bore arriving at the outlet ports was performed by employing the particle image velocimetry (PIV) technique. Low-frequency measurements of the volumetric flow at the exit port were obtained by splitting the exit jet into four quadrants and employing digital flowmeters. It was observed that reducing the SGV clearance increases the turbulence of the flow inside the SEN bore, but the flow displays ordered rather than erratic fluctuations. Flowmeter measurements showed that, regardless of the level of obstruction in the SGV, the outlet jets on flat-bottom and the well-bottom SENs have dynamic behaviors and features with significant differences. This finding is relevant because the flow distribution inside the outlet ports is directly related to the jet’s wideness, affecting the recirculation pattern inside the mold and, therefore, the quality of the finished steel slab.",en,7,cs.NA,False,cs.SY,cs.SY,8.439
704,"The world has entered a period of significant changes regarding the future of energy generation, mainly caused by the apparent exhaustion of hyd-carbons in the near future, and the Greenhouse gases (GHG) effect of alt-ing the climate worldwide. Mexico, as a developing country, and as the eleventh-most populated nation with the thirteenth-largest territory, and as the owner of important oil production resources, is a good example of a State needing to improve and increase its energy generation. A concerted action amongst the e-nomic sectors involved–both governmental and industrial–could dras-cally improve the present situation regarding the development of its alt-native energy resources. The main motivation for organizing the German-Mexican Symposium 2006 Energy for the future: towards a cleaner planet, was to get a global perspective for changing the present energy-mix in Mexico, currently based on fossil fuels, towards cleaner energy resources. To achieve this, a wide range of relevant topics must be analysed, such as the state of the art of each energy type, their potential use and benefits, social, economic,-litical and environmental aspects, and their inclusion as a real alternative to energy generation programs. It will take time for every country to reduce its dependence on hydrocarbons and to increase its alternative energies share.",en,9,cs.SY,False,cs.SY,cs.SY,8.01
705,"Finned tubes increase the convective heat transfer in heat exchangers, reducing the total energy consumption of integrated industrial processes. Due to its stability and robustness, Computational Fluid Dynamics (CFD) commercial software is generally utilized for analyzing complex systems; however, its licensing is expensive. Nowadays, open-source software is a viable substitute for proprietary software. This work presents a CFD analysis of the hydrodynamics of a finned tube using the OpenFOAM and SALOME Meca platforms. The results are compared with experimental data and CFD using the commercial software Fluent, both previously reported in the open literature. This work studies the fluid flow pattern around a tube with six 45-degree-angled fins, and the working fluid, air, is considered as an incompressible fluid. Special attention is paid to calculating the pressure coefficient distribution for the internal and external surfaces of the inclined fins. Open-source platforms allow researchers to visualize how the airflow interacts with the cylinder and the fin surfaces to form a fluid structure, formerly known as a horseshoe vortex system. The findings of the analysis of flow dynamics in the channel between inclined fins and in the wake help explain the results obtained in experimental tests and are relevant for the configuration of a bank of tubes with inclined fins.",en,7,cs.NA,False,cs.NA,cs.NA,8.312
706,"Web services clustering is the task of extracting and selecting the features from a collection of Web services and forming groups of closely related services. The implementation of novel and efficient algorithms for Web services clustering is relevant for the organization of service repositories on the Web. Counting with well-organized collections of Web services promotes the efficiency of Web service discovery, search, selection, substitution, and invocation. In recent years, methods inspired by nature using biological analogies have been adapted for clustering problems, among which genetic algorithms, evolutionary strategies, and algorithms that imitate the behavior of some animal species have been implemented. Computation inspired by nature aims at imitating the steps that nature has developed and adapting them to find a solution of a given problem. In this chapter, we investigate how biologically inspired clustering methods can be applied to clustering Web services and present a hybrid approach for Web services clustering using the Artificial Bee Colony (ABC) algorithm, K-means, and Consensus. This hybrid algorithm was implemented, and a series of experiments were conducted using three collections of Web services. Results of the experiments show that the solution approach is adequate and efficient to carry out the clustering of very large collections of Web services.",en,0,cs.AI,False,cs.LG,cs.LG,8.188
707,"Web services clustering is the task of extracting and selecting the features from a collection of Web services and forming groups of closely related services. The implementation of novel and efficient algorithms for Web services clustering is relevant for the organization of service repositories on the Web. Counting with well-organized collections of Web services promotes the efficiency of Web service discovery, search, selection, substitution, and invocation. In recent years, methods inspired by nature using biological analogies have been adapted for clustering problems, among which genetic algorithms, evolutionary strategies, and algorithms that imitate the behavior of some animal species have been implemented. Computation inspired by nature aims at imitating the steps that nature has developed and adapting them to find a solution of a given problem. In this chapter, we investigate how biologically inspired clustering methods can be applied to clustering Web services and present a hybrid approach for Web services clustering using the Arti-ficial Bee Colony (ABC) algorithm, K-means, and Consensus. This hybrid algorithm was implemented, and a series of experiments were conducted using three collections of Web services. Results of the experiments show that the solution approach is adequate and efficient to carry out the clustering of very large collections of Web services.",en,0,cs.AI,False,cs.AI,"[from_thinking] ical processes (like ABC algorithm), which are typically part of AI research, especially in optimization within machine learning contexts, I think it's more appropriate to categorize this under cs.AI.",10.84
708,"Recently, in the commercial and entertainment sectors, we have seen increasing interest in incorporating chatbots into websites and apps, in order to assist customers and clients. In the academic area, chatbots are useful to provide some guidance and information about courses, admission processes and procedures, study programs, and scholarly services. However, these virtual assistants have limited mechanisms to suitably help the teaching and learning process, considering that these mechanisms should be advantageous for all the people involved. In this article, we design a model for developing a chatbot that serves as an extra-school tool to carry out academic and administrative tasks and facilitate communication between middle-school students and academic staff (e.g., teachers, social workers, psychologists, and pedagogues). Our approach is designed to help less tech-savvy people by offering them a familiar environment, using a conversational agent to ease and guide their interactions. The proposed model has been validated by implementing a multi-platform chatbot that provides both textual-based and voice-based communications and uses state-of-the-art technology. The chatbot has been tested with the help of students and teachers from a Mexican middle school, and the evaluation results show that our prototype obtained positive usability and user experience endorsements from such end-users.",en,0,cs.AI,False,cs.AI,cs.AI,8.729
709,"In this paper, we present a generalization of the classical Bondi accretion theory for the case of non-isothermal accretion processes onto a supermassive black hole (SMBH), including the effects of X-ray heating and the radiation force due to electron scattering and spectral lines. The radiation field is calculated by considering an optically thick, geometrically thin, standard accretion disk as the emitter of UV photons and a spherical central object as a source of X-ray emission. In the present analysis, the UV emission from the accretion disk is assumed to have an angular dependence, while the X-ray/central object radiation is assumed to be isotropic. The influence of both types of radiation is evaluated for different flux fractions of the X-ray and UV emissions with and without the effects of spectral line driving. We find that the radiation emitted near the SMBH interacts with the infalling matter and modifies the accretion dynamics. In the presence of line driving, a transition from pure accretion to outflows takes place regardless of whether or not the UV emission dominates over the X-ray emission. Estimated values of the accretion radius and accretion rate in terms of the classical Bondi values are also given. The results are useful for the construction of proper initial conditions for time-dependent hydrodynamical simulations of accretion flows onto SMBH at the centre of galaxies.",en,7,cs.NA,False,cs.NA,cs.NA,8.785
710,"Little by little, we are entering the new era, intelligent interfaces are absorbing us more and more every day, and artificial intelligence makes its presence in a stealthy way. Virtual humans that represent an evolution of autonomous virtual agents; they are computer programs and in the future capable of carrying out different activities in certain environments. They will give the illusion of being human; they will have a body, and they will be immersed in an environment. They will have a set of senses that will allow them: 1) Sensations and therefore associated expressions; 2) Communication; 3) Learning; 4) Remembering events, among others. By integrating the above, they will have a personality and autonomy, so they will be able to plan with respect to objectives; allowing them to decide and take actions with their body, in other words, they will count on awareness. The applications will be focused on environments that they will inhabit, or as interfaces that will interact with other systems. The application domains will be multiple; one of them being education. This article shows the design of OANNA like an avatar with the role of pedagogical agent. It was modeled as an affective-cognitive structure related to the teaching-learning process linked to a pedagogical agent that represents the interface of an artilect. OANNA, has the necessary animations for intervention within the teaching-learning process.",en,0,cs.AI,False,cs.AI,cs.AI,6.79
711,"Dementia is a syndrome of chronic and progressive nature, characterized by the deterioration of cognitive functions and behavior, which causes a disability and dependence on others. Alzheimer’s Disease is a type of dementia that affects cognitive functioning, behavior, and overall functionality of those who suffer from the irremediably progressive form, as it is a neurodegenerative disease. For this reason, development of a reactive interface is proposed to be inserted in a cognitive stimulation program. This program offers a series of exercises of mental functions, in order to delay or slow down the progress of this illness. The reactive interface allows access to these exercises and incorporates a user profile that predicts the possible emotions that may be experienced during the work sessions. In order to accomplish this, a cognitive structure of emotions is developed to be included in the reactive profile. This will allow enhancement of the interaction between the system and the patient. The user’s emotional state may interfere, considering within the design stage the phenomenon of altered consciousness during this degenerative process. The consciousness represents the interface of human beings with our environment. This proposal allows us to obtain information related to the user’s emotional state during the performance of specific cognitive tasks, permitting us to optimize the proposed stimulation activities.",en,9,cs.SY,False,cs.SY,cs.SY,7.559
712,"The MHD equilibrium and stability calculations or stellarators are complex because of the intrinsic three-dimensional (3-D) character of these configurations. The stellarators expansion simplifies the equilibrium calculation by reducing it to a two-dimensional (2-D) problem. The classical stellarator expansion includes terms up to order epsilon/sup 2/, and the vacuum magnetic field is also included up to this order. For large-aspect-ratio configurations, the results of the stellarator expansion agree well with 3-D numerical equilibrium results. But for low-aspect-ratio configurations, these are significant discrepancies with 3-D equilibrium calculations. The main reason for these discrepancies is the approximation in the vacuum field contributions. This problem can be avoided by applying the average method in a vacuum flux coordinate system. In this way, the exact vacuum magnetic field contribution is included and the results agree well with 3-D equilibrium calculations even for low-aspect-ratio configurations. Using the average method in a vacuum flux coordinate system also permit the accurate calculation of local stability properties with the Mercier criterion. The main improvement is in the accurate calculation of the geodesic curvature term. In this paper, we discuss the application of the average method in flux coordinates to the calculation of the Mercier criterion for low-aspect-ratio stellarator configurations. 12 refs., 3 figs.",en,7,cs.NA,False,cs.NA,cs.NA,6.78
713,"In slab continuous-casting machines, the quality of the finished product mainly depends on the hydrodynamic behavior of the molten steel in the cavity of the continuous-casting mold, where the submerged entry nozzle is the central element. Recently, a nontraditional nozzle design was reported, where a solid barrier attached to the inner bottom wall of the nozzle divides its internal volume, particularly around the outlet ports. The solid barrier was named a flow divider. In this work, the effect of the flow divider is analyzed by comparing the performance of traditional nozzles with the performance of nozzles altered with the flow divider. The performance of the nozzles was evaluated experimentally, employing a scaled model of the mold section, using cold water as the working fluid. The shape of the nozzle outlet jets and the fluid flow pattern in the mold cavity were used to determine the performance of the nozzles. In addition, several factors affecting the process stability and the quality of the product were analyzed: the casting speed, the tilt of the nozzle outlet ports, and the injection of gas in the liquid stream entering the nozzle. The analysis showed that for the nozzles with the flow divider, (i) the outlet jets are narrow and symmetric, (ii) the symmetrical double-roll flow pattern in the mold cavity is obtained, (iii) the liquid-free surface is stable and has low distortions, and (iv) the flow divider neither increases the bubble breakage nor the coalescence between them.",en,7,cs.NA,False,cs.NA,cs.NA,8.95
714,"Digital image processing includes the application of isometric transformations, which do not modify neither the size nor the surface of an image and therefore the initial and the final images are geometrically congruent. There are three kinds of isometries: translation, symmetry (central and axial), and rotation. In a conventional computing system (ie CPU-RAM), isometric transformations are applied to digital images by a sequence of instructions, which implement the matrix operations of those transformations applied to each pixel of the image. Therefore, the time required to apply a transformation grows proportionally to the size of the image. In this work we show the design and implementation of a coprocessing unit able to apply in parallel eight basic isometric transformations to a digital image. The circuit was designed at register transfer level and described by a hardware description language. The circuit has been added as a coprocessor to a CPU-RAM-BUS system, all together forming an embedded system based on an FPGA. Using the inherent parallelism of hardware, any of the eight transformations can be obtained in a few clock cycles. The design of the circuit considered the lowest abstraction possible in order to obtain the best possible synthesis and, therefore, to better use the resources of the FPGA. A good performance in the processing using as few resources as possible is an ideal solution for image processing in a system with very low processing resources, such as mobile devices.",en,9,cs.SY,False,cs.CV,cs.CV,7.418
715,"An alternative for the crucial task of Optical Font Recognition (OFR) is proposed in this work; this is based on the analysis of texture characteristics of document images formed of pure text through the invariants moments technique. Page segmentation and paragraph structure analysis are out of the scope of this study. There is not need of explicit local analysis in our method since the central feature of it is the extraction of global characteristics from the analysis of textures. A printed text block with a unique font is suitable to provide the specific texture properties necessary for the process of recognition of the most commonly used fonts in the Spanish language (Courier, Arial, Bookman Old Style, Franklin Gothic Medium, Comic Sans, Impact, Modern and Times New Roman), and their respective styles (regular, italic, bold, italic with bold). The invariant moment technique is used in this study to extract the font characteristics; from an entry text set a data base was build for the learning stage, and then standard statistical classifiers were applied for the identification stage. Three main results were obtained. First, the number of performed operations was lower with respect to other studies [8],[1]. Second, as opposed to what the theory predicts [3], we found that the invariant moments change significantly when the textures are rotated and scaled as digital images. And third, the introduction of random noise over the samples yielded good levels of classification with an average of 95%.",en,0,cs.AI,False,cs.CV,cs.CV,5.928
716,"Forest management planning requires a permanent collection of data on the distribution, composition, and structure of the stands that conform a woodland. These data serve as the basis for suggesting the most appropriate management scheme according to the natural resource conditions and management objectives. It is common for the collected databases’ structure and dimension to hinder their analysis using traditional descriptive techniques. Therefore, alternative methodologies are required to facilitate both the exploration of data properties and their collective behavior. We used complex networks analysis to identify distribution patterns of topographic, biological, and productive conditions of a managed forest, suggesting its functional zoning. The forest was considered a graph consisting of nodes and edges; the stands served as nodes and interactions between them as edges. Degree, clustering coefficient, triangles, and modularity were used as segregation and connectivity metrics to evaluate forest properties and allocate stands to five predefined potential forest uses (zones). The clustering coefficient metric provided the better graph partition, allowing to obtain the best alternatives for zoning the forest in conservation areas, areas with potential for timber production, and carbon storage. Proposing forest functional zoning through complex network theory is a powerful methodological option to represent the spatial and nonspatial interactions among the relevant attributes defining a forest ecosystem condition.",en,7,cs.NA,False,cs.DS,cs.DS,7.804
717,"Purpose: This article seeks to establish a statistical analysis to estimate the time of stoppages in a stamping line, which have a high variability that generates an unreliable scenario for the production program. Likewise, this document shows the methodological sequence to carry out a statistical analysis in a case study at an industrial level, considering variables of a real scenario.
Design/methodology/approach: The methodological sequence is divided into five stages. Initially, the information of the stamping process was collected, later the types of stoppage were categorized according to the characteristics of the process. A collection of historical data information on stoppage times was carried out. With the information collected, the percentage frequency of occurrence of stops due to tool changes and incidents in the process was determined, and they were characterized by a Weibull distribution. Finally, to verify the effectiveness of the downtime behavior, a model was developed to simulate the availability of the stamping line in the Vensim Ple® program.
Findings: The model showed that the frequency analysis and the Weibull distribution obtained a similar behavior to reality. The study verified that it is necessary to establish a categorization of the characteristics of the downtimes, according to the characteristics of the pieces produced to evaluate the information, in this way, the times of change by tooling were established through a frequency of use and the stoppages by additional incidences to the process were better.",en,9,cs.SY,False,cs.NA,cs.NA,7.983
718,"Semantic relationships between words provide relevant information about the whole idea in the texts. Existing embedding representation models characterize each word as a vector of numbers with a fixed length. These models have been used in tasks involving text classification, such as recommendation and question–answer systems. However, the embedded information provided by semantic relationships has been neglected. Therefore, this paper proposes an approach that involves semantic relationships in embedding models for text classification, which is evaluated. Three embedding models based on semantic relations extracted from Wikipedia are presented and compared with existing word-based models. Our approach considers the following relationships: synonymy, hyponymy, and hyperonymy. They were considered since previous experiments have shown that they provide semantic knowledge. The relationships are extracted from Wikipedia using lexical-syntactic patterns identified in the literature. The extracted relationships are embedded as a vector: synonymy, hyponymy–hyperonymy, and a combination of all relationships. A Convolutional Neural Network using semantic relationship embeddings was trained for text classification. An evaluation was carried out for the proposed relationship embedding configurations and existing word-based models to compare them based on two corpora. The results were obtained with the metrics of precision, accuracy, recall, and F1-measure. The best results for the 20-Newsgroup corpus were obtained with the hyponymy–hyperonymy embeddings, achieving an accuracy of 0.79. For the …",en,0,cs.AI,False,cs.CL,cs.CL,8.308
719,"The increasing volume of medical information available in digital format presents a significant challenge for researchers seeking to extract relevant information. Manually analyzing voluminous data is a time-consuming process that constrains researchers’ productivity. In this context, innovative and intelligent computational approaches to information search, such as large language models (LLMs), offer a promising solution. LLMs understand natural language questions and respond accurately to complex queries, even in the specialized domain of medicine. This paper presents MédicoBERT, a medical language model in Spanish developed by adapting a general domain language model (BERT) to medical terminology and vocabulary related to diseases, treatments, symptoms, and medications. The model was pre-trained with 3 M medical texts containing 1.1 B words. Furthermore, with promising results, MédicoBERT was adapted and evaluated to answer medical questions in Spanish. The question-answering (QA) task was fine-tuned using a Spanish corpus of over 34,000 medical questions and answers. A search was then conducted to identify the optimal hyperparameter configuration using heuristic methods and nonlinear regression models. The evaluation of MédicoBERT was carried out using metrics such as perplexity to measure the adaptation of the language model to the medical vocabulary in Spanish, where it obtained a value of 4.28, and the average F1 metric for the task of answering medical questions, where it obtained a value of 62.35%. The objective of MédicoBERT is to provide support for research in the field of natural language …",en,0,cs.AI,False,cs.CL,cs.CL,7.372
720,"We present the photometric and kinematic characterization of two groups, USGC U268 and USGC U376 located in different regions of the Leo cloud. U268, composed of 10 catalogued members and 11 new added members, has a small fraction (~24%) of early-type galaxies (ETGs). U376 has 16 plus 8 new added members, with ~38% of ETGs. We find the presence of significant substructures in both groups suggesting that they are likely accreting galaxies. U268 is located in a more loose environment than U376. For each member galaxy, broad band integrated and surface photometry have been obtained in far-UV and near-UV with GALEX, and in u,g, r, i, z (SDSS) bands. H_alpha imaging and 2D high resolution kinematical data have been obtained using PUMA Scanning Fabry-Perot interferometer at the 2.12 m telescope in San Pedro M\'artir, (Baja California, M\'exico). We improved the galaxy classification and we detected morphological and kinematical distortions that may be connected to either on-going and/or past interaction/accretion events or environmental induced secular evolution. U268 appears more active than U376, with a large fraction of galaxies showing interaction signatures (60% vs. 13%). The presence of bars among late-type galaxies is ~10% in U268 and ~$29% in U376. The cumulative distribution of (FUV - NUV) colours of galaxies in U268 is significantly different than that in U376 with galaxies in U268 bluer than those in U376. In the (FUV-r vs. M_r) and (NUV-r vs. M_r) planes no members of U268 are found in the `red sequence', even early-type galaxies lie in the `blue sequence' or in the `green valley'. Most (80%) of …",en,7,cs.NA,False,cs.LG,"[from_thinking] s, maybe that involves machine learning (cs.LG). But again, the abstract doesn't mention any ML techniques. It's more about observational data and classifications done by humans or traditional methods",10.697
721,"High Performance Computing (HPC) or Supercomputing have the power to contribute in an important way to the research and development of a country and to improve and reform many industrial sectors. Researchers at universities and engineers in diverse industries, have come to depend on the power of these machines to compute high volumes of data for finding the results they are looking for. Complex calculations in many cases require high volumes of data that would have taken hours, days, and sometimes weeks or months to process two to three decades ago. But now a days with the processing power that HPC machines manage, we are able to move faster with our results to save time, money, and often sometimes lives. On the other hand, we can now perform numerical simulations with a much higher resolution that is translated into producing results which better reproduce the physical world in which we live. As an example of an HPC initiative that could boost the development of an industry in a country, we mention that the Mexican government and the European Union (EU) decided to collaborate to improve their energy industries, which provided an opportunity for EU HPC researchers to team up with Mexican colleagues. The aim? To provide solutions for the oil and gas industry, improve wind energy performance, and solve issues of combustion efficiency for transportation systems. Recently launched in Barcelona (June 2019), ENERXICO, a new project jointly funded by the EU and the Mexican government, brought together 15 institutions in an academic-industry collaboration to solve real-world engineering problems. It focused on …",en,7,cs.NA,False,cs.NA,cs.NA,9.224
722,"Supercomputing is rapidly being recognized as more than an essential tool and instrument for contemporary science and technology. It has turned out to be, together with the development of basic theory and experimentation, the third crucial pillar for the improvement of our understanding of nature, the analysis of society, and technological advancement. Nowadays, current research in applied mathematics, physics, biology, engineering, medicine, and environmental sciences relies more and more on supercomputing, allowing us to expand basic research and experimentation in areas such as astrophysics, cosmology, fluid dynamics, elementary particle physics, medicine, and life sciences. Supercomputing has proven to be equally essential for developing and understanding a wide range of advanced science and technology topics that are directly related to our daily lives, including scientific global warming forecasting, simulations of natural disasters that help minimize the damage from events such as earthquakes, tsunamis, torrential rains, and typhoons among others. Other areas benefiting from supercomputing are genome analysis for gene therapy and protein analysis for drug design, the development of new devices and materials, car crash simulations, jet engine design, and many more. High-performance computing (HPC) enables the design of models and running computer simulations of phenomena before passing through an experimental phase, with great economic savings, but more importantly allowing us to provide results within days or weeks when months or even years were required in the past. Technology today is more than …",en,7,cs.NA,False,cs.NA,cs.NA,10.097
723,"In this paper, we present the classical Bondi accretion theory for the case of non-isothermal accretion processes onto a supermassive black hole (SMBH), including the effects of X-ray heating and the radiation force due to electron scattering and spectral lines. The radiation field is calculated by considering an optically thick, geometrically thin, standard accretion disk as the emitter of UV photons and a spherical central object as a source of X-ray emission. In the present analysis, the UV emission from the accretion disk is assumed to have an angular dependence, while the X-ray/central object radiation is assumed to be isotropic. This allows us to build streamlines in any angular direction we need to. The influence of both types of radiation is evaluated for different flux fractions of the X-ray and UV emissions with and without the effects of spectral line driving. We find that the radiation emitted near the SMBH interacts with the infalling matter and modifies the accretion dynamics. In the presence of line driving, a transition resembles from pure type 1 & 2 to type 5 solutions (see Fig2.1 of Frank etal. 2002), which takes place regardless of whether or not the UV emission dominates over the X-ray emission. We compute the radiative factors at which this transition occurs, and discard type 5 solution from all our models. Estimated values of the accretion radius and accretion rate in terms of the classical Bondi values are also given. The results are useful for the construction of proper initial conditions for time-dependent hydrodynamical simulations of accretion flows onto SMBH at the centre of galaxies.",en,7,cs.NA,False,cs.NA,"[from_thinking] these categories fit because it's more about physics and astronomy, which aren't covered under the given CS categories. But since I have to choose from the provided options, maybe cs.NA is the closest",10.536
724,"Themixed postman problem consists of finding a minimum cost tour of a mixed graphM=(V,E,A) traversing all its edges and arcs at least once. We prove that two well-known linear programming relaxations of this problem are equivalent. Theextra cost of a mixed postman tourT is the cost ofT minus the cost of the edges and arcs ofM. We prove that it isNP-hard to approximate the minimum extra cost of a mixed postman tour. A related problem, known as thewindy postman problem, consists of finding a minimum cost tour of an undirected graphG=(V,E) traversing all its edges at least once, where the cost of an edge depends on the direction of traversal. We say thatG iswindy postman perfect if a certainwindy postman polyhedron O(G) is integral. We prove that series-parallel undirected graphs are windy postman perfect, therefore solving a conjecture of Win. Given a mixed graphM=(V,E,A) and a subsetR &# 8838;E &# 8746;A, we say that a mixed postman tour ofM isrestricted if it traverses the elements ofR exactly once. Therestricted mixed postman problem consists of finding a minimum cost restricted tour. We prove that this problem isNP-hard even ifR=A and we restrictM to be planar, hence solving a conjecture of Veerasamy. We also prove that it isNP-complete to decide whether there exists a restricted tour even ifR=E and we restrictM to be planar. Theedges postman problem is the special case of the restricted mixed postman problem whenR=A. We give a new class of valid inequalities for this problem. We introduce a relaxation of this problem, called theb-join problem, that can be solved in polynomial time. We give an algorithm which is …",en,4,cs.DS,False,cs.DS,cs.DS,7.242
725,"Three experiments were carried out to determine the optimum selenium-vitamin E injection level to maintain acceptable blood selenium (Se) status of does and kids, as well as to determine the relation of that status to mortality rates in kids. In experiment 1, 238 goats were assigned to one of three groups during the mating period: A1-control, A2- 0.06mgSe+0.8IU vitE/kgBW and A3-0.125mgSe+1.7IU vitE/kgBW. No differences (P>.05) for fertility and prolificacy were observed among the groups. Blood Se concentration did not differ among Se-vit E groups and control group before injection, and both groups showed Se deficient condition. There was a trend (P<.05, 32%) to increase Se blood level 60 days post-treatment, but difference was not observed between A2 and control groups, while difference (P<.05; 103%) was observed between A1 and A2 groups vs high Se injection (A3 group). In experiment 2, 48 goats were divided into four groups: B1- control, B2- 0.125mgSe+1.7IU vitE/kgBW, B3- 0.25mgSe+3.4IU vitE/kgBW and B4- 0.31mgSe+4.2IU vitE/kgBW. The B4 group reached the highest concentration at the third month after injection (0.11 ppm), then started to decline after 100 days, reaching a value slightly higher than B2 and B3 on the 135th day of pregnancy. Results of B2 and B3 groups were slightly higher that those of B1 (P<0.05). In experiment 3, 194 kids (3 to 7 days postpartum) born from Se-deficient goats were used to compare the effectiveness of Se injection. They were divided into three groups: C1- control, C2- 0.3mgSe+4.2IU vit E/kg BW and C3- 0.6mgSe+8.4IU vit E/kg BW. C1 showed the highest percentage of mortality (60%) as …",en,9,cs.SY,False,cs.NA,cs.NA,8.476
726,"Quality control tools are taught in engineering careers to analyze and try to solve problems in the production of goods and in the performance of service businesses. Those tools can be used to analyze and understand many problems. The coronavirus pandemic has caused many problems around the world, like many people infected in people’s agglomerations in public transportation, in celebrations like parties, in political rallies and in public markets because of the people not wearing masks. A Pareto diagram clearly shows the most dangerous comorbidities in case of covid-19 infection. A lot of doctors and nurses have been contagious around the world in many cases because of lack of protection materials for them, hopefully health and safety procedures (check lists) and Poka Yoke devices are being created and implemented to reduced contagion. In this paper we identified and analyzed some covid-19 caused problems using basic quality control tools and for some cases we proposed solutions to them. Examples of a Pareto Diagram in analyzing the death rate in age ranges is used to explain the decrement in deaths in the United States of America if certain age groups are first vaccinated, an Ishikawa Diagram is used to analyze the ineffective distant learning in Mexico, a Check List is elaborated to avoid contagion in shopping and a Dispersion Diagram is used to find a relation between the number of contagious and the number of deaths in many countries of the world. Some other tools are briefly explained and some problems which could be analyzed with those are identified. The examples could enhance the interest of the students in …",en,9,cs.SY,False,cs.SY,"[from_thinking] ol since it's about managing processes (like health and safety procedures). So maybe cs.SY. But I'm not entirely certain.

Alternatively, considering that the abstract doesn't fit into any CS category",10.432
727,"Some recommendations have been made that vehicles should travel at certain speeds in order to reduce their fuel consumption because gasoline and diesel are currently very expensive in many countries. There is also the menace of fuel shortages approaching the near future in some parts of the world. These recommendations are based on the fact that on the road the fuel economy of a vehicle increases while travelling at cruise speed without acceleration, as it is shown in this paper. Some of the vehicles on the road are the heavy-duty vehicles which transport people, food, medicine, minerals, gasoline, diesel, and many other goods to keep the economy of any country running. The vast majority of heavy-duty vehicles on the road in the world still move with diesel engines. In this paper it is demonstrated, for the cases examined with heavy duty vehicles, that the fuel economy of vehicles depends on several factors which include the load transported, the acceleration to reach cruise speed, the engine, the gearbox, the wheels, the final drive, the maximum driving speed of the vehicles and the slope of the roads. The reduction of fossil fuels consumption in road transportation also reduces the emision of carbon dioxide to the atmosphere, a greenhouse gas which contributes to global climate change. For some of the cases studied the carbon dioxide emissions are also calculated. Savings in fuel consumption in dollars by driving at the best constant speeds and the reduction in the environmental cost caused by less emissions of carbon dioxide are reported. The calculations in this paper have been carried out using UAMmero, a computer program …",en,7,cs.NA,False,cs.NA,cs.NA,6.705
728,"Mexico imports most of the technology it needs to solve its big national problems. For example, Mexico imports more than 96% of the technology it uses. The main product of Mexican scientists and engineers are papers which are published in many Mexican or international journals and books. For real every-day industrial needs Mexico imports technology. Mexico produced 3.4 million vehicles in the year 2016 and exported 2.5 million vehicles to the United States, however those products are mostly assembled in the country from parts imported by Mexico. Mexico frequently imports software to analyze its national problems; however, not all this software is adequate for the country’s conditions and in certain cases does not exist for certain problems. For example, at the end of the year 2012 the Mexican government tried to promulgate a Mexican regulation for fuel consumption and carbon dioxide for new heavy duty vehicles but there was not an appropriate computational tool to calculate the fuel consumption of those vehicles. The Greenhouse Gas Emissions Model (GEM) from the US Environmental Protection Agency was not appropriate because of the characteristic operations of the heavy-duty vehicles in Mexico. The Mexican roads and the configurations of the vehicles in this country are very different to those modeled in the GEM. In this work it is described how at the Mexican Universidad Autónoma Metropolitana a multidisciplinary team of undergraduate students was put together to study the problem of fuel consumption and contaminants of the Mexican vehicle fleet, in particular of the heavy duty fleet. In this paper, it is described how students …",en,9,cs.SY,False,cs.LG,"[from_thinking] s cs.LG because machine learning is often used for predictive modeling in such contexts.

Wait, but maybe it's more about systems or numerical methods. Hmm. The example given is about fuel consumption",10.5
729,"Many typically good paying jobs have not yet recovered to the pre-pandemic level in many countries. On the other hand, due to the use of many digital technologies to order, store and deliver goods during the pandemic, many professionals were and are still needed for creating computer applications, data management and in analytics (aside from blue collar workers needed in call centers, warehouses, and delivery services). However, not many people are qualified because there were not many careers created in those fields mainly in developing countries. Despite that, the current demand for this type of talent is high. Therefore, many higher education institutions and small colleges may take the opportunity and offer the essentials of basic higher education and training needed for some of those jobs. Some younger individuals might not want to go back and be confined in a classical classroom after having tasted the “freedom of virtual education” which could even be accessed through a cell phone anywhere and at any time. This could be the beginning of Education-To-Go schools all around the world but mainly in underdeveloped countries, an education which would be affordable, quick, and very specific and aiming to certify some professional skills. This education would be tailored to fit the needs for the vacancies that are urged for the market to fill. Mainly the schools which would prepare those young adults could hire fewer teachers who would prepare or assemble the course materials and make them available on the school websites. This practice on the other hand will contribute to the “uberization of education” and drastically change the …",en,0,cs.AI,False,cs.LG,cs.LG,10.168
730,"This work presents the results of the analysis of the turbulent flow inside a Submerged Entry Nozzle and outside the ports of a model usingvisualization and PIV techniques. The Submerged Entry Nozzle model consists of a vertical, constant diameter tube with two rounded exitports found at the bottom with a downward angle of 15◦ each. The visualization method is the first step in analyzing the characteristics of theport’s internal and external flow. To enhance the visualizations, a LED light source is employed to illuminate the Submerged Entry Nozzle, which reduces the reflections in the images. Also, a transparent cell consisting of a cubic volume with reduced dimensions was used tocapture images from the high-speed camera and to record the flow pattern. To calculate the fluid velocity within the Submerged Entry Nozzleand close to the exit ports, laser-illuminated Particle Imaging Velocimetry was used. We confirm the previously reported formation of vorticalstructures closed to the exit ports that interact with each other altering the swirl motion of the exit flow, previously reported. Visualization andParticle Imaging Velocimetry results were compared with the numerical simulations results. Experimental scaled model and ComputationalFluid Dynamics results were used to enhance the findings of the Submerged Entry Nozzle internal flow. On the other hand, physical modeland Smoothed-Particle Hydrodynamics results were used to expand the information of the jet flow outside the exit ports. Both physical andnumerical results display a high turbulent flow behavior close to and off the exit ports of the Submerged Entry Nozzle. Experimental …",en,7,cs.NA,False,cs.CV,cs.CV,8.41
731,"There are many formidable and complex worldwide problems which can be analyzed using quality control tools that spark the interest of engineering students because they are currently important problems which impact their lives. Nowadays, there is a very important discussion on the phasing out of fossil fuels and the increment in the use of renewable energy sources to produce electricity. Solar and wind sources have the disadvantage that they are intermittent and on some days there may not be enough electricity produced from them. Therefore, the supply is reduced despite that the demand is constant or even increased during extreme weather conditions. In Mexico, there is a national debate about modifying several constitutional amendments to the Mexican energy reform of 2013 which allowed private generators to take over most of the electricity market. Among the main questions to answer in Mexico are: is it true that generating electricity from renewable energy sources leads to lower prices for the population? In the case of Mexico, why does the government complain about the electricity generation schemes legally allowed for private generators? The students must learn how to use engineering tools to reach the root of these problems and that there is also the need to search for hard data. The issues are so numerous and complex that a large part of the population is confused about who is right. In class the analysis is sketched, the students are very interested, and participate very actively in the discussion. However, the problem is not analyzed completely because of the time constraints. In this paper we show the analysis of these problems …",en,9,cs.SY,False,cs.DS,"[from_thinking] esn't fit any CS category well, but given the options, I need to pick.

Wait, perhaps the paper is more about policy and not directly computer science. But since all categories are within CS, maybe cs",10.43
732,"It is difficult to separate technology from education because technology is embedded in teaching. The best technology for teaching is the one that does not interfere with the communication between the teacher and the students. In other words, it should be barely “noticeable” in how it is used, and easy enough to use that it does not require special training, such as window in a room to see the flowers outside, without interfering in any way. The technology used during an in-person classes is so basic, transparent, and simple, since it consists of a classroom, chairs, blackboard and pieces of chalk. However, a piece of chalk could break. In this case, the flow of information is interrupted; which is why the plastic whiteboards and markers are preferable and cleaner. An electronic board may seem to be better with its many improvements with computers; however, its higher technology could get in the way if it is not used properly. During the pandemic, different technologies, like computers and cell phones, connected to internet were massively used. Yet, computers and cell phones with the appropriate software and apps had an additional cost; with no guarantee of antivirus applications against viruses or worms, leaving aside protection for documents, software and hardware. On top of that, a Zoom, Google or any similar online platform was necessary. Using these platforms, other technologies had to be relied on, including Ethernet or a USB adapter. On the other hand, in developing countries before the pandemic, low-tech was used by most students to store and pass information to their peers and teachers. They would use mainly pens and notebooks to …",en,2,cs.CR,False,cs.SY,cs.SY,8.514
733,"The process of bar formation, evolution and destruction is still a controversial topic regarding galaxy dynamics. Numerical simulations show that these phenomena strongly depend on physical and numerical parameters. In this work, we study the combined influence of the softening parameter, ϵ and disc mass fraction, md, on the formation and evolution of bars in isolated disc-halo models via N-body simulations with different particle resolutions. Previous studies indicate that the bar strength depends on md as ∝md−1, which is seen as a delay in bar formation. However, the distorsion parameter, η, which measures the bar’s momentum through time, shows that an increase in md does not always induce a delay in bar formation. This suggests that ϵ interact to either enhance or weaken the bar. Moreover, numerical heating dominates in models with small softening values, creating highly accelerated particles at the centre of discs, regardless of md or resolution. These enhanced particle accelerations produce chaotic orbits for ϵ≤5 pc, resulting in bar suppression due to collisional dynamics in the centre. In our high-resolution models (N≈107), small softening values are incapable of reproducing the bar instability. The role of disc mass is as follows: increasing md for moderate ϵ (≥10 pc) reduces the amount of drift in the acceleration profile, without affecting the bar’s behaviour. Models with lower md values, coupled with small softening values, have an excess of highly accelerated particles, introducing unwanted effects into otherwise reliable simulations. Finally, we show that the evolution of the disc’s vertical acceleration profile is a reliable …",en,7,cs.NA,False,cs.NA,cs.NA,8.417
734,"A stability condition for localized perturbations applicable in principle to torsatrons and heliacs (but not excluding to extend it to other kind of stellarators as, for example, Helias) will be developed. The criterion is to be obtained by expanding the equilibrium quantities around the radial position where the second derivative of the volume is equal to zero (V``=0). Then we evaluate the Mercier criterion and solve the ballooning equation. The reason to choose this particular point is the following. It is the transition point from a region with magnetic well to a region with magnetic hill, and unstable stellarator configurations have unstable regions around that surface. In this way it will be found in this region the minimum of the Mercier criterion. That minimum must not be exactly where V``=0. This is the reason we do the expansion and we do not evaluate just the criteria on the point where V``=0. With this approach we expect to gain insight on the unstabilizing mechanism for stellarators. In contrast to other methods, like the stellarator expansion, no average is done in any generalized toroidal angle. After fixing the notation, we will determinate the quantities necessary to evaluate the criterion and the algorithm to obtain them. We have tested the algorithm by applying it to axisymmetric configurations in the large aspect ratio limit and to helically symmetric stellarator with an undefined number of periods and an l=2 stellarator modelling the ATF torsatron.In the last case, the analytical and numerical results were in good agreement up to a <{beta}of 1,5% approximately. Current effort is devoted to heliacs. (author) 4 refs., 2 figs.",en,7,cs.NA,False,cs.NA,cs.NA,7.421
735,"This work presents the results of the analysis of the turbulent flow inside a Submerged Entry Nozzle and outside the ports of a model using visualization and PIV techniques. The Submerged Entry Nozzle model consists of a vertical, constant diameter tube with two rounded exit ports found at the bottom with a downward angle of 15o each. The visualization method is the first step in analyzing the characteristics of the port’s internal and external flow. To enhance the visualizations, a LED light source is employed to illuminate the Submerged Entry Nozzle, which reduces the reflections in the images. Also, a transparent cell consisting of a cubic volume with reduced dimensions was used to capture images from the high-speed camera and to record the flow pattern. To calculate the fluid velocity within the Submerged Entry Nozzle and close to the exit ports, laser-illuminated Particle Imaging Velocimetry was used. We confirm the previously reported formation of vortical structures closed to the exit ports that interact with each other altering the swirl motion of the exit flow, previously reported. Visualization and Particle Imaging Velocimetry results were compared with the numerical simulations results. Experimental scaled model and Computational Fluid Dynamics results were used to enhance the findings of the Submerged Entry Nozzle internal flow. On the other hand, physical model and Smoothed-Particle Hydrodynamics results were used to expand the information of the jet flow outside the exit ports. Both physical and numerical results display a high turbulent flow behavior close to and off the exit ports of the Submerged Entry Nozzle. Experimental and …",en,7,cs.NA,False,cs.NA,cs.NA,6.16
736,"Plant diseases cause economic losses and health risks, such as aflatoxins linked to liver cancer. These toxins, produced by fungi like Aspergillus flavus in figs, are often detected late through invasive methods or visual inspection. Since Spain, particularly Extremadura, is a key fig producer, alternative detection methods are essential to preventing aflatoxins in the food chain. The aim of this research is the early detection of Aspergillus flavus fungus using non-invasive techniques with hyperspectral imaging and applying artificial intelligence techniques, in particular deep learning. The images were taken after inoculation of the microtoxin using 3 different concentrations, related to three different classes and healthy figs (healthy controls). The analysis of the hyperspectral images was performed at the pixel level. Firstly, a fully connected neural network was used to analyze the spectral signature associated with each pixel; secondly, the wavelet transform was applied to each spectral signature. The resulting images were fed to a convolutional neural network. The hyperparameters of the proposed models were adjusted based on the parameter tuning process that was performed. The results are promising, with 83% accuracy, 82.75% recall, and 83.25% F1-measure for the fully connected neural network. The high F1-measure demonstrates that the model’s performance is good. The model has a low incidence of false positives for samples that contain aflatoxin, while a higher number of false positives appears in healthy controls. Due to the presence of false negatives, this class also has a high recall. The convolutional neural network results, accuracy …",en,0,cs.AI,False,cs.LG,cs.LG,5.636
737,"I. INTRODUCTION. It ii well known that an equilibrium to be used for stability calculations must be extremely accurate. These high accuracy requirements, in a fixed boundary calculation, are translated into high accuracy in the representation of the boundary. These requirements are even stricter for stellarator configurations, for which all the information about the magnetic configuration is given externally through the boundary. Many Fourier components are required to accurately represent the boundary input from a realistic coil system. For torsatron-type configurations, as many as 50 components can be needed to describe the last closed magnetic surface for the vacuum field. For a heliac configuration, the number of components can go up to 200. Of course, still more components are needed to represent a non-zero-beta equilibrium. This problem is discussed in detail in Ref. 1 for the case of Heliacs. For 3-D calculations, there is another question of accuracy that does not apply to stability calculations for axisymmetric systems. This is the role of resonant components in the calculation of the geodesic curvature<> r the Pfirsch-Schltiter current. As Booker2 argues, local flattening of the pressure profile eliminates the singularities generated by these resonant components. However, to implement it in a numerical calculation and to eliminate the resonant components, it is necessary to work in a coordinate system with straight magnetic field lines. This creates another problem, since the equilibrium representation in a straight magnetic field lines coordinate system requires many more components than the optimal equilibrium representation developed by …",en,7,cs.NA,False,cs.NA,cs.NA,7.247
738,"the field of distributed artificial intelligence makes a distinction between cognition and reactive multi-agent systems. Cognitive agents have a symbolic and explicit representation of their environment in which they can reason and from which they can make predictions. Cognitive agents are directed by intentions, that is, by specific objectives established in their behaviors. The above allows them to choose between possible actions. Emotions represent an important element on the decision-making process, since they have an adaptive value. This paper proposes an action-selection mechanism for multi-agent reactive architecture, which takes emotions into account in order to enrich the information with this perspective. Including emotions on this process involves the ability to choose from a range of behaviors according to what is desired, and being able to make the best decision according to the state of the environment which implies a level of awareness about relevant environmental events and its potential consequences. In the case of the study, we want to highlight the behavior of the individual within a society by involving, within a whole, the external motivations (environment) and internal motivations (emotions, cognition and needs); besides involving some random variables of genetic type such as: being more irritable or having a bigger size for confrontations. In this case we leave implicit the behavior previously implied in an animat within a society; where these behaviors are replicated with the only difference of the genetic characteristics and the dynamic events of the environment. The cognitive structure of emotions is used as the base for its …",en,0,cs.AI,False,cs.AI,cs.AI,7.484
739,"In this paper we present a mining project about extracting knowledge from public documents concerning air pollution. Our collection contains annual reports about air quality, acid rains, climatological conditions in the large area of Mexico City. These reports contain reliable data and are generated by the Department of Environment, they are in a printable format (. pdf file) with number of pages, table of content, textual information, numerical information in tables, images. For a human being it is impossible to read the whole collection during a relatively short period (a few days or weeks) and understand the content of them. An automatic box of tools able to extract knowledge, to quick retrieve important term, to answer some exact questions about precise climate parameters would be an important help for lecturers. We will describe our project based upon a text and data mining process; the aims of the complex process are extract frequent temporal pattern, to extract association rules, to integrate also some information retrieval simple tools. In parallel, some data mining techniques will be used to detect the same types of data presented in every report and then to extract a numerical datamart containing climatological data structured by month, year, geographical area. The datamart will be analyzed also. The main steps of our mining process are: preparing documents (cleaning, removing images, table of contents, footnotes), transforming in structured document (in a XML format with a precise DTD), indexing, various algorithms and methods of mining, visualising results and validating knowledge. We think also that our methodology will concern also other …",en,0,cs.AI,False,cs.CL,cs.CL,7.867
740,"Topic discovery involves identifying the main ideas within large volumes of textual data. It indicates recurring topics in documents, providing an overview of the text. Current topic discovery models receive the text, with or without pre-processing, including stop word removal, text cleaning, and normalization (lowercase conversion). A topic discovery process that receives general domain text with or without processing generates general topics. General topics do not offer detailed overviews of the input text, and manual text categorization is tedious and time-consuming. Extracting topics from text with an automatic classification task is necessary to generate specific topics enriched with top words that maintain semantic relationships among them. Therefore, this paper presents an approach that integrates text classification for topic discovery from large amounts of English textual data, such as 20-Newsgroups and Reuters Corpora. We rely on integrating automatic text classification before the topic discovery process to obtain specific topics for each class with relevant semantic relationships between top words. Text classification performs a word analysis that makes up a document to decide what class or category to identify; then, the proposed integration provides latent and specific topics depicted by top words with high coherence from each obtained class. Text classification accomplishes this with a convolutional neural network (CNN), incorporating an embedding model based on semantic relationships. Topic discovery over categorized text is realized with latent Dirichlet analysis (LDA), probabilistic latent semantic analysis (PLSA), and latent semantic …",en,0,cs.AI,False,cs.CL,cs.CL,4.125
741,"Topic discovery is finding the main idea of large amounts of textual data. It indicates the recurring topics in the documents, allowing an overview of the texts. Current topic discovery models receive the texts, with or without pre-processing of Natural Language Processing. The processing consists of stopwords removal, text cleaning and normalization (lowercase conversion). A topic discovery model that receives texts with or without processing generates general topics since the input data is many uncategorized texts. The general topics do not offer a detailed overview of the input texts, and manual text categorization is a time-consuming and tedious task. Accordingly, it is necessary to integrate an automatic text classification task in the topic discovery process to obtain specific topics with their top words that contain relevant relationships based on belonging to a class. Text classification performs a word analysis that makes up a document to decide what class or category is being identified; then, integrating the text classification before a topic discovery process will provide latent topics depicted by top words with a high coherence in each topic based on the previously obtained classes. Therefore, this paper exposes a approach that integrates text classification into topic discovery from large amounts of English textual data, such as 20-Newsgroup and Reuters corpora. The text classification is accomplished with a Convolutional Neural Network (CNN) incorporating three embedding models based on semantic relationships. The topic discovery over categorized texts is realized with Latent Dirichlet Analysis (LDA), Probabilistic Latent Semantic Analysis …",en,0,cs.AI,False,cs.CL,cs.CL,6.319
742,"This study examines the release kinetics of hydrophilic drugs from inert and porous matrices structured as body-centered cubic (bcc) lattices, utilizing Monte Carlo simulations for analysis. In this research, we examined a sphere with three distinct radii and a cylinder with three varying height-to-radius ratios. For each sample, we assessed the kinetics of drug release at varying drug concentrations and modeled the release by simulating the random diffusion of drug particles to the device's boundaries. The comparison of release profiles highlighted the influence of size, geometry, and connectivity on the kinetic parameters and essential properties. Enhancing the area-to-volume ratio leads to a diminished rate of drug release. Similarly, an escalation in size, as indicated by the ratio 1: 18: 55, results in a reduced drug release rate. Additionally, our findings reveal that the quantity of drug retained indefinitely is greater within a body-centered cubic (bcc) lattice matrix compared to a simple cubic (cs) lattice structure. In both geometrical configurations, the trapped drug is independent of the system's scaling in comparison to a cs lattice. Furthermore, our analysis reveals that at larger scales, with a drug concentration above the theoretical percolation threshold, our system remains stable. The outcomes align with the empirical Higuchi equation and the Weibull function. Our findings concur with previously published experimental outcomes, suggesting that bcc connectivity is a reliable parameter for simulating diffusion processes in the drug release from solid pharmaceutical forms. This correlation supports the use of bcc connectivity as a predictive tool in …",en,7,cs.NA,False,cs.NA,cs.NA,9.077
743,"A layer of sheared poloidal velocity (or radial electric field) exists in the edge region of many toroidal devices. The presence of this layer has been associated with a reduction in the local level of turbulent fluctuations. This relationship can be a tool for increasing our ability to understand and to control edge fluctuation levels and transport. The authors have sought basic insights into this relationship using a model based on a familiar paradigm: drift wave turbulence. The underlying instability is the dissipative trapped-electron mode (DTEM). As a simplification, all the relevant nonlinear and electric-field effects have been combined into a single equation. This (relatively) simple form makes analytic predictions possible. In general, the presence of a sheared flow causes a change in the turbulent decorrelation time which can be associated with a decreased fluctuation level. For this model in particular, it is possible for the fluctuations to generate a mean poloidal flow, given certain conditions. The authors have undertaken a numerical test of these results with a highly-resolved radial grid, enough Fourier modes to ensure proper damping, and no additional perpendicular viscosity. The basic DTEM model saturates at a turbulent fluctuation level of a few percent. Although this is about five times the mixing-length estimate, the scaling with the density-gradient scale length is consistent with such an estimate. When a constant, sheared mean flow (or electric field) is introduced, the linear growth rate decreases, in good agreement with the analytic dispersion relation. The fluctuation level in the nonlinear saturated state is reduced. With no imposed flow, but …",en,7,cs.NA,False,cs.NA,cs.NA,7.621
744,"The studies of MHD stability properties of stellarator-type configurations are complicated by the three-dimensional (3-D) nature of the equilibrium of these configurations. Usually, the unstable modes are pressure-driven and very localized around the rational surface. The 3-D Mercier stability criterion for local instabilities [1] is therefore adequate for most of the stability studies. The method has been implemented in different 3-D equilibrium codes and is widely employed in stability calculations for stellarators. We use an average method based on vacuum flux coordinates [2] to study the equilibrium of low-aspect-ratio configurations. The specific vacuum flux coordinates (p, 0, cp) are those described by Boozer [3]. The radial variable is p, while 8 and cp are, respectively, poloidal and toroidal-like angles. The Jacobian is D= BV/pBogs-The only vacuum magnetic field covariant component different from zero is B^ g B, while BQTCP2 is the toroidal flux. At finite beta, to leading order, B^^ F and the averaged pressure p are functions of the averaged poloidal flux vjr only [2]. We have developed a computer code to invert the Grad-Shafranov-type equation for\|/, that results at lowest order [4]. The equilibria obtained are used to evaluate the 3-D Mercier criterion for local instabilities: DM= Ds+ D w+ Dj+ DG> 0
This form of the Mercier criterion utilizes the same conventions as that given in Reference [5]. Dg gives the stabilizing contribution of the shear, D^ is the contribution of the magnetic well, Dj is the contribution of net currents, and DQ gives the contribution due to the geodesic curvature. To calculate the integrals involved, we expand all the quantities in …",en,7,cs.NA,False,cs.NA,cs.NA,5.566
745,"Artificial intelligence is a real driver of the scientific and technological development, with a difficult horizon to assess. This chapter seeks to give a brief overview of this science and technology in order to understand their present condition and potential in the near future. Artificial intelligence is the simulation of human intelligence processes by machines, especially computer systems. Specific applications of AI include expert systems, natural language processing, speech recognition and machine vision. A challenging horizon to predict, artificial intelligence is a genuine force behind technological and scientific advancement. The chapter tries to analyze the various paradigms, models, and approaches, which has been discoursing artificial intelligence. To this end, the symbolic current, the connectionist model of neural networks, and the fuzzy cognitive maps are studied, to then move on to analyze the so-called computational intelligence, and the sub-symbolic current. From a chronological point of view, three paradigms in the development of artificial intelligence are considered: the initial or mono-block, the current paradigm of distributed artificial intelligence, and the starting paradigm of generative artificial intelligence. The first principally resulted in expert systems, which are quite useful, and the second in multi-agent systems and other models. To make the usage and efficacy of these systems and models clear, several examples are provided. Finally, some information on the efforts being made to try to integrate all current methodologies is provided, and a brief prediction regarding the third paradigm, generative artificial intelligence, is also included.",en,0,cs.AI,False,cs.AI,cs.AI,4.955
